Nombre,Peso,Categoria,Año,BV,Precio,A,C,V,Tech Base,Flamer,MG,Small Laser,Medium Laser,Large Laser,ER Small Laser,ER Medium Laser,ER Large Laser,Small Pulse Laser,Medium Pulse Laser,Large Pulse Laser,Heavy Small Laser,Heavy Medium Laser,Heavy Large Laser,PPC,ER PPC,Snub-Nose PPC,Heavy PPC,LRM 5,LRM 10,LRM 15,LRM 20,SRM 2,SRM 4,SRM 6,Streak SRM 2,Streak SRM 4,Streak SRM 6,MRM 10,MRM 20,MRM 30,MRM 40,ATM 3,ATM 6,ATM 9,ATM 12,AC 2,AC 5,AC 10,AC 20,Ultra AC 2,Ultra AC 5,Ultra AC 10,Ultra AC 20,LB 2-X,LB 5-X,LB 10-X,LB 20-X,RAC 2,RAC 5,Gauss Rifle,Heavy Gauss,Plasma Rifle / Cannon,Radiadores,TB,PB,Piernas,Blindaje,Disipacion,TLP,Calor,Daño,Reactor,PROPIEDAD,Comprado,Unidad
Adder (Puma)  Adder (Puma),35,Ligero,3010,2083,7021687,6,9,6,Clan,1,26,,,,,8,1,3,5,3,,2,2,,4,,,4,,2,2,,,2,2,,,,,,,,,2,,,,,,,1,,,,1,,,1,,4,,,10,"7,2",115,2,Ferro Fibroso,Double,20,,282,490,XL Engine,Compra,NO
AgroMech MOD AgroMech,35,Ligero,3132,330,1346203,3,5,0,Inner Sphere,,,,,,,,,,,,,,,,,,,,,,,,,,,,,,,,,,,,,,1,,,,,,,,,,,,,,,,1,"3,5",56,2,Estandar,Single,1,,1,5,I.C.E. Engine,Compra,NO
AgroMech  AgroMech,35,Ligero,3132,471,1326713,4,6,0,Inner Sphere,,,,,,,,,,,,,,,,,,,,,,,,,,,,,,,,,,,,,,,,,,,,,,,,,,,,,,0,"7,4",119,2,Estandar,Single,0,,0,0,I.C.E. Engine,Compra,NO
Agrotera AGT-1A Agrotera,50,Medio,3108,1578,13192500,6,9,6,Inner Sphere,,,,,,,,,2,1,,,,,,1,,,,,,,,,,,,,,,,,,,,,,,,,,,,,,,,,,,,,,10,"9,5",152,2,Estandar,Double,20,,23,22,XL Engine,Compra,NO
Akuma AKU-1X Akuma,90,Asalto,3058,1959,9382480,3,5,0,Inner Sphere,,,,1,,,,,,1,,,,,,1,,,,,,,,,,,1,1,,,1,,,,,,,,,,,,,,,,1,,,,,,,13,"17,4",279,2,Estandar,Double,26,,41,81,Fusion Engine,Compra,NO
Akuma AKU-1XJ Akuma,90,Asalto,3064,2203,9682955,3,5,3,Inner Sphere,,,,,,1,,1,,2,,,,,,,,,,,,,,,,,,,,,,1,,,,,,,,,,,,,,,,1,,,,,,10,"17,4",279,2,Estandar,Double,20,,40,83,Fusion Engine,Compra,NO
Akuma AKU-2X Akuma,90,Asalto,3071,2122,11559480,3,5,0,Inner Sphere,,,,,,,,,,1,,,,,,,,1,,,,,,,,,,,,,,1,,,,,,,,,,,,,,,1,,,,,,,13,"17,4",279,2,Estandar,Double,26,,33,71,Fusion Engine,Compra,NO
Akuma AKU-2XC Akuma,90,Asalto,3077,2134,13676080,3,5,0,Inner Sphere,,,,2,,,,,,,,,,,,,1,,,,,,,,,,,,,,,1,,,,,,,,,,,,,,,1,,,,,,,12,"17,4",279,2,Estandar,Double,24,,30,70,Fusion Engine,Compra,NO
Akuma AKU-2XK Akuma,90,Asalto,3083,2170,11486680,3,5,0,Inner Sphere,,,,,,,1,,,2,,,,,,,,1,,,,,,,,,,,,,,,,,,,,,,,,,,,,,,,,1,,,,11,"17,4",279,2,Estandar,Double,22,,29,37,Fusion Engine,Compra,NO
Albatross ALB-3U Albatross,95,Asalto,3053,1668,25495650,4,6,0,Inner Sphere,,,,2,,,,1,,,1,,,,,,,,,,1,,,,1,,,,,,,,,,,,,,,,,,,,,,1,,,,,,,14,"13,0",208,2,Estandar,Double,28,,39,64,XL Engine,Compra,NO
Albatross ALB-3Ur Albatross,95,Asalto,3076,1902,25325900,4,6,0,Inner Sphere,,,,2,,,,1,,,,,,,,,1,,,,,,,,,,,,,,,,,,,,,,,,,,,,,,,,,,1,,,14,"13,0",208,2,Estandar,Double,28,,29,43,XL Engine,Compra,NO
Albatross ALB-4U Albatross,95,Asalto,3063,1907,25425337,4,6,0,Inner Sphere,,,,,,1,2,,,,1,,,,,,,,,,1,,,,,,,1,,,,,,,,,,,,,,,,,,,,,,,1,,,14,"18,3",293,2,Ferro Fibroso,Double,28,,32,64,XL Engine,Compra,NO
Alfar AL-A1 Alfar,55,Medio,2573,1447,5047656,5,8,3,Inner Sphere,,,,3,,,,,,,,,,,1,,,,,,,,,,1,,,,,,,,,,,,,,,,,,,,,,,,,,,,,15,"11,2",179,2,Ferro Fibroso,Single,15,,23,37,Fusion Engine,Compra,NO
Annihilator ANH-1A Annihilator,100,Asalto,3009,1434,7672666,2,3,0,Inner Sphere,,,,4,,,,,,,,,,,,,,,,,,,,,,,,,,,,,,,,,,,4,,,,,,,,,,,,,,,18,"12,5",200,2,Estandar,Single,18,,24,60,Fusion Engine,Compra,NO
Annihilator ANH-1BL Annihilator,100,Asalto,3068,1746,9095666,2,3,0,Inner Sphere,,,,,,,,,,,,,,,,,,,,,,,,,,,,,,,,,,,,,,,,,,,,,,,,,4,,,,,14,"19,2",307,2,Estandar,Double,28,,4,8,Fusion Engine,Compra,NO
Annihilator ANH-1C Annihilator,100,Asalto,3009,1678,7640666,2,3,0,Inner Sphere,,,,2,,,,,,,,,,,4,,,,,,,,,,,,,,,,,,,,,,,,,,,,,,,,,,,,,,,41,"15,5",248,2,Estandar,Single,41,,46,50,Fusion Engine,Compra,NO
Annihilator ANH-1D Annihilator,100,Asalto,3009,1741,7100666,2,3,0,Inner Sphere,,,,2,5,,,,,,,,,,,,,,,,,,,,,,,,,,,,,,,,,,,,,,,,,,,,,,,,,41,"18,5",296,2,Estandar,Single,41,,46,50,Fusion Engine,Compra,NO
Annihilator ANH-1G Annihilator,100,Asalto,2801,2274,8456666,2,3,0,Inner Sphere,,,,,,,,,,,,,,,,1,,,,,,,,,,,,,,,,,,,,,,,,,,,,,,,,,,,3,,,10,"18,5",296,2,Estandar,Double,20,,18,55,Fusion Engine,Compra,NO
Annihilator ANH-1X Annihilator,100,Asalto,2801,1926,9849166,2,3,0,Inner Sphere,,,1,4,,,,,2,,,,,,,,,,,,,,,,,,,,,,,,,,,,,,,,,,,,,,4,,,,,,,10,"19,0",304,2,Estandar,Double,20,,25,69,Fusion Engine,Compra,NO
Annihilator ANH-2A Annihilator,100,Asalto,3048,1595,9668666,2,3,0,Inner Sphere,,,,,,,,,,4,,,,,,,,,,,,,,,,,,,,,,,,,,,,,,,,,,,,,4,,,,,,,17,"12,5",200,2,Estandar,Single,17,,24,64,Fusion Engine,Compra,NO
Annihilator ANH-3A Annihilator,100,Asalto,3068,1712,12537333,2,3,0,Inner Sphere,,,,,,,4,,,,,,,,,,,,,,,,,,,,,,,,,,,,,,,,,,,,,,,,,,,,,,,12,"19,2",307,2,Ferro Fibroso,Double,24,,20,20,Compact Fusion Engine,Compra,NO
Annihilator ANH-4A Annihilator,100,Asalto,3069,1726,10162666,2,3,0,Inner Sphere,,,,,,,,,,,,,,,,,,2,,,,,,,,,,,,,,,,,,,,,,,,,,,,,2,,,,,,,15,"14,5",232,2,Estandar,Double,30,,34,50,Fusion Engine,Compra,NO
Annihilator C 2 Annihilator,100,Asalto,2850,2722,9741166,2,3,0,Clan,,,,,,1,,,,,,,,,,1,,,,,,,,,,,,,,,,,,,,,,,,,,,,,,,,,,,4,,,11,"16,0",256,2,Estandar,Double,22,,21,73,Fusion Engine,Compra,NO
Annihilator C 3 Annihilator,100,Asalto,3070,2823,9808666,2,3,0,Clan,,,,,,,4,,,,,,,,,,,,,,,,,,,,,,,,,,,,,,,,,,,,,,,,,,,,4,,,11,"18,5",296,2,Estandar,Double,22,,24,80,Fusion Engine,Compra,NO
Annihilator C 'Gausszilla' Annihilator,100,Asalto,2848,2455,9616666,2,3,0,Clan,,,,,,,,,,,,,,,,,,,,,,,,,,,,,,,,,,,,,,,,,,,,,,,,,,,5,,,10,"13,5",216,2,Estandar,Double,20,,5,75,Fusion Engine,Compra,NO
Annihilator C Annihilator,100,Asalto,2848,2520,11580000,3,5,0,Clan,,,,,,,4,,,,,,,,,,,,,,,,,,,,,,,,,,,,,,,,,,,,4,,,,,,,,,,,12,"16,0",256,2,Estandar,Double,24,,36,60,Fusion Engine,Compra,NO
Antlion LK-3D Antlion,45,Medio,3117,859,8233875,5,8,0,Mixed,,2,,,,,,,,,,,,,,,,,,,,,,,,,,,,,,,,,,,,,,,,,,,,,,,,,,,,10,"10,1",161,4,Ferro Fibroso,Double,20,,0,4,XL Engine,Compra,NO
Anubis ABS-3L Anubis,30,Ligero,3063,951,5144525,8,12,0,Inner Sphere,,,,,,1,,,,,,,,,,,,,4,,,,,,,,,,,,,,,,,,,,,,,,,,,,,,,,,,,10,"5,5",88,2,Furtivo,Double,20,,10,23,XL Engine,Compra,NO
Anubis ABS-3R Anubis,30,Ligero,3064,970,5261525,8,12,0,Inner Sphere,,,,,,1,,,,,,,,,,,,,2,,,,,,,,,,,,,,,,,,,,,,,,,,,,,,,,,,,10,"6,6",105,2,Furtivo,Double,20,,6,13,XL Engine,Compra,NO
Anubis ABS-3T Anubis,30,Ligero,3067,1150,5440175,8,12,0,Inner Sphere,,,,,,1,2,1,,,,,,,,,,,,,,,,,,,,,,,,,,,,,,,,,,,,,,,,,,,,,,12,"5,5",88,2,Furtivo,Double,24,,24,21,XL Engine,Compra,NO
Anubis ABS-4C Anubis,30,Ligero,3082,833,5257650,8,12,0,Inner Sphere,,,,,,2,,,,,,,,,,,,,,,,,,,,,,,,,,,,,,,,,,,,,,,,,,,,,,,,10,"6,0",96,2,Furtivo,Double,20,,4,6,XL Engine,Compra,NO
Anubis ANB-5Y Anubis,30,Ligero,3121,1042,5129900,7,11,0,Inner Sphere,,,,,,,,,,,,,,,2,,,,2,,,,,,,,,,,,,,,,,,,,,,,,,,,,,,,,,,,10,"5,5",88,2,Furtivo,Double,20,,24,30,XL Engine,Compra,NO
Anubis ANB-5Z Anubis,30,Ligero,3124,1066,5257900,7,11,0,Inner Sphere,,,,,,,2,,,,,,,,,,,,,,,,,,,,2,,,,,,,,,,,,,,,,,,,,,,,,,,,10,"6,5",104,2,Furtivo,Double,20,,16,26,XL Engine,Compra,NO
Anvil ANV-3M Anvil,60,Pesado,3055,1441,5856960,5,8,3,Inner Sphere,,,,2,,,,,,,2,,,,,,,,,,,,,,,,,,,,,,,,,,,,,,,,,,,,,,,,,,,12,"9,5",152,2,Estandar,Double,24,,26,28,Fusion Engine,Compra,NO
Anvil ANV-3R Anvil,60,Pesado,3067,1496,5732160,5,8,0,Inner Sphere,,,,2,,,,,,,2,,,,,,,,,,,,,,,,,,,,,,,,,,,,,,,,,,,,,,,,,,,12,"12,5",200,2,Estandar,Double,24,,26,28,Fusion Engine,Compra,NO
Anvil ANV-5M Anvil,60,Pesado,3057,1687,6372160,5,8,5,Inner Sphere,,,,4,,,,2,,,,,,,,,,,,,,,,,,,,,,,,,,,,,,,,,,,,,,,,,,,,,,12,"9,5",152,2,Estandar,Double,24,,36,36,Fusion Engine,Compra,NO
Anvil ANV-5Q Anvil,60,Pesado,3067,1336,5548160,5,8,3,Inner Sphere,,,,2,,,,,,,2,,,,,,,,,,,,,,,,,,,,,,,,,,,,,,,,,,,,,,,,,,,14,"9,0",144,2,Estandar,Double,28,,26,28,Fusion Engine,Compra,NO
Anvil ANV-6M Anvil,60,Pesado,3058,1366,5872960,5,8,3,Inner Sphere,,,,1,,,,,,,2,,,,,,,,,,,,,,,,,,,,,,,,,,,,,,,,,,,,,,,,,,,12,"9,5",152,2,Estandar,Double,24,,23,23,Fusion Engine,Compra,NO
Anvil ANV-8M Anvil,60,Pesado,3060,1690,7153480,4,6,0,Inner Sphere,,,,,,,2,1,,,,,,,,,,,,,,,,,,,,,,,,,,,,,,,,,,,,,,,,,,,,,,10,"9,5",152,2,Estandar,Double,20,,22,18,Fusion Engine,Compra,NO
Anzu ZU-G60 Anzu,60,Pesado,3098,1503,10932800,4,6,4,Inner Sphere,,,,,,,1,,,,,,,,1,,,,,1,,,,,,,,,,,,,,,,,,,,,,,1,,,,,,,,,,,10,"11,0",176,2,Estandar,Double,20,,23,35,XL Engine,Compra,NO
Anzu ZU-J70 Anzu,60,Pesado,3106,1680,11095800,4,6,4,Inner Sphere,,,,,,1,1,,,,,,,,,,1,,,,,,,,,,,,,,,,,,,,,,,,,,,,,,,,,1,,,,10,"11,0",176,2,Estandar,Double,20,,18,23,XL Engine,Compra,NO
Apollo APL-1M Apollo,55,Medio,3054,1207,4920173,4,6,0,Inner Sphere,,,,,,,,,2,,,,,,,,,,,,2,,,,,,,,,,,,,,,,,,,,,,,,,,,,,,,,,10,"11,5",184,2,Estandar,Double,20,,14,36,Fusion Engine,Compra,NO
Apollo APL-1R Apollo,55,Medio,3056,1148,4550173,4,6,0,Inner Sphere,,,,,,,,,2,,,,,,,,,,,,2,,,,,,,,,,,,,,,,,,,,,,,,,,,,,,,,,10,"11,5",184,2,Estandar,Double,20,,14,36,Fusion Engine,Compra,NO
Apollo APL-2S Apollo,55,Medio,3056,1283,4994573,4,6,0,Inner Sphere,,,,2,,,,,,,,,,,,,,,,,2,,,,,,,,,,,,,,,,,,,,,,,,,,,,,,,,,10,"11,5",184,2,Estandar,Double,20,,16,40,Fusion Engine,Compra,NO
Apollo APL-3T Apollo,55,Medio,3057,1240,4948073,4,6,0,Inner Sphere,,,,2,,,,,,2,,,,,,,,,,2,,,,,,,,,,,,,,,,,,,,,,,,,,,,,,,,,,10,"11,5",184,2,Estandar,Double,20,,22,42,Fusion Engine,Compra,NO
Apollo APL-4M Apollo,55,Medio,3083,1302,9654623,4,6,0,Inner Sphere,,,,,,,1,,,,,,,,,,,,,,2,,,,,,,,,,,,,,,,,,,,,,,,,,,,,,,,,10,"11,2",179,2,Ferro Fibroso,Double,20,,15,35,XL Engine,Compra,NO
Arana ARA-S-1 Arana,40,Medio,3087,1092,2184966,5,8,0,Clan,,,,,,,3,,,,,,,,,,,,,,,,,,,,,,,,,,,,,,,,,,,,,,,,,,,,,,,15,"9,5",152,4,Estandar,Single,15,,15,15,Fusion Engine,Compra,NO
Arbalest 2 Arbalest,25,Ligero,3079,1098,2470416,5,8,0,Clan,,,,,,,2,,,,,,,,,,,,,1,,,,,,,,,,,,,,,,,,,,,,,,,,,,,,,,,,10,"5,6",89,2,Estandar,Double,20,,14,20,Fusion Engine,Compra,NO
Arbalest 3 Arbalest,25,Ligero,3081,921,2175416,5,8,0,Clan,,,,,,4,,,,,,,,,,,,,,2,,,,,,,,,,,,,,,,,,,,,,,,,,,,,,,,,,10,"5,4",86,2,Ferro Fibroso,Double,20,,16,32,Fusion Engine,Compra,NO
Arbalest  Arbalest,25,Ligero,3077,1029,2500416,5,8,0,Clan,,,,,,,2,,,,,,,,,,,,,2,,,,,,,,,,,,,,,,,,,,,,,,,,,,,,,,,,10,"3,5",56,2,Estandar,Double,20,,18,30,Fusion Engine,Compra,NO
Arbiter ARB-001 SecurityMech Arbiter,35,Ligero,3074,507,1624607,5,8,0,Inner Sphere,,,,,,,,,,,,,,,,,,,,,,,,,,,,,,,,,,,,,,,,,,,,,,,,,,,,,,1,"5,0",80,2,Estandar,Single,1,,0,0,Fuel-Cell Engine,Compra,NO
Arcas 2 Arcas,65,Pesado,3061,2835,14520549,5,8,5,Clan,,,,,,,,,,2,,,,,,2,,,,,,,,,,,,,,,,,,,,,,,,,,,,,,,,,,,,,,18,"13,2",211,2,Estandar,Double,36,,38,32,XL Engine,Compra,NO
Arcas 3 Arcas,65,Pesado,3078,2305,16455054,5,8,7,Clan,,,,,,,,,,2,,,,1,,,,,,,,,,,,,1,,,,,,,,,,,,,,,,,,,,,,,,,,,15,"12,6",201,2,Ferro Fibroso,Double,30,,29,36,XL Engine,Compra,NO
Arcas  Arcas,65,Pesado,3061,2484,14742849,5,8,5,Clan,,,,,,,,2,,2,,,,,,,,,,,,,,,,,3,,,,,,,,,,,,,,,,,,,,,,,,,,,15,"13,2",211,2,Estandar,Double,30,,41,52,XL Engine,Compra,NO
Archangel C-ANG-O Archangel,100,Asalto,3069,2237,21785000,3,5,3,Inner Sphere,2,,,,,6,6,1,1,4,,,,,5,4,4,5,,,,,,,,,,,,,,2,,,,,,,,,,,,,,,,,,,,,1,12,"19,2",307,2,Estandar,Double,24,,337,382,Compact Fusion Engine,Compra,NO
Archer (Wolf) Archer,70,Pesado,3055,2365,8354173,4,6,0,Clan,,,,,,,,2,2,,,,,,,,,,,,,2,,,,,,,,,,,,,,,,,,,,,,,,,,,,,,,,15,"13,2",211,2,Ferro Fibroso,Double,30,,40,62,Fusion Engine,Compra,NO
Archer ARC-2K Archer,70,Pesado,2856,1356,6086773,4,6,0,Inner Sphere,,,,,2,,,,,,,,,,,,,,,,2,,,,,,,,,,,,,,,,,,,,,,,,,,,,,,,,,12,"11,0",176,2,Estandar,Single,12,,26,46,Fusion Engine,Compra,NO
Archer ARC-2R Salazar MKII Archer,70,Pesado,2474,1681,7100973,4,6,0,Inner Sphere,,,,4,,,,,,,,,,,,,,,,,,2,,,,,,,,,,,,,,,,,,,,,,,,,,,,,,,,11,"13,0",208,2,Estandar,Double,22,,24,60,Fusion Engine,Compra,NO
Archer ARC-2R Salazar MKIII Archer,70,Pesado,2474,1616,13703773,4,6,0,Inner Sphere,,,,6,,,,,,,,,,,,,,,,,,2,,,,,,,,,,,,,,,,,,,,,,,,,,,,,,,,14,"13,0",208,2,Estandar,Double,28,,30,70,XL Engine,Compra,NO
Archer ARC-2R Salazar Archer,70,Pesado,3070,1477,6300973,4,6,0,Inner Sphere,,,,4,,,,,,,,,,,,,,,,,,2,,,,,,,,,,,,,,,,,,,,,,,,,,,,,,,,10,"13,0",208,2,Estandar,Single,10,,24,60,Fusion Engine,Compra,NO
Archer ARC-2R Archer,70,Pesado,2474,1477,6300973,4,6,0,Inner Sphere,,,,4,,,,,,,,,,,,,,,,,,2,,,,,,,,,,,,,,,,,,,,,,,,,,,,,,,,10,"13,0",208,2,Estandar,Single,10,,24,60,Fusion Engine,Compra,NO
Archer ARC-2Rb Archer,70,Pesado,2750,1705,7176273,4,6,0,Inner Sphere,,,,3,,,,,,,,,,,,,,,,,,2,,,,,,,,,,,,,,,,,,,,,,,,,,,,,,,,10,"13,5",216,2,Estandar,Double,20,,21,55,Fusion Engine,Compra,NO
Archer ARC-2S Archer,70,Pesado,2915,1393,6303973,4,6,0,Inner Sphere,,,,4,,,,,,,,,,,,,,,,,2,,,2,,,,,,,,,,,,,,,,,,,,,,,,,,,,,,10,"13,0",208,2,Estandar,Single,10,,28,66,Fusion Engine,Compra,NO
Archer ARC-2W Archer,70,Pesado,3010,1338,6344973,4,6,0,Inner Sphere,,,,2,,,,,,,,,,,,,,,,,,2,,2,,,,,,,,,,,,,,,,,,,,,,,,,,,,,,10,"10,0",160,2,Estandar,Single,10,,24,66,Fusion Engine,Compra,NO
Archer ARC-4M Archer,70,Pesado,3049,1705,7184273,4,6,0,Inner Sphere,,,,4,,,,,,,,,,,,,,,,,,2,,,,,,,,,,,,,,,,,,,,,,,,,,,,,,,,10,"13,5",216,2,Estandar,Double,20,,24,60,Fusion Engine,Compra,NO
Archer ARC-4M2 Archer,70,Pesado,3150,1742,7456273,4,6,0,Inner Sphere,,,,,,,4,,,,,,,,,,,,,,,2,,,,,,,,,,,,,,,,,,,,,,,,,,,,,,,,10,"13,5",216,2,Estandar,Double,20,,32,60,Fusion Engine,Compra,NO
Archer ARC-5CS Archer,70,Pesado,3052,1609,14318473,4,6,0,Inner Sphere,,,,2,,,,,,,,,,,,,,,,,4,,,,,,,,,,,,,,,,,,,,,,,,,,,,,,,,,11,"11,5",184,2,Estandar,Double,22,,26,70,XL Engine,Compra,NO
Archer ARC-5R Archer,70,Pesado,3050,1672,7323673,4,6,0,Inner Sphere,,,,,,,,2,,,,,,,,,,,,,2,,,,,,,,,,,,,,,,,,,,,,,,,,,,,,,,,12,"11,5",184,2,Estandar,Double,24,,34,46,Fusion Engine,Compra,NO
Archer ARC-5S Archer,70,Pesado,3050,1353,13572973,4,6,0,Inner Sphere,,,,,,,,,,4,,,,,,,,,,,2,,,,,2,,,,,,,,,,,,,,,,,,,,,,,,,,,,10,"13,0",208,2,Estandar,Double,20,,30,62,XL Engine,Compra,NO
Archer ARC-5W Archer,70,Pesado,3050,1337,13578973,4,6,0,Inner Sphere,,,,,,,,,,,,,,,,,,,,,,2,,2,,,,,,,,,,,,,,,,,,,,,,,,,,,,,,10,"13,0",208,2,Estandar,Double,20,,18,56,XL Engine,Compra,NO
Archer ARC-6S Archer,70,Pesado,3067,1694,11677565,4,6,0,Inner Sphere,,,,2,,1,,,,,,,,,,,,,,,,2,,,,2,,,,,,,,,,,,,,,,,,,,,,,,,,,,10,"13,6",217,2,Estandar,Double,20,,24,61,Light Fusion Engine,Compra,NO
Archer ARC-6W Archer,70,Pesado,3067,1405,6044973,4,6,0,Inner Sphere,,,,4,,,,,,,,,,,,,,,,,,,,,,,,,,,,,,,,,,,,,,,,,,,,,,,,,,20,"13,6",217,2,Estandar,Single,20,,12,20,Fusion Engine,Compra,NO
Archer ARC-7C Archer,70,Pesado,3150,2408,18053106,5,8,0,Mixed,,,,,,,4,,,,,,,,,,,,,,,2,,,,,,,,,,,,,,,,,,,,,,,,,,,,,,,,14,"13,0",208,2,Estandar,Double,28,,32,60,XL Engine,Compra,NO
Archer ARC-7L Archer,70,Pesado,3067,1914,7758270,3,5,3,Inner Sphere,,,,,,,2,,,,,,,,,,,,,,,2,,,,,,,,,,,,,,,,,,,,,,,,,,,,,,,,12,"12,5",200,2,Furtivo,Double,24,,22,50,Fusion Engine,Compra,NO
Archer ARC-7S Archer,70,Pesado,3070,1658,11753300,4,6,0,Inner Sphere,,,,,,,1,,1,,,,,,,,,,,,,2,,,,2,,,,,,,,,,,,,,,,,,,,,,,,,,,,10,"13,6",217,2,Ferro Fibroso,Double,20,,23,56,Light Fusion Engine,Compra,NO
Archer ARC-8M Archer,70,Pesado,3067,1759,7425673,4,6,0,Inner Sphere,,,,,,,3,1,,,,,,,,,,,,,2,,,,,,,,,,,,,,,,,,,,,,,,,,,,,,,,,12,"13,5",216,2,Estandar,Double,24,,37,53,Fusion Engine,Compra,NO
Archer ARC-9K Archer,70,Pesado,3071,1391,7213873,4,6,0,Inner Sphere,,,,,,,,,,,,,,,3,,,,,,,,,,,,,,,,,,,,,,,,,,,,,,,,,,,,,,,13,"13,5",216,2,Estandar,Double,26,,30,30,Fusion Engine,Compra,NO
Archer ARC-9KC Archer,70,Pesado,3089,1361,7519873,4,6,0,Inner Sphere,,,,,,,1,,,,,,,,2,,,,,,,,,,,,,,,,,,,,,,,,,,,,,,,,,,,,,,,13,"13,5",216,2,Estandar,Double,26,,25,25,Fusion Engine,Compra,NO
Archer ARC-9M Archer,70,Pesado,3076,1811,11611640,3,5,5,Inner Sphere,,,,,,,2,,,,,,,,2,,,,,,2,,,,,,,,,,,,,,,,,,,,,,,,,,,,,,,,,10,"11,6",186,2,Ferro Fibroso,Double,20,,40,60,Light Fusion Engine,Compra,NO
Archer ARC-9R Archer,70,Pesado,3150,1668,12446940,4,6,0,Inner Sphere,,,,,,,2,,,,,,,,,,,,,,2,,,,,,,,,,,,,,,,,,,,,,,,,,,,,,,,,10,"13,5",216,2,Estandar,Double,20,,20,40,Light Fusion Engine,Compra,NO
Archer ARC-9W Archer,70,Pesado,3078,1774,21317006,5,8,0,Inner Sphere,,,,,,,,2,,,,,,,,,,,,,2,,,,,,,,,,,,,,,,,,,,,,,,,,,,,,,,,12,"10,5",168,2,Estandar,Double,24,,34,46,XL Engine,Compra,NO
Archer C Archer,70,Pesado,3050,1883,6776973,4,6,0,Mixed,,,,,,,4,,,,,,,,,,,,,,,2,,,,,,,,,,,,,,,,,,,,,,,,,,,,,,,,20,"13,0",208,2,Estandar,Single,20,,32,60,Fusion Engine,Compra,NO
Arctic Cheetah (Hankyu)  Arctic Cheetah (Hankyu),30,Ligero,3037,1334,7220237,8,12,6,Clan,8,2,,,,,7,1,1,5,,2,3,,,,,,4,2,,,,,,,,2,,,,,,,,,,,,,,,,,1,,,,,,,,,10,"4,8",76,2,Ferro Fibroso,Double,20,,145,204,XL Engine,Compra,NO
Arctic Fox AF1 Arctic Fox,30,Ligero,3059,983,5085300,6,9,6,Inner Sphere,,,,3,,,5,,3,4,1,,,,5,2,,,,2,,,,2,,,,,,,,,,,,,,,,,,,,,,,1,,,,,,,10,"6,0",96,2,Estandar,Double,20,,162,198,XL Engine,Compra,NO
Arctic Wolf 2 Arctic Wolf,40,Medio,3060,1511,7397893,7,11,0,Clan,,,,,,,,,,,1,,,,,,,,,,,,,,4,,,,,,,,,,,,,,,,,,,,,,,,,,,,,10,"6,0",96,2,Estandar,Double,20,,26,57,XL Engine,Compra,NO
Arctic Wolf II  Arctic Wolf II,40,Medio,3085,2111,9828166,7,11,7,Clan,,,,,,,2,2,4,,1,,,,,,,,,,2,,,6,,,4,,,,,,,,,,,,,,,,,,,,,,,,,,,10,"7,8",124,2,Ferro Fibroso,Double,20,,92,157,XL Engine,Compra,NO
Arctic Wolf  Arctic Wolf,40,Medio,3075,1641,9039500,6,9,6,Clan,,,,,,,,,2,,,,1,,,,,,,,2,,,,2,,4,4,,,,,,,,,,,,,,,,,,,,,,,,,1,10,"8,4",134,2,Ferro Fibroso,Double,20,,64,150,XL Engine,Compra,NO
Argus AGS-2D Argus,60,Pesado,3062,1566,12124800,5,8,0,Inner Sphere,,,,,,,,,,,,,,,,1,,,,,2,,,,,,,,,,,,,,,,,,,,,,,,,,,,,,,,,13,"11,0",176,2,Estandar,Double,26,,25,40,XL Engine,Compra,NO
Argus AGS-4D-BL Argus,60,Pesado,3061,1728,11931200,5,8,0,Inner Sphere,,,,,,,2,,,,,,,,,,,,,,1,,,,,,,,,,,,,,,,,,,,,,,,,,,,,1,,,,12,"11,5",184,2,Estandar,Double,24,,16,30,XL Engine,Compra,NO
Argus AGS-4D Argus,60,Pesado,3061,1638,11927700,5,8,0,Inner Sphere,,1,,,,,2,,,,,,,,,,,,,1,,,,,,,,,,,,,,,,,,,,,,,,,,,,,,1,,,,12,"12,0",192,2,Estandar,Double,24,,15,27,XL Engine,Compra,NO
Argus AGS-5D Argus,60,Pesado,3071,2065,13805600,5,8,0,Inner Sphere,,,,2,,,,,,,,,,,,,,1,,,,,,,,,,2,,,,,,,,,,,,,,,,,,,,,,,,,,11,"12,6",201,2,Ferro Fibroso,Double,22,,29,49,XL Engine,Compra,NO
Argus AGS-6F Argus,60,Pesado,3078,1524,9687000,5,8,0,Inner Sphere,,,,,,,2,,,,,,,,,,,,,,,,,,1,,,,,,,,,,,,,,,1,,,,,,,,,,,,,,10,"12,2",195,2,Ferro Fibroso,Double,20,,21,42,Light Fusion Engine,Compra,NO
Argus AGS-8DX Argus,60,Pesado,3074,1598,12404200,5,8,0,Inner Sphere,,,,,,,2,,,,,,,,,,,,,,,,,,,,,,,,,,,,,,,,,,,,,,,,,,,1,,,,12,"12,0",192,2,Estandar,Double,24,,11,15,XL Engine,Compra,NO
Assassin Alice Assassin,40,Medio,3066,1507,7332080,7,11,7,Inner Sphere,,,,,,,4,,,,,,,,,,,,,,,,,,,,,,,,,,,,,,,,,,,,,,,,,,,,,,,10,"8,4",134,2,Ferro Fibroso,Double,20,,20,20,Light Fusion Engine,Compra,NO
Assassin ASN-101 Assassin,40,Medio,3024,757,3514463,7,11,5,Inner Sphere,,,3,1,,,,,,,,,,,,,,,1,,,,1,,,,,,,,,,,,,,,,,,,,,,,,,,,,,,,10,"4,0",64,2,Estandar,Single,10,,10,23,Fusion Engine,Compra,NO
Assassin ASN-21 Salazar Mk II Assassin,40,Medio,3056,1109,4095213,7,11,7,Inner Sphere,,,,4,,,,,,,,,,,,,,,,,,,2,,,,,,,,,,,,,,,,,,,,,,,,,,,,,,,10,"6,1",98,2,Ferro Fibroso,Double,20,,16,28,Fusion Engine,Compra,NO
Assassin ASN-21 Salazar Mk III Assassin,40,Medio,3070,1356,7382913,7,11,7,Inner Sphere,,,,6,,,,,,,,,,,,,,,,,,,2,,,,,,,,,,,,,,,,,,,,,,,,,,,,,,,13,"8,0",128,2,Estandar,Double,26,,22,38,XL Engine,Compra,NO
Assassin ASN-21 Salazar Assassin,40,Medio,2676,863,3755013,7,11,7,Inner Sphere,,,,2,,,,,,,,,,,,,,,,,,,2,,,,,,,,,,,,,,,,,,,,,,,,,,,,,,,10,"5,5",88,2,Estandar,Single,10,,10,18,Fusion Engine,Compra,NO
Assassin ASN-21 Assassin,40,Medio,2676,749,3743013,7,11,7,Inner Sphere,,,,1,,,,,,,,,,,,,,,1,,,,1,,,,,,,,,,,,,,,,,,,,,,,,,,,,,,,10,"4,5",72,2,Estandar,Single,10,,7,14,Fusion Engine,Compra,NO
Assassin ASN-23 Assassin,40,Medio,3050,740,3900013,7,11,7,Inner Sphere,,,,,,,,,,1,,,,,,,,,1,,,,,,,,,,,,,,,,,,,,,,,,,,,,,,,,,,,10,"4,5",72,2,Estandar,Single,10,,6,11,Fusion Engine,Compra,NO
Assassin ASN-30 Assassin,40,Medio,3061,925,6230880,7,11,7,Inner Sphere,,,,,,,1,,,,,,,,,,,,,,,,,,,,,,,,,,,,,,,,,,,,,,,1,,,,,,,,10,"6,5",104,2,Estandar,Single,10,,6,10,Light Fusion Engine,Compra,NO
Assassin ASN-99 Assassin,40,Medio,3068,1116,7934013,7,11,7,Inner Sphere,,,,,,,,,,,,,,,1,,,,,,,,2,,,,,,,,,,,,,,,,,,,,,,,,,,,,,,,10,"8,0",128,2,Furtivo,Double,20,,14,18,XL Engine,Compra,NO
Assassin 'Servitor' Assassin,40,Medio,3066,1019,7364563,7,11,7,Inner Sphere,,,1,,,,,,,,,,,,,,,,,,,,2,,,,,,,,,,,,,,,,,,,,,,,,,,,,,,,10,"8,0",128,2,Estandar,Double,20,,5,11,XL Engine,Compra,NO
Atlas AS7-A Atlas,100,Asalto,2954,1787,9384500,3,5,0,Inner Sphere,,,,2,,,,,,,,,,,,,,,,1,,,,,5,,,,,,,,,,,,,1,,,,,,,,,,,,,,,,20,"19,0",304,2,Estandar,Single,20,,31,85,Fusion Engine,Compra,NO
Atlas AS7-C Atlas,100,Asalto,3050,2163,22858000,3,5,0,Inner Sphere,,,,,,,,2,,1,,,,,,,,,,,,1,,,,,,,,,,,,,,,,,,,,,,,,,,,,,1,,,21,"19,0",304,2,Estandar,Single,21,,35,57,XL Engine,Compra,NO
Atlas AS7-CM Atlas,100,Asalto,3050,2036,25074000,3,5,0,Inner Sphere,,,,,,,,1,,2,,,,,,,,,,,,1,,,,,,,,,,,,,,,,,,,,,,,,,,,,,1,,,20,"19,0",304,2,Estandar,Single,20,,27,55,XL Engine,Compra,NO
Atlas AS7-D-DC Atlas,100,Asalto,2776,1858,10329000,3,5,0,Inner Sphere,,,,2,,,,,,,,,,,,,,,,,,1,,,1,,,,,,,,,,,,,,,1,,,,,,,,,,,,,,20,"19,0",304,2,Estandar,Single,20,,23,62,Fusion Engine,Compra,NO
Atlas AS7-D Atlas,100,Asalto,2755,1897,9519000,3,5,0,Inner Sphere,,,,4,,,,,,,,,,,,,,,,,,1,,,1,,,,,,,,,,,,,,,1,,,,,,,,,,,,,,20,"19,0",304,2,Estandar,Single,20,,29,72,Fusion Engine,Compra,NO
Atlas AS7-Dr Atlas,100,Asalto,3070,2101,10414000,3,5,0,Inner Sphere,,,,4,,,,,,,,,,,,,,1,,,,1,,,,,,1,,,,,,,,,,,,,,,,,,,,,,,,,,22,"19,0",304,2,Estandar,Single,22,,37,67,Fusion Engine,Compra,NO
Atlas AS7-K-DC Atlas,100,Asalto,3050,2158,23324000,3,5,0,Inner Sphere,,,,,,,,2,,1,,,,,,,,,,,,1,,,,,,,,,,,,,,,,,,,,,,,,,,,,,1,,,20,"19,0",304,2,Estandar,Single,20,,35,57,XL Engine,Compra,NO
Atlas AS7-K Atlas,100,Asalto,3049,2175,22474000,3,5,0,Inner Sphere,,,,,,,,2,,2,,,,,,,,,,,,1,,,,,,,,,,,,,,,,,,,,,,,,,,,,,1,,,20,"19,0",304,2,Estandar,Single,20,,39,63,XL Engine,Compra,NO
Atlas AS7-K2 Atlas,100,Asalto,3082,2160,28653333,4,6,0,Inner Sphere,,,,,,,,2,,,,,,,,,,,,,,,,,,,,2,,,,,,,,,,,,,,,,,,,,,,,1,,,10,"18,4",295,2,Ferro Fibroso,Double,20,,33,55,XL Engine,Compra,NO
Atlas AS7-K3 Atlas,100,Asalto,3083,2346,28699333,4,6,3,Inner Sphere,,,,,,,,2,,,,,,,,,,,,,,,,,,,1,,,,,,,,,,,,,,,,,,,,,,,,1,,,10,"19,2",307,2,Ferro Fibroso,Double,20,,28,39,XL Engine,Compra,NO
Atlas AS7-K4 Atlas,100,Asalto,3098,2153,28821333,4,6,0,Inner Sphere,,,,,,,,,,,,,,,,2,,,,,,,,,2,,,,,,,,,,,,,,,,,,,,,,,,,1,,,,13,"18,4",295,2,Ferro Fibroso,Double,26,,39,49,XL Engine,Compra,NO
Atlas AS7-RS Atlas,100,Asalto,2892,1849,9201000,3,5,0,Inner Sphere,,,,,2,,,,,,,,,,,,,,,,1,,,1,,,,,,,,,,,,,,,1,,,,,,,,,,,,,,,20,"19,0",304,2,Estandar,Single,20,,27,49,Fusion Engine,Compra,NO
Atlas AS7-S Atlas,100,Asalto,3050,1929,9783000,3,5,0,Inner Sphere,,,,4,,,,,,,,,,,,,,,,,,1,,,1,2,,,,,,,,,,,,,,1,,,,,,,,,,,,,,15,"19,0",304,2,Estandar,Double,30,,33,80,Fusion Engine,Compra,NO
Atlas AS7-S2 Salazar Mk III Atlas,100,Asalto,3061,2226,11192500,3,5,0,Inner Sphere,,,,,,,6,,,,,,,,,,,,,,,1,1,,,,,,,,,,,,,,,,,,,,,,,,,1,,,,,,16,"19,0",304,2,Estandar,Double,32,,44,74,Fusion Engine,Compra,NO
Atlas AS7-S2 Salazar MkII Atlas,100,Asalto,3061,2437,10860000,3,5,0,Inner Sphere,,,,6,,,,,,,,,,,,,,,,,,1,,,,,,1,,,,,,,,,,,,,,,,,,,,,,,1,,,11,"19,0",304,2,Estandar,Double,22,,29,77,Fusion Engine,Compra,NO
Atlas AS7-S2 Salazar Atlas,100,Asalto,3061,2246,11314000,3,5,0,Inner Sphere,,,,,,,4,,,,,,,,,,,,,,,1,,,,,,1,,,,,,,,,,,,,,,,,,,,1,,,,,,14,"19,2",307,2,Estandar,Double,28,,36,72,Fusion Engine,Compra,NO
Atlas AS7-S2 Atlas,100,Asalto,3061,2378,19134000,3,5,0,Inner Sphere,,,,,,,,2,,,,,,,,,,,,,1,,,,,,,,,,,,,,,,,,,,,,,,,,,,,,,1,,16,"19,0",304,2,Estandar,Double,32,,30,56,Light Fusion Engine,Compra,NO
Atlas AS7-S3 Atlas,100,Asalto,3062,2378,18939500,3,5,0,Inner Sphere,,,3,,,,,,,,,,,,2,,,,,,1,,,,,,,,,,,,,,,,,,,,,,,,,,,,,,1,,,14,"19,0",304,2,Estandar,Double,28,,29,59,Light Fusion Engine,Compra,NO
Atlas AS8-D Atlas,100,Asalto,3074,2432,13303000,3,5,0,Inner Sphere,,,2,,,2,,,,,,,,,2,,1,,,,,,,,,,,,,,,,,,,,,,,,,,,,,,,,,1,,,,14,"19,2",307,2,Estandar,Double,28,,37,47,Fusion Engine,Compra,NO
Atlas C Atlas,100,Asalto,3050,2340,10250000,3,5,0,Mixed,,,,4,,,,,,,,,,,,,,,,,,1,,,,,,1,,,,,,,,,,,,,,,,1,,,,,,,,,,26,"19,0",304,2,Estandar,Single,26,,30,72,Fusion Engine,Compra,NO
Atlas II AS7-D-H (Devlin) Atlas II,100,Asalto,3078,2491,30626000,3,5,0,Mixed,,,,,,,,2,,2,,,,,,,,,,,,,,,,,,,,,,,,,,,,,,,,,,,,,1,,,,,,,17,"19,0",304,2,Estandar,Double,34,,34,38,XL Engine,Compra,NO
Atlas II AS7-D-H Atlas II,100,Asalto,2765,2169,11079000,3,5,0,Inner Sphere,,,,,,,,2,,2,,,,,,,,,,,,1,,,1,,,,,,,,,,,,,,,,,,,,,,1,,,,,,,14,"19,0",304,2,Ferro Fibroso,Double,28,,44,70,Fusion Engine,Compra,NO
Atlas II AS7-D-H2-BL Atlas II,100,Asalto,3070,2434,10882000,3,5,0,Inner Sphere,,,,,,,,,,2,,,,,,1,,,,,,1,,,,,,1,,,,,,,,,,,,,,,,,,,,,,,1,,,13,"19,0",304,2,Estandar,Double,26,,34,69,Fusion Engine,Compra,NO
Atlas II AS7-D-H2 Atlas II,100,Asalto,2780,2340,10675000,3,5,0,Inner Sphere,,,,,,,,,,2,,,,,,1,,,,,,1,,,1,,,,,,,,,,,,,,,,,,,,,,,,,,1,,,13,"19,0",304,2,Ferro Fibroso,Double,26,,34,69,Fusion Engine,Compra,NO
Atlas III AS7-D2 Atlas III,100,Asalto,3110,2890,13960000,3,5,0,Mixed,,,,,,,,,,,,,,,,,,,,,,1,,,,,,1,,,,,,,,,,,,,,,,,,,,,,,,,,12,"19,2",307,2,Estandar,Double,24,,10,32,Fusion Engine,Compra,NO
Atlas III AS7-D3 Atlas III,100,Asalto,3137,2564,14236000,3,5,0,Mixed,,,,,,,,,,,,,,,,,,,,,,1,,,,,,1,,,,,,,,,,,,,,,,,,,,,1,,,,,12,"19,2",307,2,Estandar,Double,24,,11,34,Fusion Engine,Compra,NO
Avalanche AVL-1O Avalanche,50,Medio,3133,1540,6225625,5,8,5,Inner Sphere,,,,,,,16,,,,,,,,2,1,,,,4,,,,2,2,,,,,,,,2,,,,,,,,,,,,,,,,,,,,,10,"10,0",160,2,Estandar,Double,20,,149,202,Fusion Engine,Compra,NO
Avatar AV1-O Avatar,70,Pesado,3059,1395,17300479,4,6,4,Inner Sphere,,2,,2,,,5,2,1,2,,,,,1,2,,2,,6,2,,,,2,,1,,,2,,1,,,,,,,,1,,1,1,,,,1,1,,,4,,,10,"12,0",192,2,Estandar,Double,20,,228,457,XL Engine,Compra,NO
Awesome 15K AWS-15K Awesome 15K,80,Asalto,3070,1922,8071600,3,5,0,Inner Sphere,,,,,,,,,,,,,,,,3,,,,,,,,,,,1,,,,,,,,,,,,,,,,,,,,,,,,,,,20,"15,4",247,2,Estandar,Double,40,,48,38,Fusion Engine,Compra,NO
Awesome AWS-10KM (Cameron) Awesome,80,Asalto,3070,2466,13310370,3,5,0,Mixed,,,,,,1,,,,,,,,,,2,1,,,,,,,,,,,,,,,,,,,,,,,,,,,,,,,,,,,,,19,"15,4",247,2,Estandar,Double,38,,42,33,Fusion Engine,Compra,NO
Awesome AWS-10KM Awesome,80,Asalto,3068,1961,11533320,3,5,0,Inner Sphere,,,,,,,,,,,,,,,,,1,2,,,,,,,,,,,,,,,,,,,,,,,,,,,,,,,,,,,,18,"15,4",247,2,Estandar,Double,36,,40,40,Compact Fusion Engine,Compra,NO
Awesome AWS-11H Awesome,80,Asalto,3142,2036,7224570,3,5,0,Mixed,,,,,,1,,,,,,,,,,,,3,,,,,,,,,,,,,,,,,,,,,,,,,,,,,,,,,,,,23,"15,0",240,2,Estandar,Double,46,,47,48,Fusion Engine,Compra,NO
Awesome AWS-8Q Awesome,80,Asalto,2665,1605,6598170,3,5,0,Inner Sphere,,,1,,,,,,,,,,,,3,,,,,,,,,,,,,,,,,,,,,,,,,,,,,,,,,,,,,,,28,"15,0",240,2,Estandar,Single,28,,31,33,Fusion Engine,Compra,NO
Awesome AWS-8R Awesome,80,Asalto,2683,1470,6388170,3,5,0,Inner Sphere,,,1,,1,,,,,,,,,,,,,,,,2,,,,,,,,,,,,,,,,,,,,,,,,,,,,,,,,,28,"15,0",240,2,Estandar,Single,28,,19,41,Fusion Engine,Compra,NO
Awesome AWS-8T Awesome,80,Asalto,2815,1593,6550170,3,5,0,Inner Sphere,,,1,,2,,,,,,,,,,,,,,,,2,,,,,,,,,,,,,,,,,,,,,,,,,,,,,,,,,23,"15,0",240,2,Estandar,Single,23,,27,49,Fusion Engine,Compra,NO
Awesome AWS-8V Awesome,80,Asalto,2980,1510,6433170,3,5,0,Inner Sphere,,,1,,1,,,,,,,,,,1,,,,,,1,,,,,,,,,,,,,,,,,,,,,,,,,,,,,,,,,28,"15,0",240,2,Estandar,Single,28,,24,36,Fusion Engine,Compra,NO
Awesome AWS-9M Awesome,80,Asalto,3049,1812,18046920,4,6,0,Inner Sphere,,,,,,,,,1,1,,,,,,3,,,,,,,,,,2,,,,,,,,,,,,,,,,,,,,,,,,,,,,20,"15,4",247,2,Estandar,Double,40,,55,47,XL Engine,Compra,NO
Awesome AWS-9Ma Awesome,80,Asalto,3051,1836,19106850,4,6,0,Inner Sphere,,,1,,,,,,,,,,,,,3,,,,,,,,,,,,,,,,,,,,,,,,,,,,,,,,,,,,,,20,"15,4",247,2,Estandar,Double,40,,46,33,XL Engine,Compra,NO
Awesome AWS-9Q (Klatt) Awesome,80,Asalto,3071,1805,7554600,3,5,0,Inner Sphere,,,,,,,,,1,,,,,,4,,,,,,,,,,,,,,,,,,,,,,,,,,,,,,,,,,,,,,,19,"15,4",247,2,Estandar,Double,38,,42,43,Fusion Engine,Compra,NO
Awesome AWS-9Q Awesome,80,Asalto,3057,1875,7456050,3,5,0,Inner Sphere,,,1,,,,,,,,,,,,4,,,,,,,,,,,,,,,,,,,,,,,,,,,,,,,,,,,,,,,19,"15,4",247,2,Estandar,Double,38,,41,43,Fusion Engine,Compra,NO
Axman AXM-1BL Axman,65,Pesado,3058,1600,6052880,4,6,4,Inner Sphere,,,,,,,,,,3,,,,,,,,,,,,,,,,,,,,,,,,,,,,,,,,,,,,,,,,1,,,,10,"10,5",168,2,Estandar,Double,20,,13,23,Fusion Engine,Compra,NO
Axman AXM-1N Salazar Axman,65,Pesado,3048,1499,11934760,4,6,4,Inner Sphere,,,,3,,,,1,,,,,,,,,,,,,,,,,,,,,,,,,,,,,,,,1,,,,,,,,,,,,,,10,"13,2",211,2,Ferro Fibroso,Double,20,,28,43,XL Engine,Compra,NO
Axman AXM-1N Axman,65,Pesado,3048,1374,11827510,4,6,4,Inner Sphere,,,,3,,,,,,,1,,,,,,,,,,,,,,,,,,,,,,,,,,,,,1,,,,,,,,,,,,,,10,"11,2",179,2,Ferro Fibroso,Double,20,,26,44,XL Engine,Compra,NO
Axman AXM-2N Salazar A Axman,65,Pesado,3049,1572,12034160,4,6,4,Inner Sphere,,,,3,,,,1,,,,,,,,,,,,,2,,,,,,,,,,,,,,,,,,,,,,,,,,,,,,,,,11,"12,3",197,2,Ferro Fibroso,Double,22,,31,53,XL Engine,Compra,NO
Axman AXM-2N Salazar B Axman,65,Pesado,3049,1597,12001160,4,6,4,Inner Sphere,,,,5,,,,,,,,,,,,,,,,,2,,,,,,,,,,,,,,,,,,,,,,,,,,,,,,,,,11,"12,0",192,2,Estandar,Double,22,,25,55,XL Engine,Compra,NO
Axman AXM-2N Salazar C Axman,65,Pesado,3049,1561,12321260,4,6,4,Inner Sphere,,,,3,,,,1,,,,,,,,,,,,,2,,,,,,,,,,,,,,,,,,,,,,,,,,,,,,,,,10,"11,2",179,2,Ferro Fibroso,Double,20,,31,53,XL Engine,Compra,NO
Axman AXM-2N Salazar Axman,65,Pesado,3049,1655,12253610,4,6,4,Inner Sphere,,,,3,,,,1,,,,,,,,,,,,,2,,,,,,,,,,,,,,,,,,,,,,,,,,,,,,,,,11,"12,5",200,2,Estandar,Double,22,,31,53,XL Engine,Compra,NO
Axman AXM-2N Axman,65,Pesado,3049,1458,11950010,4,6,4,Inner Sphere,,,,3,,,,,,,1,,,,,,,,,,2,,,,,,,,,,,,,,,,,,,,,,,,,,,,,,,,,10,"11,2",179,2,Ferro Fibroso,Double,20,,29,54,XL Engine,Compra,NO
Catapult CPLT-C1 Catapult,65,Pesado,2561,1399,5751125,4,6,4,Inner Sphere,,,,4,,,,,,,,,,,,,,,,,2,,,,,,,,,,,,,,,,,,,,,,,,,,,,,,,,,15,"10,0",160,2,Estandar,Single,15,,22,50,Fusion Engine,Compra,NO
Axman AXM-3Sr Axman,65,Pesado,3069,1734,10707330,4,6,4,Inner Sphere,,,,,,,3,,,1,,,,,,,,,,,,,,,,,,,,,,,,,,,,,,,,,,,,,,,,1,,,,11,"11,2",179,2,Ferro Fibroso,Double,22,,20,26,Light Fusion Engine,Compra,NO
Axman AXM-4D Axman,65,Pesado,3071,1222,11613560,4,6,0,Inner Sphere,,,,2,,,,,,,,,,,,,,,,,,,,,,,,,,,,,,,,,,,,,,,,,,,,,,,,,,10,"11,2",179,2,Ferro Fibroso,Single,10,,6,10,XL Engine,Compra,NO
Axman AXM-6T Axman,65,Pesado,3083,1830,17607884,5,8,0,Inner Sphere,,,,,,,4,,,,,,,,,,,,,,,,,,,,,,,,,,,,,,,,,,,,,,,,,,,,,,,10,"12,2",195,2,Ferro Fibroso,Double,20,,20,20,XL Engine,Compra,NO
Baboon (Howler) 2 Baboon (Howler),20,Ligero,3063,757,2688240,6,9,0,Clan,,,,,,,,,,,,,,,,,,,,,,,,,,,,,,,,,4,,,,,,,,,,,,,,,,,,,,,10,"3,6",57,2,Ferro Fibroso,Double,20,,8,24,XL Engine,Compra,NO
Baboon (Howler) 3 'Devil' Baboon (Howler),20,Ligero,3066,1277,2622240,6,9,0,Clan,,,,,,,,,,,,,,,,1,,,,,,,,,,,,,,,,,,,,,,,,,,,,,,,,,,,,,,10,"3,6",57,2,Ferro Fibroso,Double,20,,15,10,XL Engine,Compra,NO
Baboon (Howler) 4 Baboon (Howler),20,Ligero,2877,506,1923440,7,11,7,Clan,,,,,,,,,,,,,,,,,,,1,,,,,,,,,,,,,,,,,,,,,,,,,,,,,,,,,,,10,"4,2",67,2,Ferro Fibroso,Double,20,,2,5,Fusion Engine,Compra,NO
Baboon (Howler) 5 Baboon (Howler),20,Ligero,3053,1363,2126240,7,11,0,Clan,,,,,,,6,,,,,,,,,,,,,,,,,,,,,,,,,,,,,,,,,,,,,,,,,,,,,,,10,"3,6",57,2,Ferro Fibroso,Double,20,,30,30,Fusion Engine,Compra,NO
Baboon (Howler) 6 Baboon (Howler),20,Ligero,3086,550,2072240,7,11,0,Clan,,,,,,,,,,,,,,,,,,,,,,,,,2,,,,,,,,,,,,,,,,,,,,,,,,,,,,,10,"3,6",57,2,Ferro Fibroso,Double,20,,8,24,Fusion Engine,Compra,NO
Baboon (Howler)  Baboon (Howler),20,Ligero,2871,645,1808240,7,11,0,Clan,,,,,,,,,,,,,,,,,,,3,,,,,,,,,,,,,,,,,,,,,,,,,,,,,,,,,,,10,"3,6",57,2,Ferro Fibroso,Double,20,,6,15,Fusion Engine,Compra,NO
Bakeneko BKN-1K Bakeneko,55,Medio,3100,2022,13523090,6,9,6,Mixed,,,,,,,1,,,,1,,,,1,,,,,,,,,,,,,,,,,,,,,,,,,,,,,,,,,,,,,,,10,"11,5",184,2,Estandar,Double,20,,25,24,XL Engine,Compra,NO
Balius  Balius,65,Pesado,3074,2157,19834031,6,9,6,Clan,1,,,,,,9,6,,8,2,8,1,,,1,,,,,1,,,,,,,1,,,,,,,2,,,,,,,,,,,,,,,,,,,10,"13,2",211,4,Ferro Fibroso,Double,20,,239,292,XL Engine,Compra,NO
Bandersnatch BNDR-01A Bandersnatch,75,Pesado,3052,1478,15795250,4,6,0,Inner Sphere,,,,6,,,,,,,,,,,,,,,3,,,,,,,,,,,,,,,,,,,,,,,,,,,,2,,,,,,,10,"11,0",176,2,Estandar,Double,20,,28,65,XL Engine,Compra,NO
Bandersnatch BNDR-01Ar Bandersnatch,75,Pesado,3071,1522,16024937,4,6,0,Inner Sphere,,,,4,,1,,,,,,,,,,,,,3,,,,,,,,,,,,,,,,,,,,,,,,,,,,2,,,,,,,10,"11,0",176,2,Estandar,Double,20,,24,58,XL Engine,Compra,NO
Bandersnatch BNDR-01B Bandersnatch,75,Pesado,3065,1630,12445500,4,6,0,Inner Sphere,,,,4,,,,,,,,,,,1,,,,2,,,,,,,1,,,,,,,,,,,,,,,,,1,,,,,,,,,,,10,"13,0",208,2,Estandar,Double,20,,32,54,Light Fusion Engine,Compra,NO
Bandersnatch Horus Bandersnatch,75,Pesado,3061,1584,15489875,4,6,0,Inner Sphere,,,,2,,,,1,,,,,,,,,,,,,,,,,,,,,,,,,,,,,,,,2,,,,,,,,,,,,,,11,"14,4",231,2,Estandar,Double,22,,32,58,XL Engine,Compra,NO
Bane (Kraken) 2 Bane (Kraken),100,Asalto,3053,2502,22828500,3,5,0,Clan,,4,,,,,,,,,,,,,,,,,,,,,,,,,,,,,,,,,,,,,,,,,4,,,,,,,,,,,10,"19,0",304,2,Estandar,Double,20,,16,48,XL Engine,Compra,NO
Bane (Kraken) 3 Bane (Kraken),100,Asalto,3054,2941,23538000,3,5,0,Clan,,,,,,,,,,,,,,,,,,,,,8,,,,,,1,,,,,,,,,,,,,,,,,,,,,,,,,,,19,"19,0",304,2,Estandar,Double,38,,43,128,XL Engine,Compra,NO
Bane (Kraken) 4 Bane (Kraken),100,Asalto,3066,2709,23834000,3,5,0,Clan,,,,,,,,1,,,,,,,,,,,,,,,,,,,,,,,,,,3,,,,,,,,,,2,,,,,,,,,,17,"19,0",304,2,Estandar,Double,34,,40,84,XL Engine,Compra,NO
Bane (Kraken)  Bane (Kraken),100,Asalto,2827,1950,22504500,3,5,0,Clan,,4,,,,,,,,,,,,,,,,,,,,,,,,,,,,,,,,,,,,,,,10,,,,,,,,,,,,,10,"19,0",304,2,Estandar,Double,20,,10,28,XL Engine,Compra,NO
Banshee BNC-3E Banshee,95,Asalto,2475,1422,9526577,4,6,0,Inner Sphere,,,1,,,,,,,,,,,,1,,,,,,,,,,,,,,,,,,,,,,,1,,,,,,,,,,,,,,,,16,"15,0",240,2,Estandar,Single,16,,12,18,Fusion Engine,Compra,NO
Banshee BNC-3M Banshee,95,Asalto,2579,1595,9824327,4,6,0,Inner Sphere,,,1,2,,,,,,,,,,,2,,,,,,,,,,,,,,,,,,,,,,,,,,,,,,,,,,,,,,,16,"15,0",240,2,Estandar,Single,16,,27,33,Fusion Engine,Compra,NO
Banshee BNC-3MC Banshee,95,Asalto,3037,1487,9660827,4,6,0,Inner Sphere,,,1,,,,,,,,,,,,1,,,,,,,,,,,,,,,,,,,,,,,,1,,,,,,,,,,,,,,,11,"15,0",240,2,Estandar,Single,11,,14,23,Fusion Engine,Compra,NO
Banshee BNC-3Mr Banshee,95,Asalto,3073,1801,10534127,4,6,0,Inner Sphere,,,1,,,,2,,,,,,,,,2,,,,,,,,,,,,,,,,,,,,,,,,,,,,,,,,,,,,,,16,"15,0",240,2,Estandar,Double,32,,41,33,Fusion Engine,Compra,NO
Banshee BNC-3Q Banshee,95,Asalto,2915,1394,9517727,4,6,0,Inner Sphere,,,1,,,,,,,,,,,,,,,,,,,,,,,,,,,,,,,,,,,,,1,,,,,,,,,,,,,,12,"15,0",240,2,Estandar,Single,12,,8,23,Fusion Engine,Compra,NO
Banshee BNC-3S (Reinesblatt) Banshee,95,Asalto,3029,1678,8373765,3,5,0,Inner Sphere,,,2,4,1,,,,,,,,,,,,,,,1,,,,,,,,,,,,,,,,,,,1,,,,,,,,,,,,,,,21,"15,0",240,2,Estandar,Single,21,,29,54,Fusion Engine,Compra,NO
Banshee BNC-3S Banshee,95,Asalto,3039,1803,19914470,3,5,0,Inner Sphere,,,,4,,,,,,,,,,,,2,,,,,,,,,,2,,,,,,,,,,,,,,1,,,,,,,,,,,,,,27,"16,0",256,2,Estandar,Single,27,,53,68,XL Engine,Compra,NO
Banshee BNC-3SS Banshee,95,Asalto,3026,1751,8833695,3,5,0,Inner Sphere,,,2,4,,,,,,,,,,,2,,,,,,,,,,1,,,,,,,,,,,,,,1,,,,,,,,,,,,,,,21,"15,0",240,2,Estandar,Single,21,,41,68,Fusion Engine,Compra,NO
Banshee BNC-5S (Sawyer) Banshee,95,Asalto,3057,2094,25395765,4,6,4,Inner Sphere,,,2,4,,,,,,,,,,,,1,,,,,,,,,1,,,,,,,,,,,,,,,,,,,,,,,,,,1,,,13,"15,0",240,2,Estandar,Double,26,,34,63,XL Engine,Compra,NO
Banshee BNC-5S (Vandergriff) Banshee,95,Asalto,3062,1853,25940590,4,6,4,Inner Sphere,,,,2,,,,,,,,,,,,2,,,,,,,,1,,,,,,,,,,,,,,,,,,,,,,,1,,,,,,,14,"15,0",240,2,Estandar,Double,28,,41,48,XL Engine,Compra,NO
Banshee BNC-5S Banshee,95,Asalto,3053,2065,25399665,4,6,0,Inner Sphere,,,2,4,,,,,,,,,,,,2,,,,,,,,,1,,,,,,,,,,,,,,,,,,,,,,,,,,1,,,14,"15,0",240,2,Estandar,Double,28,,49,73,XL Engine,Compra,NO
Banshee BNC-6S Banshee,95,Asalto,3062,1889,20662477,4,6,0,Inner Sphere,,,1,,,,,,,,,,,,,,,,,,,,,,,,,,,,,,,,,,,,,,,,,,,,1,,,,,1,,10,"14,5",232,2,Estandar,Double,20,,4,38,Light Fusion Engine,Compra,NO
Banshee BNC-7S Banshee,95,Asalto,3063,2126,20724520,4,6,0,Inner Sphere,,,,,,,4,,,,,,,,,1,,,,,,,,,1,,,,,,,,,,,,,,,,,,,,,,,,,,1,,,14,"15,5",248,2,Estandar,Double,28,,40,57,Light Fusion Engine,Compra,NO
Banshee BNC-8S Banshee,95,Asalto,3070,2408,29653215,4,6,0,Inner Sphere,,,1,2,,1,2,1,,,,,,,,,1,,,,,,,,,,,,,,,,,,,,,,,,,,,,,,1,,,,,,,13,"18,0",288,2,Estandar,Double,26,,43,54,XL Engine,Compra,NO
Banshee BNC-9S Banshee,95,Asalto,3071,2496,17157970,3,5,0,Inner Sphere,,,,1,,,3,,,,,,,,1,,,1,,,,,,,1,,,,,,,,,,,,,,,,,,,,,,,,,,1,,,14,"18,0",288,2,Estandar,Double,28,,48,72,Light Fusion Engine,Compra,NO
Banshee BNC-9S2 Banshee,95,Asalto,3109,2426,17872470,3,5,0,Inner Sphere,,,,,,,1,,,,,,,,2,,,1,,,,,,,,,,,,,,,,,,,,,,,,,,,,,,,,,1,,,14,"18,0",288,2,Estandar,Double,28,,41,55,Light Fusion Engine,Compra,NO
Barghest BGS-1T Barghest,70,Pesado,3058,1787,16392866,5,8,0,Inner Sphere,,,,,,,,2,,,,,,,,,,,,,,,,,,,,,,,,,,,,,,,,,,,,,,,,1,,,,,,10,"13,0",208,4,Estandar,Double,20,,30,36,XL Engine,Compra,NO
Barghest BGS-2T Barghest,70,Pesado,3059,1794,16018066,5,8,0,Inner Sphere,,,,,,,,,,,,,,,,1,,,,,,,,,,,,,,,,,,,,,,,,,,,,1,,,,,,,,,,11,"14,0",224,4,Estandar,Double,22,,23,30,XL Engine,Compra,NO
Barghest BGS-3T Barghest,70,Pesado,3060,1900,15871866,5,8,0,Inner Sphere,,,,,,,,1,,,,,,,,,,,,,,,,,,,,,,,,,,,,,,,,,,,,,,,,,,,,1,,10,"14,0",224,4,Estandar,Double,20,,13,33,XL Engine,Compra,NO
Barghest BGS-4T Barghest,70,Pesado,3083,1734,7766833,4,6,0,Inner Sphere,,,,,,,1,1,,,,,,,,,,,,,,,,,,,,,,,,,,,,,,,,,,,,,,,,,,,,1,,10,"12,5",200,4,Estandar,Double,20,,18,38,Fusion Engine,Compra,NO
Barghest BGS-7S Barghest,70,Pesado,3074,1526,16606266,5,8,0,Inner Sphere,1,,,,,,,,,1,,,,,2,,,,,,,,,,,,,,,,,,,,,,,,,,,,,,,,,,,,,,,12,"14,6",233,4,Ferro Fibroso,Double,24,,27,28,XL Engine,Compra,NO
Battle Cobra BTL-C-2O Battle Cobra,40,Medio,3065,944,5168333,5,8,0,Inner Sphere,,,,3,,,,,1,3,2,,,,4,,,,,,,,,,,,,,4,,,,,,,,,,,,,,,,,,,,,,,,2,10,"7,8",125,2,Ferro Fibroso,Double,20,,119,154,Fusion Engine,Compra,NO
Battle Cobra  Battle Cobra,40,Medio,2873,1487,4595500,6,9,6,Clan,,,,,,,3,2,11,7,2,,7,,,2,,,,,,,,,,,,,,,,,,,1,,,,,,,1,,,,,,,,,,,,10,"7,8",124,2,Ferro Fibroso,Double,20,,195,237,Fusion Engine,Compra,NO
Battle Hawk BH-K305 Battle Hawk,30,Ligero,3053,771,3745140,5,8,5,Inner Sphere,,,,,,,,,,3,,,,,,,,,,,,,,,,1,,,,,,,,,,,,,,,,,,,,,,,,,,,,11,"6,1",98,2,Ferro Fibroso,Double,22,,14,22,XL Engine,Compra,NO
Battle Hawk BH-K306 Battle Hawk,30,Ligero,3067,926,3530640,5,8,5,Inner Sphere,,,,,,,3,,,,,,,,,,,,,,,,,,,,1,,,,,,,,,,,,,,,,,,,,,,,,,,,11,"6,1",98,2,Ferro Fibroso,Double,22,,18,23,Light Fusion Engine,Compra,NO
Battleaxe BKX-7K Battleaxe,70,Pesado,2475,1329,6344733,4,6,4,Inner Sphere,,,,,,,,,,,,,,,2,,,,2,,,,,,1,,,,,,,,,,,,,,,,,,,,,,,,,,,,,15,"9,0",144,2,Estandar,Single,15,,28,42,Fusion Engine,Compra,NO
Battleaxe BKX-7NC Battleaxe,70,Pesado,2480,1252,6065933,4,6,0,Inner Sphere,,,,,,,,,,,,,,,2,,,,4,,,,,,1,,,,,,,,,,,,,,,,,,,,,,,,,,,,,15,"9,0",144,2,Estandar,Single,15,,32,52,Fusion Engine,Compra,NO
Battleaxe BKX-8D Battleaxe,70,Pesado,3073,1592,11830400,4,6,4,Inner Sphere,,,,,,,4,,,,,,,,,,,,,,,,,,,,,,,,,,,,,,,,,,,,,,,,,,,,,,,15,"13,6",217,2,Ferro Fibroso,Double,30,,20,20,Light Fusion Engine,Compra,NO
Battlemaster BLR-10S Battlemaster,85,Asalto,3070,1930,14904042,3,5,0,Inner Sphere,,,,,,1,6,,,,,,,,,1,,,,,,,,,,,1,,,,,,,,,,,,,,,,,,,,,,,,,,,20,"16,4",263,2,Estandar,Double,40,,50,51,Compact Fusion Engine,Compra,NO
Battlemaster BLR-10S2 Battlemaster,85,Asalto,3072,1930,15368022,3,5,0,Inner Sphere,,,,,,1,6,,,,,,,,,1,,,,,,,,,,,1,,,,,,,,,,,,,,,,,,,,,,,,,,,19,"16,4",263,2,Estandar,Double,38,,50,51,Compact Fusion Engine,Compra,NO
Battlemaster BLR-1D Battlemaster,85,Asalto,2867,1522,8145193,4,6,0,Inner Sphere,,2,,4,,,,,,,,,,,1,,,,,,,,,,,,,,,,,,,,,,,,,,,,,,,,,,,,,,,24,"15,5",248,2,Estandar,Single,24,,22,34,Fusion Engine,Compra,NO
Battlemaster BLR-1G-Bl Battlemaster,85,Asalto,2633,1551,8442393,4,6,0,Inner Sphere,,,,6,,,,,,,,,,,1,,,,,,,,,,1,,,,,,,,,,,,,,,,,,,,,,,,,,,,,20,"14,5",232,2,Estandar,Single,20,,32,52,Fusion Engine,Compra,NO
BattleMaster BLR-1G-DC BattleMaster,85,Asalto,2855,1494,9227793,4,6,0,Inner Sphere,,2,,4,,,,,,,,,,,1,,,,,,,,,,1,,,,,,,,,,,,,,,,,,,,,,,,,,,,,17,"14,5",232,2,Estandar,Single,17,,26,46,Fusion Engine,Compra,NO
Battlemaster BLR-1G Battlemaster,85,Asalto,2633,1519,8454493,4,6,0,Inner Sphere,,2,,6,,,,,,,,,,,1,,,,,,,,,,1,,,,,,,,,,,,,,,,,,,,,,,,,,,,,18,"14,5",232,2,Estandar,Single,18,,32,56,Fusion Engine,Compra,NO
Battlemaster BLR-1Gb Battlemaster,85,Asalto,2760,1825,9496543,4,6,0,Inner Sphere,,,,4,,,,,,,1,,,,,2,,,,,,,,,,,,,,,,,,,,,,,,,,,,,,,,,,,,,,17,"14,5",232,2,Estandar,Double,34,,52,49,Fusion Engine,Compra,NO
Battlemaster BLR-1Gbc Battlemaster,85,Asalto,2763,1825,10388243,4,6,0,Inner Sphere,,,,4,,,,,,,1,,,,,2,,,,,,,,,,,,,,,,,,,,,,,,,,,,,,,,,,,,,,14,"14,5",232,2,Estandar,Double,28,,52,49,Fusion Engine,Compra,NO
Battlemaster BLR-1Gc Battlemaster,85,Asalto,2763,1577,9519093,4,6,0,Inner Sphere,,,,6,,,,,,,,,,,1,,,,,,,,,,1,,,,,,,,,,,,,,,,,,,,,,,,,,,,,17,"14,5",232,2,Estandar,Double,34,,32,52,Fusion Engine,Compra,NO
Battlemaster BLR-1S Battlemaster,85,Asalto,3025,1507,8225643,4,6,0,Inner Sphere,,,,4,,,,,,,,,,,,,,,1,,1,,2,,,,,,,,,,,,,,,,,,,,,,,,,,,,,,,20,"14,5",232,2,Estandar,Single,20,,23,48,Fusion Engine,Compra,NO
BattleMaster BLR-2C BattleMaster,85,Asalto,2925,1563,9923293,4,6,0,Inner Sphere,,,,4,,,,,,,,,,,,1,,,,,,,,,1,,,,,,,,,,,,,,,,,,,,,,,,,,,,,17,"14,5",232,2,Estandar,Single,17,,31,42,Fusion Engine,Compra,NO
BattleMaster BLR-3M-DC BattleMaster,85,Asalto,3053,1627,9658843,4,6,0,Inner Sphere,,1,,4,,,,,,,,,,,,1,,,,,,,,,1,,,,,,,,,,,,,,,,,,,,,,,,,,,,,17,"14,5",232,2,Estandar,Double,34,,31,44,Fusion Engine,Compra,NO
BattleMaster BLR-3M BattleMaster,85,Asalto,3049,1679,8892943,4,6,0,Inner Sphere,,1,,6,,,,,,,,,,,,1,,,,,,,,,1,,,,,,,,,,,,,,,,,,,,,,,,,,,,,18,"14,5",232,2,Estandar,Double,36,,37,54,Fusion Engine,Compra,NO
BattleMaster BLR-3S BattleMaster,85,Asalto,3050,1441,19693043,4,6,0,Inner Sphere,,,,,,,,,,6,,,,,,,,,,,,1,,,1,,,,,,,,,,,,,,,,,,,,,,,,,,,,,22,"14,0",224,2,Estandar,Single,22,,34,68,XL Engine,Compra,NO
Battlemaster BLR-4L Battlemaster,85,Asalto,3081,1890,17906980,4,6,3,Inner Sphere,,,,,,,2,,,,,,,,2,,,,,,,,,,,,,,,,,,,,,,,,,,,,,,,,,,,,1,,,12,"13,0",208,2,Furtivo,Double,24,,31,45,Light Fusion Engine,Compra,NO
Battlemaster BLR-4S (Calvin II) Battlemaster,85,Asalto,3071,2274,17353060,4,6,0,Inner Sphere,,2,,,,,4,,,,,,,,2,,,,,,,,,,,,,1,,,,,,,,,,,,,,,,,,,,,,1,,,,15,"14,0",224,2,Estandar,Double,30,,45,61,Light Fusion Engine,Compra,NO
Battlemaster BLR-4S (Calvin) Battlemaster,85,Asalto,3070,2029,17204560,4,6,0,Inner Sphere,,,,2,,,4,,,,,,,,2,,,,,,,,,,,,,1,,,,,,,,,,,,,,,,,,,,,,1,,,,15,"15,1",241,2,Ferro Fibroso,Double,30,,51,67,Light Fusion Engine,Compra,NO
Battlemaster BLR-4S Battlemaster,85,Asalto,3062,2018,16841310,4,6,0,Inner Sphere,,,,2,,,4,,2,,,,,,,,,,,,,,,,1,,,,,,,,,,,,,,,,,,,,,,,,,,1,,,13,"15,1",241,2,Ferro Fibroso,Double,26,,35,63,Light Fusion Engine,Compra,NO
Battlemaster BLR-5M Battlemaster,85,Asalto,3067,1766,9331543,4,6,0,Inner Sphere,,,,,,,6,1,,,,,,,,,,,,,,,,,,,,,,,,,,,,,,,,,,,,,,,,,,,1,,,14,"14,5",232,2,Estandar,Double,28,,43,53,Fusion Engine,Compra,NO
BattleMaster BLR-6C BattleMaster,85,Asalto,3081,1557,17969085,4,6,0,Inner Sphere,,,,,,2,,,,,,,,,,,,,,,,,,,,,,1,,,,,,,,,,,,,,,,,,,,,,,,,,10,"15,5",248,2,Estandar,Double,20,,8,18,Light Fusion Engine,Compra,NO
BattleMaster BLR-6G BattleMaster,85,Asalto,3088,1960,17231435,4,6,0,Inner Sphere,,,,,,2,,,,,,,,,4,,,1,,,,,,,,,,1,,,,,,,,,,,,,,,,,,,,,,,,,,16,"15,5",248,2,Estandar,Double,32,,63,73,Light Fusion Engine,Compra,NO
BattleMaster BLR-6X BattleMaster,85,Asalto,3085,1966,184654276,5,8,0,Inner Sphere,,,,,,,2,,,,,,,,,1,,1,,,,,,,,,,1,,,,,,,,,,,,,,,,,,,,,,,,,,16,"15,0",240,2,Estandar,Double,32,,44,47,XXL Engine,Compra,NO
Battlemaster BLR-CM Battlemaster,85,Asalto,3067,1883,13331300,3,5,3,Inner Sphere,,,,,,,2,,,,,,,,,1,,,,,,,,,,,,,,,1,,,,,,,,,,,,,,,,,,,,,,,16,"16,0",256,2,Estandar,Double,32,,35,50,Fusion Engine,Compra,NO
Battlemaster BLR-K3 Battlemaster,85,Asalto,3067,1851,23327863,4,6,0,Inner Sphere,,,,,,,4,2,,,,,,,,1,,,,,,,,,,,,1,,,,,,,,,,,,,,,,,,,,,,,,,,18,"16,0",256,2,Estandar,Double,36,,63,58,XL Engine,Compra,NO
Battlemaster BLR-K4 Battlemaster,85,Asalto,3073,2232,21748085,3,5,5,Inner Sphere,,,,,,,2,,,,1,,,,,,1,,,,,,,,,,,,,,,,,,,,,,,,,,,,,,,,,,1,,,14,"15,0",240,2,Estandar,Double,28,,31,44,XL Engine,Compra,NO
Battlemaster BLR-M3 Battlemaster,85,Asalto,3070,1674,19363805,4,6,0,Inner Sphere,,,,,,,,,,2,,,,,2,,,,,,,,,,,,,,,,,,,,,,,,,,,,,,,,,,,,1,,,12,"16,4",263,2,Ferro Fibroso,Double,24,,29,47,Light Fusion Engine,Compra,NO
BattleMaster C 3 BattleMaster,85,Asalto,3145,2532,9567693,4,6,0,Clan,,2,,,,,6,,,,,,,,,1,,,,,,,,,,,,1,,,,,,,,,,,,,,,,,,,,,,,,,,18,"14,5",232,2,Estandar,Double,36,,49,56,Fusion Engine,Compra,NO
BattleMaster C BattleMaster,85,Asalto,3070,3025,20993343,4,6,0,Clan,,,,,,,2,,,4,,,,,,,,,,,,,,,,,,,,,,,,1,,,,,,,,,,,,,,,,,,,,15,"16,4",263,2,Estandar,Double,30,,30,46,XL Engine,Compra,NO
Bear Cub 2 Bear Cub,25,Ligero,3070,988,3507229,8,12,0,Clan,,,,,,1,2,,,,,,,,,,,,,,,,,2,,,,,,,,,,,,,,,,,,,,,,,,,,,,,,12,"4,5",72,2,Estandar,Single,12,,18,29,XL Engine,Compra,NO
Bear Cub 3 Bear Cub,25,Ligero,3071,1086,3438229,8,12,0,Clan,,,,,,1,2,,,,,,,,,,,,2,,,,,,,,,,,,,,,,,,,,,,,,,,,,,,,,,,,12,"4,5",72,2,Estandar,Single,12,,16,23,XL Engine,Compra,NO
Bear Cub  Bear Cub,25,Ligero,3068,1052,3472729,8,12,0,Clan,,,,,,1,2,,,,,,,,,,,,1,,,,,1,,,,,,,,,,,,,,,,,,,,,,,,,,,,,,12,"4,5",72,2,Estandar,Single,12,,17,26,XL Engine,Compra,NO
Behemoth (Stone Rhino) 2 Behemoth (Stone Rhino),100,Asalto,3061,3107,23960000,3,5,3,Clan,,,,,,,,,,,,2,4,2,,,,,,,,,,,,,,,,,,,,,,,,,,,,,,,,,,,,,2,,,16,"19,0",304,2,Estandar,Double,32,,72,114,XL Engine,Compra,NO
Behemoth (Stone Rhino) 3 Behemoth (Stone Rhino),100,Asalto,3068,3072,23192000,3,5,3,Clan,,,,,,,,,,,4,,,,,,,,,,,,,,,,,,,,,,,,2,,,,,,,,,,,,,,,,,,,21,"19,0",304,2,Estandar,Double,42,,52,72,XL Engine,Compra,NO
Behemoth (Stone Rhino) 4 Behemoth (Stone Rhino),100,Asalto,2846,2601,23428000,3,5,3,Clan,,4,,,,,4,,,,,,,,,,,,,4,,,,,,,,,,,,,,,,,,,,,,,2,,,,,,,,,,,17,"16,5",264,2,Estandar,Single,17,,44,88,XL Engine,Compra,NO
Behemoth (Stone Rhino) 5 Behemoth (Stone Rhino),100,Asalto,2825,2157,28995333,4,6,0,Clan,,,,,,,6,,,,,,,,,,,,,,,,,,,,,,,,,,,,,,,,,,,,,,,4,,,,,,,,12,"16,5",264,2,Estandar,Double,24,,34,50,XL Engine,Compra,NO
Behemoth (Stone Rhino) 6 Behemoth (Stone Rhino),100,Asalto,2999,2981,28011833,4,6,2,Clan,,,,,,1,,,,14,,,,,,,,,,,,,,,,,,,,,,,,,,,,,,,,,,,,,,,,,,,,18,"19,2",307,2,Ferro Fibroso,Double,36,,58,87,XL Engine,Compra,NO
Behemoth (Stone Rhino) 7 Behemoth (Stone Rhino),100,Asalto,3001,2916,10344000,3,5,3,Clan,,,,,,,,3,1,,2,,,,,,,,,,,,,,,,,,,,,,,,,,,,,,,,,,,,,,,,,,,26,"18,0",288,2,Estandar,Double,52,,58,45,Fusion Engine,Compra,NO
Behemoth (Stone Rhino) 8 Behemoth (Stone Rhino),100,Asalto,3128,2804,10272000,3,5,0,Clan,,,,,,,,,1,,2,,,,,,,,,,,,,,,,,,,,,,,,,,,,,,,,,,,,,,,,2,,,10,"18,0",288,2,Estandar,Double,20,,24,51,Fusion Engine,Compra,NO
Behemoth (Stone Rhino)  Behemoth (Stone Rhino),100,Asalto,2847,3001,10432000,3,5,3,Clan,,,,,,,,,1,,2,,,,,,,,,,,,,,,,,,,,,,,,,,,,,,,,,,,,,,,,2,,,10,"18,0",288,2,Estandar,Double,20,,24,51,Fusion Engine,Compra,NO
Beowulf BEO-12 Beowulf,45,Medio,3058,1319,9180240,6,9,6,Inner Sphere,,,,,,,2,,,,1,,,,,,,,,,,,,,,,,,,,,,,,,,,,,,,,,,,,,,,,,,,12,"9,5",152,2,Ferro Fibroso,Double,24,,20,19,XL Engine,Compra,NO
Beowulf BEO-14 Beowulf,45,Medio,3075,1287,9878777,6,9,6,Inner Sphere,,,1,,,2,1,,,,,,,,,,,,,,,,,,,,,,,,,,,,,,,,,,,,,,,,,,,,,,,10,"9,5",152,2,Ferro Fibroso,Double,20,,10,14,XL Engine,Compra,NO
Beowulf IIC  Beowulf IIC,45,Medio,3084,2048,10260490,6,9,6,Clan,,,,,,,,,,2,1,,,,,,,,,,,,,,,,,,,,,,,,,,,,,,,,,,,,,,,,,,,12,"9,6",153,2,Ferro Fibroso,Double,24,,18,21,XL Engine,Compra,NO
Berserker BRZ-A3 Berserker,100,Asalto,3056,2117,32118333,4,6,0,Inner Sphere,1,,,,,,,,,,2,,,,,1,,,,,,,,,,,,,,,,,,,,,,,,,,,,,,,,,,,,,,16,"18,5",296,2,Estandar,Double,32,,38,30,XL Engine,Compra,NO
Berserker BRZ-A3BL Berserker,100,Asalto,3056,2109,32115333,4,6,0,Inner Sphere,,,,,,,,,,,2,,,,,1,,,,,,,,,,,,,,,,,,,,,,,,,,,,,,,,,,,,,,17,"18,5",296,2,Estandar,Double,34,,35,28,XL Engine,Compra,NO
Berserker BRZ-B3 Berserker,100,Asalto,3056,2020,31938333,4,6,0,Inner Sphere,1,,,,,,,,,,,,,,,1,,,,2,,,,,,,,,,,,,,,,,,,,,,,,,,,,,,,,,,16,"18,5",296,2,Estandar,Double,32,,26,32,XL Engine,Compra,NO
Berserker BRZ-B3BL Berserker,100,Asalto,3056,2099,31915333,4,6,0,Inner Sphere,,,,,,,,,,,,,,,,1,,,,,,,,,,,,,,,,,,,,,,,,,,,,1,,,,,,,,,,13,"19,0",304,2,Ferro Fibroso,Double,26,,23,30,XL Engine,Compra,NO
Berserker BRZ-B5BL Berserker,100,Asalto,3056,1920,28031333,4,6,0,Inner Sphere,,,,,,,,,,,2,,,,,,,,,,,,,,,,,,,,,,,,,,,,,,,,,,,,,,,1,,,,14,"16,5",264,2,Estandar,Double,28,,21,23,XL Engine,Compra,NO
Berserker BRZ-B6BL Berserker,100,Asalto,3056,1918,28515333,4,6,0,Inner Sphere,,,,,,,,,,4,,,,,,1,,,,,,,,,,,,,,,,,,,,,,,,,,,,,,,,1,,,,,,16,"16,5",264,2,Estandar,Double,32,,37,54,XL Engine,Compra,NO
Berserker BRZ-B7BL Berserker,100,Asalto,3056,1827,27912333,4,6,0,Inner Sphere,,,,,,,,,,4,,,,,,,,,,,,,,,,,,,,,,,,,,,,,,,,,,,,,,1,,,,,,12,"17,4",279,2,Ferro Fibroso,Double,24,,22,44,XL Engine,Compra,NO
Berserker BRZ-C-BL Berserker,100,Asalto,3058,1979,28567333,4,6,4,Inner Sphere,,,,,,,,,,4,,,,,,1,,,,,,,,,,,,,,,,,,,,,,,,,,,,,,,,,,,,,,18,"19,2",307,2,Estandar,Double,36,,31,34,XL Engine,Compra,NO
Berserker BRZ-C3 Berserker,100,Asalto,3067,2395,26333000,4,6,0,Inner Sphere,1,,,,,,6,,,,,,,,,1,,,,,,,,,,,,,,,,,,,,,,,,,,,,,,,,,,,,,,15,"18,5",296,2,Estandar,Double,30,,48,42,Light Fusion Engine,Compra,NO
Berserker BRZ-D4 Berserker,100,Asalto,3112,2659,35986333,4,6,4,Mixed,1,,,,,,4,,,,,,,,,,,,,,,,,,,,,,,,,,,,,,,,,,,,,,,,,,,,,,,16,"18,4",294,2,Estandar,Double,32,,23,22,XL Engine,Compra,NO
Bishamon BSN-3K Bishamon,45,Medio,3060,1374,8871750,7,11,0,Inner Sphere,,,,,,,2,,,2,,,,,,,,,,,,,,,,,,,,1,,,,,,,,,,,,,,,,,,,,,,,,10,"10,5",168,4,Estandar,Double,20,,24,42,XL Engine,Compra,NO
Bishamon BSN-4K Bishamon,45,Medio,3060,1105,10738625,7,11,0,Inner Sphere,,,,,,2,,,,2,,,,,,,,,,,,,,,,,,,1,,,,,,,,,,,,,,,,,,,,,,,,,10,"10,5",168,4,Estandar,Double,20,,16,28,XL Engine,Compra,NO
Bishamon BSN-5KC Bishamon,45,Medio,3076,1443,9730950,7,11,0,Inner Sphere,,,,,,,1,,,2,,,,,,,1,,,,,,,,,,,,,,,,,,,,,,,,,,,,,,,,,,,,,11,"10,6",169,4,Ferro Fibroso,Double,22,,23,27,XL Engine,Compra,NO
Black Hawk (Nova)  Black Hawk (Nova),50,Medio,2870,2663,11586250,5,8,5,Clan,,14,,,,1,24,,1,7,1,,18,,,3,,,,,,1,,1,,,,,,,,,,,,1,,,,,,1,,,,1,,,,,1,,,14,"10,0",160,2,Estandar,Double,28,,353,492,XL Engine,Compra,NO
Black Hawk (Standard) 2 Black Hawk (Standard),50,Medio,3092,2161,9300500,5,8,5,Clan,,,,,,,,2,,,,,,,,,,,,,,,,,,,,,,,,,,2,,,,,,,,,,,,,,,,,,,,14,"9,5",152,2,Estandar,Double,28,,32,40,XL Engine,Compra,NO
Black Hawk (Standard) 3 Black Hawk (Standard),50,Medio,3092,2317,9012500,5,8,5,Clan,,,,,,,4,2,,,,,,,,,,,,,,,,,,,,,,,,,,,,,,,,,,,,,,,,,,,,,,22,"8,5",136,2,Estandar,Double,44,,44,36,XL Engine,Compra,NO
Black Hawk (Standard)  Black Hawk (Standard),50,Medio,3073,2183,9366500,5,8,5,Clan,,,,,,,,2,,,,,,,,,,,,,,,,,,,4,,,,,,,,,,,,,,,,,,,,,,,,,,,14,"8,5",136,2,Estandar,Double,28,,36,48,XL Engine,Compra,NO
Black Hawk-KU BHKU-O Black Hawk-KU,60,Pesado,3058,1731,14595000,5,8,5,Inner Sphere,,,2,21,,,23,3,,4,1,,,,2,3,1,1,,,,1,,,,,,2,,,,,,,,,,,,,,1,,,,,,,,,1,,,14,"12,5",200,2,Estandar,Double,28,,348,422,XL Engine,Compra,NO
Black Hawk-KU BHKU-S1 Black Hawk-KU,60,Pesado,3058,1731,14694000,5,8,5,Inner Sphere,,,2,37,,,23,3,,4,1,,,,2,3,1,1,,,,2,,,,,,2,,,,,,,,,,,,,,1,,,,,,,,,1,,,14,"12,5",200,2,Estandar,Double,28,,402,522,XL Engine,Compra,NO
Black Knight BL-10-KNT (Ross) Black Knight,75,Pesado,3055,2103,9070687,4,6,0,Inner Sphere,,,,,,1,2,,,3,,,,,,1,,,,,,,,,,,,,,,,,,,,,,,,,,,,,,,,,,,,,,15,"14,4",231,2,Ferro Fibroso,Double,30,,39,41,Fusion Engine,Compra,NO
Black Knight BL-12-KNT Black Knight,75,Pesado,3063,1840,7460250,4,6,0,Inner Sphere,,,,,2,,4,,,,,,,,,1,,,,,,,,,,,,,,,,,,,,,,,,,,,,,,,,,,,,,,16,"13,0",208,2,Estandar,Double,32,,51,46,Fusion Engine,Compra,NO
Black Knight BL-6-KNT Black Knight,75,Pesado,2578,1551,7136937,4,6,0,Inner Sphere,,,1,4,2,,,,,,,,,,1,,,,,,,,,,,,,,,,,,,,,,,,,,,,,,,,,,,,,,,20,"13,0",208,2,Estandar,Single,20,,39,49,Fusion Engine,Compra,NO
Black Knight BL-6-RR Black Knight,75,Pesado,3057,1954,7595437,4,6,0,Mixed,,,1,,2,,4,,,,,,,,,1,,,,,,,,,,,,,,,,,,,,,,,,,,,,,,,,,,,,,,21,"13,0",208,2,Estandar,Single,21,,52,49,Fusion Engine,Compra,NO
Black Knight BL-6b-KNT Black Knight,75,Pesado,2760,1627,7707437,4,6,0,Inner Sphere,,,1,4,,,,,,,2,,,,,1,,,,,,,,,,,,,,,,,,,,,,,,,,,,,,,,,,,,,,16,"13,0",208,2,Estandar,Double,32,,48,51,Fusion Engine,Compra,NO
Black Knight BL-7-KNT-L Black Knight,75,Pesado,2809,1409,6426437,4,6,0,Inner Sphere,,,1,4,3,,,,,,,,,,,,,,,,,,,,,,,,,,,,,,,,,,,,,,,,,,,,,,,,,22,"11,0",176,2,Estandar,Single,22,,37,47,Fusion Engine,Compra,NO
Black Knight BL-7-KNT Black Knight,75,Pesado,2809,1443,6594437,4,6,0,Inner Sphere,,,1,4,2,,,,,,,,,,1,,,,,,,,,,,,,,,,,,,,,,,,,,,,,,,,,,,,,,,20,"11,0",176,2,Estandar,Single,20,,39,49,Fusion Engine,Compra,NO
Black Knight BL-9-KNT Black Knight,75,Pesado,3052,1678,15438500,4,6,0,Inner Sphere,,,,,2,,,,,4,1,,,,,1,,,,,,,,,,,,,,,,,,,,,,,,,,,,,,,,,,,,,,15,"13,5",216,2,Estandar,Double,30,,57,59,XL Engine,Compra,NO
Black Knight BLK-NT-2Y Black Knight,75,Pesado,3091,1847,16380000,4,6,0,Inner Sphere,,,,4,2,,,,,,,,,,1,,,,,,,,,,,,,,,,,,,,,,,,,,,,,,,,,,,,,,,15,"13,5",216,2,Estandar,Double,30,,38,46,XL Engine,Compra,NO
Black Knight BLK-NT-3A Black Knight,75,Pesado,3095,1707,18662000,5,8,0,Inner Sphere,1,,,,,2,4,2,,,,,,,,,,,,,,,,,,,,,,,,,,,,,,,,,,,,,,,,,,,,,,19,"13,5",216,2,Estandar,Double,38,,51,44,XL Engine,Compra,NO
Black Knight BLK-NT-3B Black Knight,75,Pesado,3100,1911,20350750,5,8,0,Inner Sphere,,,2,,,2,,,2,,,,,,,2,,,,,,,,,,,,,,,,,,,,,,,,,,,,,,,,,,,,,,17,"13,5",216,2,Estandar,Double,34,,40,38,XL Engine,Compra,NO
Black Knight BLK-NT-4D Black Knight,75,Pesado,3127,2280,17341875,4,6,0,Mixed,,,,,,2,2,,2,,,,,,,1,,,,,,,,,,,,,,,,,,,,,,,,,,,,,,,,,,,,,2,18,"13,5",216,2,Estandar,Double,36,,53,52,XL Engine,Compra,NO
Black Knight BLK-NT-5H Black Knight,75,Pesado,3138,2423,13241375,4,6,0,Mixed,,,,,,2,2,2,2,,,,,,,1,,,,,,,,,,,,,,,,,,,,,,,,,,,,,,,,,,,,,,17,"13,5",216,2,Estandar,Double,34,,57,48,Light Fusion Engine,Compra,NO
Black Lanner  Black Lanner,55,Medio,3052,2268,18050401,7,11,0,Clan,1,4,,,,2,11,1,,6,,,2,1,,1,,,,1,,2,,,3,,,1,,,,,,,,1,,,,,,,,,,,,,1,,,,,10,"9,6",153,2,Ferro Fibroso,Double,20,,186,285,XL Engine,Compra,NO
Black Python (Viper) 2 Black Python (Viper),75,Pesado,3052,2520,19295000,5,8,5,Clan,,2,,,,,,2,5,,,,,,,,,,,,,,,,,,,,,,,,,,,,,,,,1,,,,,,,,,,,,,12,"13,2",211,2,Ferro Fibroso,Double,24,,35,37,XL Engine,Compra,NO
Black Python (Viper) 3 Black Python (Viper),75,Pesado,3066,2421,18941250,5,8,4,Clan,,2,,,,,,,4,2,,,,2,,,,,,,,,,,,,,,,,,,,,,,,,,,,,,,,,,,,,,,,17,"14,4",230,2,Ferro Fibroso,Double,34,,52,60,XL Engine,Compra,NO
Black Python (Viper) 4 Black Python (Viper),75,Pesado,3067,2594,18968250,5,8,4,Clan,,,,,,,1,,4,2,,,,2,,,,,,,,,,,,,,,,,,,,,,,,,,,,,,,,,,,,,,,,18,"13,8",220,2,Ferro Fibroso,Double,36,,57,61,XL Engine,Compra,NO
Black Python (Viper)  Black Python (Viper),75,Pesado,3051,2813,18838000,5,8,5,Clan,,2,,,,,,,4,2,2,,,,,,,,,,,,,,,,,,,,,,,,,,,,,,,,,,,,,,,,,,,13,"13,2",211,2,Ferro Fibroso,Double,26,,36,46,XL Engine,Compra,NO
Black Watch BKW-7R Black Watch,85,Asalto,3060,1998,8872117,3,5,3,Inner Sphere,,,,,,,,,,,,,,,,,,,,,,,,,,,,,,,,1,,,,,,,,,,,1,,,,,,,,1,,,10,"15,0",240,2,Estandar,Double,20,,17,65,Fusion Engine,Compra,NO
Black Watch BKW-9R Black Watch,85,Asalto,3070,2144,8197317,3,5,3,Inner Sphere,,,,,,,,,,,,,,,,,,1,,,,,,,,,,,,,,,,,,,,,,,,,,,,,,,,,1,,,12,"16,4",263,2,Estandar,Double,24,,16,30,Fusion Engine,Compra,NO
Blackjack BJ-1 Blackjack,45,Medio,2757,949,3146775,4,6,4,Inner Sphere,,,,4,,,,,,,,,,,,,,,,,,,,,,,,,,,,,,,,,2,,,,,,,,,,,,,,,,,11,"8,5",136,2,Estandar,Single,11,,14,24,Fusion Engine,Compra,NO
Blackjack BJ-1DB Mk II Salazar Blackjack,45,Medio,3056,1156,3522775,4,6,4,Inner Sphere,,,,2,,,,2,,,,,,,,,,,,,,,,,,,,,,,,,,,,,,,,,,,,,,,,,,,,,,17,"7,5",120,2,Estandar,Double,34,,30,26,Fusion Engine,Compra,NO
Blackjack BJ-1DB Salazar Blackjack,45,Medio,2756,1015,3105175,4,6,4,Inner Sphere,,,,2,2,,,,,,,,,,,,,,,,,,,,,,,,,,,,,,,,,,,,,,,,,,,,,,,,,17,"7,5",120,2,Estandar,Single,17,,22,26,Fusion Engine,Compra,NO
Blackjack BJ-1DB Blackjack,45,Medio,3023,1015,3105175,4,6,4,Inner Sphere,,,,2,2,,,,,,,,,,,,,,,,,,,,,,,,,,,,,,,,,,,,,,,,,,,,,,,,,17,"7,5",120,2,Estandar,Single,17,,22,26,Fusion Engine,Compra,NO
Blackjack BJ-1DC Blackjack,45,Medio,3024,917,2973500,4,6,0,Inner Sphere,,,2,4,,,,,,,,,,,,,,,,,,,,,,,,,,,,,,,,,2,,,,,,,,,,,,,,,,,12,"8,5",136,2,Estandar,Single,12,,16,30,Fusion Engine,Compra,NO
Blackjack BJ-1X Salazar Blackjack,45,Medio,2756,1012,3425625,5,8,0,Inner Sphere,4,,,4,,,,,,,,,,,,,,,,,,,,,,,,,,,,,,,,,,,,,,,,,,,,,,,,,,17,"9,5",152,2,Estandar,Single,17,,24,28,Fusion Engine,Compra,NO
Blackjack BJ-1X Blackjack,45,Medio,2756,964,3414025,5,8,0,Inner Sphere,4,,,4,,,,,,,,,,,,,,,,,,,,,,,,,,,,,,,,,,,,,,,,,,,,,,,,,,18,"8,5",136,2,Estandar,Single,18,,24,28,Fusion Engine,Compra,NO
Blackjack BJ-2 Blackjack,45,Medio,3052,1148,3510075,4,6,4,Inner Sphere,,,,,,,,2,,,,,,,,,,,,,,,,,,4,,,,,,,,,,,,,,,,,,,,,,,,,,,,11,"8,5",136,2,Estandar,Double,22,,32,32,Fusion Engine,Compra,NO
Blackjack BJ-2r Blackjack,45,Medio,3131,1136,3572075,4,6,4,Inner Sphere,,,,1,,,,,,,,,,,,,,,,,,,,,,,,,,,,,,,,,,,,,,,,,,,,,,,,,,11,"8,5",136,2,Estandar,Double,22,,3,5,Fusion Engine,Compra,NO
Blackjack BJ-3 Blackjack,45,Medio,3042,1271,3592375,4,6,4,Inner Sphere,,,,4,,,,,,,,,,,2,,,,,,,,,,,,,,,,,,,,,,,,,,,,,,,,,,,,,,,10,"8,5",136,2,Estandar,Double,20,,32,40,Fusion Engine,Compra,NO
Blackjack BJ-4 Blackjack,45,Medio,3067,1063,5270625,4,6,4,Inner Sphere,,,,,,,2,,,,,,,,,,,,,,,,,,,,,,,,,,,,,,,,,,,,,,,,,,,,,,,10,"8,4",135,2,Ferro Fibroso,Double,20,,10,10,Light Fusion Engine,Compra,NO
Blackjack BJ-5 Blackjack,45,Medio,3107,1165,5890175,4,6,4,Inner Sphere,,,,,,,,,,,,,,,4,,,,,,,,,,,,,,,,,,,,,,,,,,,,,,,,,,,,,,,10,"8,4",135,2,Ferro Fibroso,Double,20,,40,40,Light Fusion Engine,Compra,NO
Blackjack BJ-5BL Blackjack,45,Medio,3107,1078,6492925,4,6,4,Inner Sphere,,,,,,,,,,,,,,,4,,,,,,,,,,,,,,,,,,,,,,,,,,,,,,2,,,,,,,,,10,"7,0",112,2,Estandar,Double,20,,42,44,XL Engine,Compra,NO
Blackjack BJ2-O Blackjack,50,Medio,3058,1201,8899749,4,6,4,Inner Sphere,,4,4,10,2,4,2,1,,5,1,,,,7,1,,,,2,,2,,,,,2,,,,,,,,,,,,,,,2,1,,,,2,,,2,3,,,10,"9,5",152,2,Estandar,Double,20,,236,406,XL Engine,Compra,NO
Blade BLD-7R Blade,35,Ligero,3132,1227,5739705,7,11,0,Inner Sphere,,,,,,1,1,,,,,,,,,,,,,,,,,,,,,,,,,,,,,,,,,,,,,,,,,,,1,,,,10,"7,2",116,2,Ferro Fibroso,Double,20,,8,13,XL Engine,Compra,NO
Blade BLD-XL Blade,35,Ligero,3087,1314,6170017,7,11,0,Inner Sphere,,,,,,,2,,,,,,,,,,,,,,,,,,,,,,,,,,,,,,,,,,,,,,,,,,,1,,,,10,"7,4",118,2,Ferro Fibroso,Double,20,,11,15,XL Engine,Compra,NO
Blade BLD-XS Blade,35,Ligero,3087,944,5930767,7,11,0,Inner Sphere,,,,2,,,,,,,,,,,,,,,,,,,,,,,,,,,,,,,,,,,1,,,,,,,,,,,,,,,10,"7,4",118,2,Ferro Fibroso,Double,20,,9,20,XL Engine,Compra,NO
Blade BLD-XX Blade,35,Ligero,3087,1064,6334767,7,11,0,Inner Sphere,,,,,,,2,,,,,,,,,,,,,,,,,,,,,,,,,,,,,,,,,,,,,,,,1,,,,,,,10,"7,4",118,2,Ferro Fibroso,Double,20,,12,20,XL Engine,Compra,NO
Blitzkrieg BTZ-3F Salazar Blitzkrieg,50,Medio,3061,1223,10985500,7,11,0,Inner Sphere,,,,,,,,,,,,,,,,,,,,,,,,,,,,,,,,,,,,,,,,,,,,,,,,1,,,,,,10,"8,4",134,2,Ferro Fibroso,Double,20,,6,20,XL Engine,Compra,NO
Blitzkrieg BTZ-3F Blitzkrieg,50,Medio,3061,1296,10757500,7,11,0,Inner Sphere,,,,,,,,,,,,,,,,,,,,,,,,,,,,,,,,,,,,,,,,,,,,1,,,,,,,,,,10,"8,4",134,2,Ferro Fibroso,Double,20,,8,20,XL Engine,Compra,NO
Blitzkrieg BTZ-4F Blitzkrieg,50,Medio,3074,1740,11957500,7,11,7,Inner Sphere,,,,,,,,,,,,,,,,,,1,,,,,,,,,,,,,,,,,,,,,,,,,,,,,,,,,,,,10,"10,6",169,2,Ferro Fibroso,Double,20,,15,15,XL Engine,Compra,NO
Blood Asp  Blood Asp,90,Asalto,3059,2654,29287500,4,6,3,Clan,,,,,,,,5,,12,,,8,2,,6,,,,,,2,,,,,,5,,,,,4,,,,,,,,3,,2,,,,,1,,,6,,1,14,"16,0",256,2,Estandar,Double,28,,360,544,XL Engine,Compra,NO
Blood Kite 2 Blood Kite,85,Asalto,3066,3122,9827625,3,5,3,Clan,,,,,,,,,,,,,,,,3,,,,,2,,,,,,,,,,,,,,,,,,,,,,,,,,,,,,,,,22,"15,0",240,2,Estandar,Double,44,,55,60,Fusion Engine,Compra,NO
Blood Kite  Blood Kite,85,Asalto,2907,2776,9515275,3,5,3,Clan,,,,,,,,3,,,,,,,,,,,,,3,,,3,,,,,,,,,,,,,,,,,,,,,,,,,,,,,,21,"15,0",240,2,Estandar,Double,42,,60,93,Fusion Engine,Compra,NO
Blood Reaper 2 Blood Reaper,70,Pesado,3080,2521,14647833,4,6,0,Clan,,,,,,,,,,2,,,2,,,2,,,,,,,,,,,,,,,,,,2,,,,,,,,,,,,,,,,,,,,18,"13,5",216,2,Estandar,Double,36,,60,76,XL Engine,Compra,NO
Blood Reaper  Blood Reaper,70,Pesado,3079,2665,14824633,4,6,4,Clan,,,,,,,,,,,,,2,,,2,,,,,,,,,,,,,,,,,,2,,,,,,,,,,,,,,,,,,,,18,"13,5",216,2,Estandar,Double,36,,52,64,XL Engine,Compra,NO
Bloodhound B1-HND Bloodhound,45,Medio,3064,1248,9238952,7,11,0,Inner Sphere,,,,,,1,3,,,,,,,,,,,,,,,,,,,,,1,,,,,,,,,,,,,,,,,,,,,,,,,,14,"9,5",152,2,Estandar,Double,28,,21,30,XL Engine,Compra,NO
Bloodhound B2-HND Bloodhound,45,Medio,3067,1363,9527865,7,11,0,Inner Sphere,,,,,,2,3,,,,,,,,,,,,,,,,,,,,,1,,,,,,,,,,,,,,,,,,,,,,,,,,12,"9,5",152,2,Estandar,Double,24,,23,33,XL Engine,Compra,NO
Bloodhound B3-HND Bloodhound,45,Medio,3081,1006,8857165,7,11,0,Inner Sphere,4,,,,,,,,,2,,,,,,,,,,,,,,,,,,,,,,,,,,,,,,,,,,,,,,,,,,,,11,"9,0",144,2,Estandar,Double,22,,20,20,XL Engine,Compra,NO
Blue Flame BLF-21 Blue Flame,45,Medio,3062,1256,7093750,5,8,0,Inner Sphere,,,,,,,,2,,,,,,,,,,,,,,,,,,3,,,,,,,,,,,,,,,,,,,,,,,,,,,,10,"10,6",169,4,Estandar,Double,20,,30,28,Light Fusion Engine,Compra,NO
Blue Flame BLF-40 Blue Flame,45,Medio,3073,1195,7351500,5,8,0,Inner Sphere,,,,,,,,,,,,,,,3,,,,,,,,,,,,,,,,,,,,,,,,,,,,,,,,,,,,,,,10,"10,5",168,4,Estandar,Double,20,,30,30,Light Fusion Engine,Compra,NO
Bombardier BMB-05A Bombardier,65,Pesado,3070,1440,13851849,5,8,0,Inner Sphere,,,1,,,,,,,,,,,,,,,,,,,,,,,,,,,,,,,,,,,,,,,,,,,,,,,,,,,10,"12,5",200,2,Estandar,Double,20,,1,3,XL Engine,Compra,NO
Bombardier BMB-10D Salazar Bombardier,65,Pesado,3070,1641,6511510,4,6,0,Inner Sphere,,,,2,,,,,,,,,,,,,,,,,,2,,,,,,,,,,,,,,,,,,,,,,,,,,,,,,,,10,"13,0",208,2,Estandar,Double,20,,18,50,Fusion Engine,Compra,NO
Bombardier BMB-10D-BL Bombardier,65,Pesado,2866,1375,5581610,4,6,0,Inner Sphere,,,,,,,,,,,,,,,,,,,,,,2,,1,,,,,,,,,,,,,,,,,,,,,,,,,,,,,,11,"13,0",208,2,Estandar,Single,11,,15,48,Fusion Engine,Compra,NO
Bombardier BMB-10D Bombardier,65,Pesado,2866,1340,5579310,4,6,0,Inner Sphere,,1,,,,,,,,,,,,,,,,,,,,2,,1,,,,,,,,,,,,,,,,,,,,,,,,,,,,,,10,"12,5",200,2,Estandar,Single,10,,15,50,Fusion Engine,Compra,NO
Bombardier BMB-12D Bombardier,65,Pesado,2735,1480,13849559,5,8,0,Inner Sphere,,,,,,,,,,,,,,,,,,,,,,2,,1,,,,,,,,,,,,,,,,,,,,,,,,,,,,,,10,"12,5",200,2,Estandar,Double,20,,15,48,XL Engine,Compra,NO
Bombardier BMB-14C Bombardier,65,Pesado,3062,1549,15533822,5,8,0,Inner Sphere,,,,,,1,,,,,,,,,,,,,,,,2,,,,,,,,,,,,,,,,,,,,,,,,,,,,,,,,10,"12,5",200,2,Estandar,Double,20,,14,43,XL Engine,Compra,NO
Bombardier BMB-14K Bombardier,65,Pesado,3071,1249,13874122,5,8,0,Inner Sphere,,1,,,,,,,,,,,,,,,,,,,,,,,,,,,,,,,,,,,,,,,,,,,,,,,,,,,,10,"13,0",208,2,Estandar,Double,20,,0,2,XL Engine,Compra,NO
Bombardier Snord BMB-10SN Salazar Bombardier Snord,65,Pesado,3070,1662,14568509,5,8,0,Inner Sphere,,,,2,,,,,,,,,,,,,,,,,,2,,,,,,,,,,,,,,,,,,,,,,,,,,,,,,,,10,"12,0",192,2,Estandar,Double,20,,18,50,XL Engine,Compra,NO
Bowman 2 Bowman,70,Pesado,2974,2567,16994936,5,8,0,Clan,,,,,,,3,1,,,,,,,,,,,,,,2,,,,,,,,,,,,,,,,,,,,,,,,,,,,,,,,18,"12,5",200,2,Estandar,Double,36,,39,63,XL Engine,Compra,NO
Bowman 3 Bowman,70,Pesado,3076,2770,17365036,5,8,0,Clan,,,,,,,4,,,,,,,,,,,,,,,,,,,,,,,,,,,,1,,,,,,,,,,,,,,,,,,,12,"13,6",217,2,Ferro Fibroso,Double,24,,26,38,XL Engine,Compra,NO
Bowman 4 Bowman,70,Pesado,2923,1854,16770066,5,8,0,Clan,,,,,,,,,,,,,,,,,,,,,,,,,,,,,,,,,,,,,,,,,,,,,,,,,,,,,,11,"12,5",200,2,Estandar,Double,22,,0,0,XL Engine,Compra,NO
Bowman  Bowman,70,Pesado,2973,2308,16914136,5,8,0,Clan,,,,,,,3,,,,,,,,,,,,,,,1,,,,,,,,,,,,,,,,,,,,,,,,,,,,,,,,14,"12,5",200,2,Estandar,Double,28,,21,35,XL Engine,Compra,NO
Brahma BRM-5A Brahma,60,Pesado,3080,1572,11784180,5,8,3,Inner Sphere,1,,,,,,3,,,,,,,,,,,,,,,,,,,,,1,,,,,,,,,,,,,,,,,,,,,,,,,,13,"12,5",200,2,Estandar,Double,26,,22,29,XL Engine,Compra,NO
Brahma BRM-5B Brahma,60,Pesado,3080,1730,11687880,5,8,3,Inner Sphere,,,,,,1,3,,,,,,,,,,,,,,,,,,1,,,,,,,,,,,,,,,,,,,,,,,,,,,,,15,"12,5",200,2,Estandar,Double,30,,21,30,XL Engine,Compra,NO
Brigand LDT-1 Brigand,25,Ligero,3065,771,2286250,6,9,6,Inner Sphere,,,,,,,2,,,2,,,,,,,,,,,,,,,,,,,,,,,,,,,,,,,,,,,,,,,,,,,,10,"4,0",64,2,Estandar,Double,20,,18,22,Fusion Engine,Compra,NO
Brigand LDT-X1 Brigand,25,Ligero,3066,937,2336250,6,9,6,Inner Sphere,,,,4,,,2,,,,,,,,,,,,,,,,,,,,,,,,,,,,,,,,,,,,,,,,,,,,,,,10,"4,0",64,2,Estandar,Double,20,,22,30,Fusion Engine,Compra,NO
Brigand LDT-X2 Brigand,25,Ligero,3066,764,2286250,6,9,6,Inner Sphere,,,,,,,2,,,,,,,,,,,,,,,,,,,,,,,,,,,,,,,,,,,,,,,,,,,,,,,10,"4,0",64,2,Estandar,Double,20,,10,10,Fusion Engine,Compra,NO
Brigand LDT-X3 Brigand,25,Ligero,3075,695,3273750,6,9,6,Inner Sphere,2,,,,,,,,,,,,,,2,,,,,,,,,,,,,,,,,,,,,,,,,,,,,,,,,,,,,,,10,"4,5",72,2,Estandar,Double,20,,26,24,XL Engine,Compra,NO
Brigand LDT-X4 Brigand,25,Ligero,3078,1038,3498750,6,9,6,Inner Sphere,,,,,,,3,,,,,,,,1,,,,,,,,,,,,,,,,,,,,,,,,,,,,,,,,,,,,,,,10,"5,0",80,2,Estandar,Double,20,,25,25,Light Fusion Engine,Compra,NO
Bruin 2 Bruin,80,Asalto,3083,2200,18284300,4,6,4,Clan,,6,,,,,,,,,2,,,,,,,,,,,,1,,,,,,,,,,,,,,,,,,,2,,,,,,,,,,,,13,"15,0",240,2,Estandar,Double,26,,24,44,XL Engine,Compra,NO
Bruin  Bruin,80,Asalto,3081,2630,18598600,4,6,4,Clan,,,,,,,2,,,,1,,,,,,,,,1,,,,,,,2,,,,,,,,,,,,,,,,,,,,,,,,1,,,14,"15,0",240,2,Estandar,Double,28,,31,60,XL Engine,Compra,NO
Buccaneer BCN-3R Buccaneer,55,Medio,3055,1434,11634670,6,9,0,Inner Sphere,,,,4,,,,1,,1,,,,,,,,,,,,,,,1,,,,,,,,,,,,,,,,,,,,,,,,,,,,,10,"11,2",179,2,Ferro Fibroso,Double,20,,32,46,XL Engine,Compra,NO
Buccaneer BCN-5W Buccaneer,55,Medio,3069,1393,12569274,5,8,7,Inner Sphere,,1,,,,,,,,,,,,,,,,,,,,,,,,,,,,,,,,,,,,,,,,,,,,,,,,,,,1,10,"10,6",169,2,Ferro Fibroso,Double,20,,10,12,XL Engine,Compra,NO
Buccaneer BCN-6W Buccaneer,55,Medio,3073,1121,12459531,5,8,7,Inner Sphere,,,,,,,,,,,,,,,,,,,,,,,,,,,,,,,,,,,,,,,,,,,,,,,,,,,,,,10,"11,0",176,2,Estandar,Double,20,,0,0,XL Engine,Compra,NO
Burrock 2 Burrock,75,Pesado,3073,2864,19141437,5,8,0,Clan,,,,,,,3,,,,,,3,,,,,,,,,,,,,,,,,,,,,,,,,,,,,,,,,,,,,,,,,15,"12,5",200,2,Estandar,Double,30,,36,45,XL Engine,Compra,NO
Burrock  Burrock,75,Pesado,3066,2230,19018937,5,8,0,Clan,,,,,,,,,,,,,6,,,,,,,,,,,,,,,,,,,,,,,,,,,,,,,1,,,,,,,,,,20,"12,5",200,2,Estandar,Double,40,,50,80,XL Engine,Compra,NO
Bushwacker 2 Salazar Bushwacker 2,55,Medio,3070,1455,10392886,5,8,0,Inner Sphere,,,,2,,,,1,,,,,,,,,,,,1,,,,,,,,,,,,,,,,,,,,,,,,,,,1,,,,,,,10,"10,5",168,2,Estandar,Double,20,,24,38,XL Engine,Compra,NO
Bushwacker BSW-L1 Bushwacker,55,Medio,3063,1513,8702125,5,8,0,Inner Sphere,,,,,,,,1,,,,,,,,,,,,,,,,,,,,,,,,,,,,,,,,,,,,,,,,1,,,,,,10,"11,5",184,2,Estandar,Double,20,,18,28,Light Fusion Engine,Compra,NO
Bushwacker BSW-S2 Bushwacker,55,Medio,3056,1293,10369636,5,8,0,Inner Sphere,,,,,,,,1,,,,,,,,,,,,,,,,2,,,,,,,,,,,,,,,,,,,,,,,1,,,,,,,11,"10,1",161,2,Ferro Fibroso,Double,22,,20,34,XL Engine,Compra,NO
Bushwacker BSW-S2r Bushwacker,55,Medio,3075,1339,10379636,5,8,0,Inner Sphere,,,,,,,,,,,,,,,,,,,,,,,,1,,,,,,,,,,,,,,,,,,,,,,,1,,,,,,1,11,"10,1",161,2,Ferro Fibroso,Double,22,,15,28,XL Engine,Compra,NO
Bushwacker BSW-X1 Bushwacker,55,Medio,3053,1223,9802636,5,8,0,Inner Sphere,,2,,,,,,1,,,,,,,,,,,2,,,,,,,,,,,,,,,,,,,,1,,,,,,,,,,,,,,,11,"10,1",161,2,Ferro Fibroso,Double,22,,19,32,XL Engine,Compra,NO
Bushwacker BSW-X2 Bushwacker,55,Medio,3053,1193,9715836,5,8,0,Inner Sphere,,2,,,,,,,,2,,,,,,,,,3,,,,,,,,,,,,,,,,,,,,1,,,,,,,,,,,,,,,10,"10,1",161,2,Ferro Fibroso,Double,20,,17,41,XL Engine,Compra,NO
Bushwacker BSW-X4 Bushwacker,55,Medio,3125,1751,11634936,5,8,0,Inner Sphere,,,,2,,,,1,,,,,,,,,,,,,,,,,,,,,,,,,,,,,,,,,,,,,,,,,,,,,1,11,"10,6",169,2,Ferro Fibroso,Double,22,,28,28,XL Engine,Compra,NO
Buster BC XV HaulerMech Buster,50,Medio,2615,222,1467000,3,5,0,Inner Sphere,,,,,,,,,,,,,,,,,,,,,,,,,,,,,,,,,,,,,,,,,,,,,,,,,,,,,,0,"3,0",48,2,Estandar,Single,0,,0,0,I.C.E. Engine,Compra,NO
Buster BC XV-M HaulerMech MOD Buster,50,Medio,2801,443,1716375,3,5,0,Inner Sphere,,,,,,,,,,,,,,,,,,,,1,,,,,,,,,,,,,,,,,,1,,,,,,,,,,,,,,,,5,"6,0",96,2,Estandar,Single,5,,5,15,I.C.E. Engine,Compra,NO
Buster BC XV-M-B HaulerMech MOD Buster,50,Medio,2801,475,1687500,3,5,0,Inner Sphere,,,,,,,,,,,,,,,1,,,,,,,,,,,,,,,,,,,,,,,,,,,,,,,,,,,,,,,10,"6,0",96,2,Estandar,Single,10,,10,10,I.C.E. Engine,Compra,NO
Buster BC XV-M-C HaulerMech MOD Buster,50,Medio,3076,726,1833250,3,5,0,Inner Sphere,,,,,,,,,,,,,,,,,,,,,,,,,,,,,,,,,,,,,,,,,,,,,,,,,,,1,,,2,"6,0",96,2,Estandar,Single,2,,1,15,I.C.E. Engine,Compra,NO
Buster BC XV-M-W HaulerMech MOD Buster,50,Medio,3077,713,2014250,3,5,0,Inner Sphere,,,,,,,,,,,,,,,,,,,,,,,,,,,,,,,,,,,,,,,,,,,,,,,1,,,,,,,2,"8,5",136,2,Estandar,Single,2,,2,10,I.C.E. Engine,Compra,NO
Buster BC XXI HaulerMech Buster,50,Medio,3059,228,2029500,3,5,0,Inner Sphere,,,,,,,,,,,,,,,,,,,,,,,,,,,,,,,,,,,,,,,,,,,,,,,,,,,,,,0,"3,0",48,2,Estandar,Single,0,,0,0,I.C.E. Engine,Compra,NO
Buster HaulerMech BC XV (AC) Buster HaulerMech,50,Medio,2802,443,1716375,3,5,0,Inner Sphere,,,,,,,,,,,,,,,,,,,,1,,,,,,,,,,,,,,,,,,1,,,,,,,,,,,,,,,,5,"6,0",96,2,Estandar,Single,5,,5,15,I.C.E. Engine,Compra,NO
Buster HaulerMech BC XV (PPC) Buster HaulerMech,50,Medio,2802,475,1687500,3,5,0,Inner Sphere,,,,,,,,,,,,,,,1,,,,,,,,,,,,,,,,,,,,,,,,,,,,,,,,,,,,,,,10,"6,0",96,2,Estandar,Single,10,,10,10,I.C.E. Engine,Compra,NO
Buster HaulerMech BC XV Buster HaulerMech,50,Medio,2750,222,1467000,3,5,0,Inner Sphere,,,,,,,,,,,,,,,,,,,,,,,,,,,,,,,,,,,,,,,,,,,,,,,,,,,,,,0,"3,0",48,2,Estandar,Single,0,,0,0,I.C.E. Engine,Compra,NO
Buster HaulerMech XXI Buster HaulerMech,50,Medio,2615,228,2029500,3,5,0,Inner Sphere,,,,,,,,,,,,,,,,,,,,,,,,,,,,,,,,,,,,,,,,,,,,,,,,,,,,,,0,"3,0",48,2,Estandar,Single,0,,0,0,I.C.E. Engine,Compra,NO
Cadavar CVR-A1 Cadavar,30,Ligero,3094,962,7511390,8,12,0,Inner Sphere,1,,,,,,2,,,,,,,,,,,,,,,,,,,,,,1,,,,,,,,,,,,,,,,,,,,,,,,,10,"6,6",105,2,Ferro Fibroso,Double,20,,17,22,XL Engine,Compra,NO
Cadavar CVR-T1 Cadavar,30,Ligero,3097,1288,8785140,8,12,0,Inner Sphere,1,,,,,,1,,,,,,,,1,,,,,,,,,,,,,,,,,,,,,,,,,,,,,,,,,,,,,,,10,"6,6",105,2,Estandar,Double,20,,18,17,XL Engine,Compra,NO
Caesar CES-3R 'Archangel' Caesar,70,Pesado,3057,2098,13525873,4,6,0,Mixed,,,,,,,,,,5,,,,,,1,,,,,,,,,,,,,,,,,,,,,,,,,,,,,,,,,,,1,,,17,"11,5",184,2,Estandar,Double,34,,36,55,XL Engine,Compra,NO
Caesar CES-3R 'Gertrude' Caesar,70,Pesado,3062,1833,14076673,4,6,0,Inner Sphere,,,,,,,8,,,,,,,,,1,,,,,,,,,,,,,,,,,,,,,,,,,,,,,,,,,,,1,,,16,"10,5",168,2,Estandar,Double,32,,56,65,XL Engine,Compra,NO
Caesar CES-3R Salazar Caesar,70,Pesado,3049,1821,13360973,4,6,0,Inner Sphere,,,,6,,,,,,,,,,,,1,,,,,,,,,,,,,,,,,,,,,,,,,,,,,,,,,,,1,,,15,"13,6",217,2,Estandar,Double,30,,34,55,XL Engine,Compra,NO
Caesar CES-3R Caesar,70,Pesado,3049,1578,13396673,4,6,0,Inner Sphere,,,,,,,,,,4,,,,,,1,,,,,,,,,,,,,,,,,,,,,,,,,,,,,,,,,,,1,,,16,"10,5",168,2,Estandar,Double,32,,32,49,XL Engine,Compra,NO
Caesar CES-3S Caesar,70,Pesado,3067,1909,11500465,4,6,0,Inner Sphere,,,,,,1,,,,2,,,,,,,,1,,,,,,,,,,,,,,,,,,,,,,,,,,,,,,,,,1,,,12,"13,6",217,2,Ferro Fibroso,Double,24,,26,45,Light Fusion Engine,Compra,NO
Caesar CES-4R Caesar,70,Pesado,3067,2024,15686573,4,6,0,Inner Sphere,,,,,,,3,,,2,,,,,,,1,,,,,,,,,,,,,,,,,,,,,,,,,,,,,,,,,,1,,,13,"12,9",206,2,Ferro Fibroso,Double,26,,34,52,XL Engine,Compra,NO
Caesar CES-4S Caesar,70,Pesado,3064,1739,11518340,4,6,0,Inner Sphere,,,,,,,2,,,2,1,,,,,,,,,,,,,,,,,,,,,,,,,,,,,,,,,,,,,,,,,1,,12,"12,0",192,2,Estandar,Double,24,,29,56,Light Fusion Engine,Compra,NO
Calliope CAL-1MAF Calliope,40,Medio,3127,1125,4116746,5,8,0,Inner Sphere,,,,,,,,,,,,,,,,,,,,,,,,,,,,,,,,,,,,,,,,,,,,,,,,,,,,,1,10,"7,8",125,2,Ferro Fibroso,Double,20,,10,10,Fusion Engine,Compra,NO
Canis 2 Canis,80,Asalto,3071,2822,15668400,3,5,3,Clan,,,,,,,,1,,,2,,,,,,,,,,,,,,,,,,,,,,,,,,,,,,,,,,,,,,,,,,,16,"15,0",240,2,Estandar,Double,32,,32,26,XL Engine,Compra,NO
Canis  Canis,80,Asalto,3058,2498,15758400,3,5,3,Clan,,,,,,,,4,,,,,,,,,,,,,,,,,,,,,,,,,,,,,,,,,,,2,,,,,,,,,,,16,"15,0",240,2,Estandar,Double,32,,56,52,XL Engine,Compra,NO
Carbine CON-1 ConstructionMech (RL) Carbine,30,Ligero,2801,281,1225500,4,6,0,Inner Sphere,,,,,,,,,,,,,,,,,,,,,,,,,,,,,,,,,,,,,,,,,,,,,,,,,,,,,,3,"2,0",32,2,Estandar,Single,3,,0,0,I.C.E. Engine,Compra,NO
Carbine CON-1 ConstructionMech Carbine,30,Ligero,2691,198,1165300,4,6,0,Inner Sphere,,,,,,,,,,,,,,,,,,,,,,,,,,,,,,,,,,,,,,,,,,,,,,,,,,,,,,0,"2,0",32,2,Estandar,Single,0,,0,0,I.C.E. Engine,Compra,NO
Carbine CON-7 ConstructionMech Carbine,30,Ligero,3028,198,1165300,4,6,0,Inner Sphere,,,,,,,,,,,,,,,,,,,,,,,,,,,,,,,,,,,,,,,,,,,,,,,,,,,,,,0,"2,0",32,2,Estandar,Single,0,,0,0,I.C.E. Engine,Compra,NO
Carbine CON-7M ConstructionMech MOD Carbine,30,Ligero,3078,306,1225500,4,6,0,Inner Sphere,,,,,,,,,,,,,,,,,,,,,,,,,,,,,,,,,,,,,,,,,,,,,,,,,,,,,,3,"2,0",32,2,Estandar,Single,3,,0,0,I.C.E. Engine,Compra,NO
Carbine CON-8 ConstructionMech Carbine,30,Ligero,3066,185,1493712,4,6,0,Inner Sphere,,,,,,,,,,,,,,,,,,,,,,,,,,,,,,,,,,,,,,,,,,,,,,,,,,,,,,0,"2,0",32,2,Estandar,Single,0,,0,0,I.C.E. Engine,Compra,NO
Carbine CON-8H HaulerMech Carbine,30,Ligero,3070,177,1493712,4,6,0,Inner Sphere,,,,,,,,,,,,,,,,,,,,,,,,,,,,,,,,,,,,,,,,,,,,,,,,,,,,,,0,"2,0",32,2,Estandar,Single,0,,0,0,I.C.E. Engine,Compra,NO
Carbine CON-9 ConstructionMech Carbine,30,Ligero,3071,246,1181425,4,6,0,Inner Sphere,,,,,,,,,,,,,,,,,,,,,,,,,,,,,,,,,,,,,,,,,,,,,,,,,,,,,,0,"3,0",48,2,Estandar,Single,0,,0,0,I.C.E. Engine,Compra,NO
Carbine CON-9M ConstructionMech MOD Carbine,30,Ligero,3078,289,1042075,3,5,0,Inner Sphere,,2,,,,,,,,,,,,,,,,,,1,,,,,,,,,,,,,,,,,,,,,,,,,,,,,,,,,,1,"2,5",40,2,Estandar,Single,1,,4,14,I.C.E. Engine,Compra,NO
Carbine CON-9M-B ConstructionMech MOD Carbine,30,Ligero,3078,293,1356405,4,6,0,Inner Sphere,,,,,,,,,,,,,,,,,,,,,,,,,,,,,,,,,,,,,,,,,,,,,,,,,,,,,,1,"3,0",48,2,Estandar,Single,1,,0,0,I.C.E. Engine,Compra,NO
Carrion Crow  Carrion Crow,40,Medio,3145,2397,14926829,7,11,6,Clan,,,,,,2,,2,,2,,,5,,,1,,,,,,,,,,,,3,,,,,,,1,,,,,,,,,,,,,,,,2,,,10,"8,3",133,2,Ferro Fibroso,Double,20,,106,178,XL Engine,Compra,NO
Carronade CRN-7M Carronade,70,Pesado,3102,1799,14174273,4,6,0,Inner Sphere,,,,,,,3,,,,,,,,,,,,,,,,,,,,,,,,,,,,,,,,,,,,,,,,,,,,1,,,10,"13,5",216,2,Estandar,Double,20,,16,30,XL Engine,Compra,NO
Cataphract CTF-1X KKK Cataphract,70,Pesado,3025,1365,6231853,4,6,4,Inner Sphere,,,,2,,,,,,,,,,,1,,,,,,,,,,,,,,,,,,,,,,,,1,,,,,,,,,,,,,,,14,"11,0",176,2,Estandar,Single,14,,19,30,Fusion Engine,Compra,NO
Cataphract CTF-1X Cataphract,70,Pesado,3025,1316,5993853,4,6,0,Inner Sphere,,,,4,,,,,,,,,,,1,,,,,,,,,,,,,,,,,,,,,,,,1,,,,,,,,,,,,,,,16,"11,0",176,2,Estandar,Single,16,,25,40,Fusion Engine,Compra,NO
Cataphract CTF-2X Cataphract,70,Pesado,3027,1344,5850053,4,6,0,Inner Sphere,,,,2,1,,,,,,,,,,,,,,,,,,,1,,,,,,,,,,,,,,,1,,,,,,,,,,,,,,,14,"13,0",208,2,Estandar,Single,14,,20,36,Fusion Engine,Compra,NO
Cataphract CTF-3D Cataphract,70,Pesado,3050,1325,13583653,4,6,4,Inner Sphere,,,,4,,,,,,,,,,,,,,,,,,,,,,,,,,,,,,,,,,,,,,1,,,,,1,,,,,,,16,"11,0",176,2,Estandar,Single,16,,15,35,XL Engine,Compra,NO
Cataphract CTF-3L Cataphract,70,Pesado,3050,1545,15370703,4,6,0,Inner Sphere,,,,,,,,,,4,,,,,,1,,,,,,,,,,,,,,,,,,,,,,,,,,,,,,,1,,,,,,,16,"11,0",176,2,Estandar,Double,32,,33,44,XL Engine,Compra,NO
Cataphract CTF-3LL Cataphract,70,Pesado,3068,1664,15400703,4,6,0,Inner Sphere,,,,,,,2,,,2,,,,,,,,,,,,,,,,,,,,,,,,,,,,,,,,,,,,,1,,,,,,1,16,"11,0",176,2,Estandar,Double,32,,30,42,XL Engine,Compra,NO
Cataphract CTF-3X (Sara) Cataphract,70,Pesado,3062,1734,6871753,4,6,0,Inner Sphere,,,,,,,2,1,,,,,,,,,,,,,,,,,,,1,,,,,,,,,,,,,,,,,,,,,,,1,,,,14,"13,4",215,2,Ferro Fibroso,Double,28,,26,31,Fusion Engine,Compra,NO
Cataphract CTF-4L Cataphract,70,Pesado,3067,2002,7998833,4,6,0,Inner Sphere,,,,,,,2,,,,,,,,,1,,,,,,,,,,,,,,,,,,,,,,,,,,,,,,,,,,,1,,,13,"13,5",216,2,Furtivo,Double,26,,26,35,Fusion Engine,Compra,NO
Cataphract CTF-4X Cataphract,70,Pesado,3029,1216,5216000,3,5,0,Inner Sphere,,,,,1,,,,,,,,,,,,,,1,,,,,,,,,,,,,,,,,,,2,,,,,,,,,,,,,,,,16,"13,6",217,2,Estandar,Single,16,,12,23,Fusion Engine,Compra,NO
Cataphract CTF-5D Cataphract,70,Pesado,3070,1742,13951920,4,6,6,Inner Sphere,,,,,,,2,,,,,,,,,,,,,,,,,,,,,,,,,,,,,,,,,,,,,,,,,,,,,,1,14,"12,0",192,2,Furtivo,Double,28,,20,20,Light Fusion Engine,Compra,NO
Cataphract CTF-5L Cataphract,70,Pesado,3150,2090,7649653,4,6,0,Inner Sphere,,,,2,,,,,,,,,,,,1,,,,,,,,,,,,,,,,,,,,,,,,,,,,,,,,,,,1,,,12,"13,5",216,2,Estandar,Double,24,,22,35,Fusion Engine,Compra,NO
Catapult CPLT-A1 Catapult,65,Pesado,2563,1285,5580125,4,6,4,Inner Sphere,,,,,,,,,,,,,,,,,,,,,2,,,,,,,,,,,,,,,,,,,,,,,,,,,,,,,,,15,"12,0",192,2,Estandar,Single,15,,10,30,Fusion Engine,Compra,NO
Catapult CPLT-C1 (Jenny) 'Butterbee' Catapult,65,Pesado,3027,1242,5749625,4,6,4,Inner Sphere,,,,4,,,,,,,,,,,,,,,,,,,,,4,,,,,,,,,,,,,,,,,,,,,,,,,,,,,15,"10,0",160,2,Estandar,Single,15,,28,68,Fusion Engine,Compra,NO
Catapult CPLT-C1 Salazar Mk II Catapult,65,Pesado,3070,1694,6452375,4,6,4,Inner Sphere,,,,4,,,,,,,,,,,,,,,,,2,,,,,,,,,,,,,,,,,,,,,,,,,,,,,,,,,12,"13,2",211,2,Estandar,Double,24,,22,50,Fusion Engine,Compra,NO
Catapult CPLT-C1 Salazar Catapult,65,Pesado,2561,1416,5764325,4,6,4,Inner Sphere,,,,4,,,,,,,,,,,,,,,,,2,,,,,,,,,,,,,,,,,,,,,,,,,,,,,,,,,14,"11,0",176,2,Estandar,Single,14,,22,50,Fusion Engine,Compra,NO
Catapult CPLT-C1b Catapult,65,Pesado,2688,1570,6243425,4,6,4,Inner Sphere,,,,4,,,,,,,,,,,,,,,,,2,,,,,,,,,,,,,,,,,,,,,,,,,,,,,,,,,12,"11,2",179,2,Ferro Fibroso,Double,24,,22,50,Fusion Engine,Compra,NO
Catapult CPLT-C2 Catapult,65,Pesado,3062,1346,12307075,4,6,4,Inner Sphere,,,,,,,,,,,,,,,,,,,,,2,,,,,,,,,,,,,,,,,,,,,,,,2,,,,,,,,,10,"11,5",184,2,Estandar,Double,20,,12,34,XL Engine,Compra,NO
Catapult CPLT-C3 Catapult,65,Pesado,3049,1368,5866125,4,6,4,Inner Sphere,,,,4,,,,,,,,,,,,,,,,,,,,,,,,,,,,,,,,,,,,,,,,,,,,,,,,,,15,"10,0",160,2,Estandar,Single,15,,12,20,Fusion Engine,Compra,NO
Catapult CPLT-C4 Catapult,65,Pesado,2565,1358,5815250,4,6,4,Inner Sphere,,,2,,,,,,,,,,,,,,,,,,,2,,,,,,,,,,,,,,,,,,,,,,,,,,,,,,,,10,"10,0",160,2,Estandar,Single,10,,14,46,Fusion Engine,Compra,NO
Catapult CPLT-C4C Catapult,65,Pesado,3055,1449,11975525,4,6,4,Inner Sphere,,,,,1,,,,1,,,,,,,,,,,,,2,,,,,,,,,,,,,,,,,,,,,,,,,,,,,,,,10,"10,0",160,2,Estandar,Double,20,,22,51,XL Engine,Compra,NO
Catapult CPLT-C5 Catapult,65,Pesado,3061,1748,6524875,4,6,4,Inner Sphere,,,,,,,4,,,,,,,,,,,,,,,,,,,,,,,,,,,,,,,,,,,,,,,,,,,,,,,12,"12,5",200,2,Estandar,Double,24,,20,20,Fusion Engine,Compra,NO
Catapult CPLT-C5A Catapult,65,Pesado,3068,1772,6819875,4,6,4,Inner Sphere,,,,,,,4,,,,,,,,,,,,,,2,,,,,,,,,,,,,,,,,,,,,,,,,,,,,,,,,12,"12,5",200,2,Estandar,Double,24,,30,50,Fusion Engine,Compra,NO
Catapult CPLT-C6 Catapult,65,Pesado,3069,1874,6416075,4,6,4,Inner Sphere,,,,,,,2,,,,,,,,,,,,,,,,,,,,,,,,,,,,,,,,,,,,,,,,,,,,,,2,15,"12,5",200,2,Estandar,Double,30,,30,30,Fusion Engine,Compra,NO
Catapult CPLT-H2 Catapult,65,Pesado,3064,1473,6034325,4,6,4,Inner Sphere,,,,2,,,,,,,,,,,1,,,,,,,,,,,,,,,,,,,,,,,,,,,,,,,,,,,,,,,13,"11,0",176,2,Estandar,Double,26,,16,20,Fusion Engine,Compra,NO
Catapult CPLT-K2 Catapult,65,Pesado,2603,1319,5348925,4,6,0,Inner Sphere,,2,,2,,,,,,,,,,,2,,,,,,,,,,,,,,,,,,,,,,,,,,,,,,,,,,,,,,,20,"11,0",176,2,Estandar,Single,20,,26,34,Fusion Engine,Compra,NO
Catapult CPLT-K2BL Catapult,65,Pesado,3058,1600,11682275,4,6,4,Inner Sphere,,,,,,,,,,4,,,,,2,,,,,,,,,,,,,,,,,,,,,,,,,,,,,,,,,,,,,,,16,"13,2",211,2,Estandar,Double,32,,36,44,XL Engine,Compra,NO
Catapult CPLT-K2K Catapult,65,Pesado,3058,1716,13930674,5,8,0,Inner Sphere,,,,,,,2,,,,,,,,,2,,,,,,,,,,,,,,,,,,,,,,,,,,,,,,,,,,,,,,20,"13,2",211,2,Estandar,Double,40,,40,30,XL Engine,Compra,NO
Catapult CPLT-K3 Catapult,65,Pesado,3047,1437,5843925,4,6,0,Inner Sphere,,2,,2,,,,,,,,,,,,2,,,,,,,,,,,,,,,,,,,,,,,,,,,,,,,,,,,,,,20,"11,0",176,2,Estandar,Double,40,,36,34,Fusion Engine,Compra,NO
Catapult CPLT-K4 Catapult,65,Pesado,3068,1880,5537400,3,5,3,Inner Sphere,,,,,,,2,,,,,,,,,,,2,,,,,,,,,,,,,,,,,,,,,,,,,,,,,,,,,,,,17,"13,2",211,2,Ferro Fibroso,Double,34,,40,40,Fusion Engine,Compra,NO
Catapult CPLT-K5 Catapult,65,Pesado,3058,1457,12236875,4,6,4,Inner Sphere,,,,,,,,,,2,,,,,,,,,,,,,,,,,,,,,2,,,,,,,,,,,,,,,,,,,,,,,12,"12,5",200,2,Estandar,Double,24,,28,72,XL Engine,Compra,NO
Catapult CPLT-K6 Catapult,65,Pesado,3150,1619,9625850,3,5,3,Inner Sphere,,,,,,4,,,,,,,,,,,,,,,2,,,,,,,,,,,,,,,,,,,,,,,,,,,,,,,,,10,"13,2",211,2,Ferro Fibroso,Double,20,,18,42,XL Engine,Compra,NO
Catapult II CPLT-L7 Catapult II,70,Pesado,3135,2574,16237133,4,6,4,Inner Sphere,,,,,,,2,,,,,,,,,,,,,,,2,,,,,,,,,,,,,,,,,,,,,,,,,,,,,,,,10,"10,5",168,2,Estandar,Double,20,,22,50,XL Engine,Compra,NO
Catapult II CPLT-L7L Catapult II,70,Pesado,3136,1656,14325883,4,6,4,Inner Sphere,,,,,,,,,,,,,,,,,,,,,,,,,,,,,,,,,,,,,,,,,,,,,,,,,,,,,2,10,"11,6",185,2,Estandar,Double,20,,20,20,XL Engine,Compra,NO
CattleMaster CTL-3R 'Herder' IndustrialMech CattleMaster,25,Ligero,3024,228,725333,4,6,0,Inner Sphere,,,,,,,,,,,,,,,,,,,,,,,,,,,,,,,,,,,,,,,,,,,,,,,,,,,,,,0,"3,0",48,2,Estandar,Single,0,,0,0,I.C.E. Engine,Compra,NO
CattleMaster CTL-3R2 'Hunter' IndustrialMech CattleMaster,25,Ligero,3024,245,852802,4,6,0,Inner Sphere,,3,2,,,,,,,,,,,,,,,,,,,,,,,,,,,,,,,,,,,,,,,,,,,,,,,,,,,1,"3,0",48,2,Estandar,Single,1,,2,12,I.C.E. Engine,Compra,NO
CattleMaster CTL-3R3 SecurityMech CattleMaster,25,Ligero,3072,358,1028364,4,6,0,Inner Sphere,,2,,1,,,,,,,,,,,,,,,1,,,,,,,,,,,,,,,,,,,,,,,,,,,,,,,,,,,3,"4,0",64,2,Estandar,Single,3,,5,14,Fuel-Cell Engine,Compra,NO
Cattlemaster RA-4 'Hunter' Cattlemaster,25,Ligero,3024,260,855458,4,6,0,Inner Sphere,,3,2,,,,,,,,,,,,,,,,,,,,,,,,,,,,,,,,,,,,,,,,,,,,,,,,,,,1,"3,3",53,2,Estandar,Single,1,,2,12,I.C.E. Engine,Compra,NO
Cauldron-Born (Ebon Jaguar)  Cauldron-Born (Ebon Jaguar),65,Pesado,3047,1952,18123281,5,8,5,Clan,1,2,,,,3,7,3,1,7,5,,2,1,,3,,,,4,2,,1,,2,,,,,,,,,,,1,,,,,2,,2,3,,1,,,,1,1,,,13,"11,4",182,2,Ferro Fibroso,Double,26,,318,461,XL Engine,Compra,NO
Cave Lion  Cave Lion,75,Pesado,3122,3044,20465750,5,8,0,Clan,,,,,,,,,,4,,,,,,2,,,,,,,,,,,,,,,,,1,,,,,,,,,,,,,,,,,,,,,17,"12,0",192,2,Estandar,Double,34,,48,50,XL Engine,Compra,NO
Celerity CLR-03-O Celerity,15,Ligero,3138,187,12391250,16,24,0,Inner Sphere,2,,,,,,1,,,,,,1,,,,,,,,,,,,2,,,,,,,,,,,,,,,,,,,,,,,,,,,,,10,"1,5",24,4,Estandar,Double,20,,26,43,XXL Engine,Compra,NO
Celerity CLR-04-R Celerity,15,Ligero,3145,384,7532499,15,23,0,Inner Sphere,,,,,,,,,,,,,,,,,,,,,,,,,,,,,,,,,,,,,,,,,,,,,,,,,,,,,,10,"1,0",16,4,Estandar,Double,20,,0,0,XXL Engine,Compra,NO
Celerity CLR-05-X Celerity,15,Ligero,3145,225,10373057,16,24,0,Inner Sphere,,,,,,,,,,,,,,,,,,,,,,,,,,,,,,,,,,,,,,,,,,,,,,,,,,,,,,10,"1,8",28,4,Estandar,Double,20,,0,0,XXL Engine,Compra,NO
Centurion CN10-B Centurion,55,Medio,3057,1243,5095053,4,6,0,Inner Sphere,,,,1,,,,,,1,,,,,,,,,,1,,,,,,,,,,,,,,,,,,,,,,,,,,,1,,,,,,,10,"11,5",184,2,Estandar,Single,10,,13,31,Fusion Engine,Compra,NO
Centurion CN10-D Centurion,55,Medio,3150,1260,9556470,4,6,0,Inner Sphere,,,,,,,1,,,,,,,,1,,,,,1,,,,,,,,,,,,,,,,,,,,,,,,,,,1,,,,,,,10,"11,6",185,2,Ferro Fibroso,Double,20,,21,35,Light Fusion Engine,Compra,NO
Centurion CN11-O Centurion,50,Medio,3111,1075,12911062,5,8,5,Inner Sphere,,,,,,1,9,,,,,,,,,,,1,,2,,,,,,,,,,,,,,,,,,,,,,,,,,,1,,,1,1,,1,10,"9,5",152,2,Estandar,Double,20,,84,123,XL Engine,Compra,NO
Centurion CN9-A Centurion,50,Medio,2801,945,3455500,4,6,0,Inner Sphere,,,,2,,,,,,,,,,,,,,,,1,,,,,,,,,,,,,,,,,,,1,,,,,,,,,,,,,,,10,"8,5",136,2,Estandar,Single,10,,13,30,Fusion Engine,Compra,NO
Centurion CN9-AH Centurion,50,Medio,2874,945,3489750,4,6,0,Inner Sphere,,,,,,,,,,,,,,,,,,,,1,,,,,,,,,,,,,,,,,,,,1,,,,,,,,,,,,,,10,"8,5",136,2,Estandar,Single,10,,11,30,Fusion Engine,Compra,NO
Centurion CN9-AL Centurion,50,Medio,2915,1057,3365875,4,6,0,Inner Sphere,,,1,2,1,,,,,,,,,,,,,,,1,,,,,,,,,,,,,,,,,,,,,,,,,,,,,,,,,,16,"10,6",169,2,Estandar,Single,16,,19,31,Fusion Engine,Compra,NO
Centurion CN9-Ar Centurion,50,Medio,3072,1226,3863500,4,6,0,Inner Sphere,,,,1,,,,,,1,,,,,1,,,1,,1,,,,,,,,,,,,,,,,,,,,,,,,,,,,,,,,,,10,"8,5",136,2,Estandar,Double,20,,36,46,Fusion Engine,Compra,NO
Centurion CN9-D Centurion,50,Medio,3049,1130,9600500,6,9,0,Inner Sphere,,,,2,,,,,,,,,,,,,,,,1,,,,,,,,,,,,,,,,,,,,,,,,,,,1,,,,,,,10,"8,5",136,2,Estandar,Single,10,,12,30,XL Engine,Compra,NO
Centurion CN9-D3 Centurion,50,Medio,3052,1324,10650500,6,9,0,Inner Sphere,,,,2,,,,,,,,,,,,,,,,1,,,,,,,,,,,,,,,,,,,,,,,,,,,1,,,,,,,10,"8,5",136,2,Estandar,Single,10,,12,30,XL Engine,Compra,NO
Centurion CN9-D3D Centurion,50,Medio,3060,1373,10568500,6,9,0,Inner Sphere,,,,,,,1,,,,,,,,,,,,,1,,,,,,,,,,,,,,,,,,,,,,,,,,,,,,,1,,,10,"8,9",143,2,Ferro Fibroso,Single,10,,10,30,XL Engine,Compra,NO
Centurion CN9-D4D Centurion,50,Medio,3066,1369,9666250,5,8,0,Inner Sphere,,,,,,,1,,,,,,,,,,,,,,1,,,,,,,,,,,,,,,,,,,,,,,,,,,,,,1,,,10,"8,9",143,2,Ferro Fibroso,Single,10,,11,35,XL Engine,Compra,NO
Centurion CN9-D5 Centurion,50,Medio,3062,1738,10992000,6,9,0,Inner Sphere,,,,,,,2,,,,,,,,,,,,,,,,,,,,,,,,,,,,,,,,,,,,,,,,,,,1,,,,10,"9,5",152,2,Estandar,Double,20,,11,15,XL Engine,Compra,NO
Centurion CN9-D9 Centurion,50,Medio,3071,1638,11553500,6,9,6,Inner Sphere,,,,,,,2,,,,,,,,,,,,,1,,,,,,,,,,,,,,,,,,,,,,,,,,,,,,,,,1,10,"9,5",152,2,Ferro Fibroso,Double,20,,24,30,XL Engine,Compra,NO
Centurion CN9-Da Centurion,50,Medio,3076,1035,9210000,6,9,0,Inner Sphere,,,,2,,,,,,,,,,,,,,,,1,,,,,,,,,,,,,,,,,,1,,,,,,,,,,,,,,,,10,"8,5",136,2,Estandar,Single,10,,11,25,XL Engine,Compra,NO
Centurion CN9-YLW 'Yen Lo Wang' Centurion,50,Medio,3027,957,3439750,4,6,0,Inner Sphere,,,,2,,,,,,,,,,,,,,,,,,,,,,,,,,,,,,,,,,,,1,,,,,,,,,,,,,,10,"8,5",136,2,Estandar,Single,10,,13,30,Fusion Engine,Compra,NO
Centurion CN9-YLW2 'Yen Lo Wang' Centurion,50,Medio,3051,1435,7653499,4,6,0,Inner Sphere,,,,,,,,,,3,,,,,,,,,,,,,,,,,,,,,,,,,,,,,,,,,,,,,,,,,1,,,10,"8,5",136,2,Estandar,Single,10,,13,33,XL Engine,Compra,NO
Cephalus  Cephalus,25,Ligero,3072,1038,23845052,10,15,7,Mixed,1,,,,,,,1,,,,3,,1,,,,,,,,,,,,,,,,,,,,,,,,,,,,,,,,,,,,,,,1,10,"5,2",84,2,Ferro Fibroso,Double,20,,49,44,XXL Engine,Compra,NO
Cerberus MR-5M Cerberus,95,Asalto,3055,2057,25450350,4,6,0,Inner Sphere,,2,,,,,,,,6,,,,,,1,,,,,,,,,,,,,,,,,,,,,,,,,,,,,,,,,,,1,,,15,"15,6",250,2,Ferro Fibroso,Double,30,,40,65,XL Engine,Compra,NO
Cerberus MR-6B Cerberus,95,Asalto,3067,2128,27009850,4,6,0,Inner Sphere,,,,,,,2,,,4,,,,,,1,,,,,,,,,,,,,,,,,,,,,,,,,,,,,,,,,,,1,,,15,"16,8",268,2,Ferro Fibroso,Double,30,,42,59,XL Engine,Compra,NO
Cerberus MR-6BL Cerberus,95,Asalto,3067,2260,25754050,4,6,0,Inner Sphere,,,,,,,,,,4,,,,,,,,,,,,,,,,,,,,,,,,,,,,,,,,,,,,,,,,,2,,,12,"17,0",272,2,Estandar,Double,24,,18,54,XL Engine,Compra,NO
Cerberus MR-V2 Cerberus,95,Asalto,3054,2001,25104250,4,6,0,Inner Sphere,,2,,,,,,,,4,,,,,,,,,,,,,,,,,,,,,,,,,,,,,,,,,,,,,,,,,2,,,12,"12,3",197,2,Ferro Fibroso,Double,24,,18,58,XL Engine,Compra,NO
Cerberus MR-V3 Cerberus,95,Asalto,3062,2252,25394300,4,6,0,Inner Sphere,,,,,,,,,,4,,,,,,,,,,,,,,,,,,,,,,,,,,,,,,,,,,,,,,,,,2,,,12,"16,5",264,2,Estandar,Double,24,,18,54,XL Engine,Compra,NO
Cestus CTS-6X Cestus,65,Pesado,2766,1424,11353760,4,6,0,Inner Sphere,,,,,2,,,,,2,,,,,2,,,,,,,,,,,,,,,,,,,,,,,,,,,,,,,,,,,,,,,14,"13,2",211,2,Estandar,Single,14,,44,48,XL Engine,Compra,NO
Cestus CTS-6Y-EC Cestus,65,Pesado,2822,1783,11542660,4,6,0,Mixed,,,,,2,,2,,,,,,,,,,,,,,,,,,,,,,,,,,,,,,,,,,,,,,,,,,,,1,,,14,"13,2",211,2,Estandar,Double,28,,27,41,XL Engine,Compra,NO
Cestus CTS-6Y Cestus,65,Pesado,2766,1701,11288360,4,6,0,Inner Sphere,,,,2,2,,,,,,,,,,,,,,,,,,,,,,,,,,,,,,,,,,,,,,,,,,,,,,1,,,12,"13,2",211,2,Estandar,Double,24,,23,41,XL Engine,Compra,NO
Cestus CTS-6Z Cestus,65,Pesado,3058,1560,11432960,4,6,0,Inner Sphere,,,,2,2,,,,,,,,,,2,,,,,,,,,,,,,,,,,,,,,,,,,,,,,,,,,,,,,,,16,"13,2",211,2,Estandar,Double,32,,42,46,XL Engine,Compra,NO
Cestus CTS-7A Cestus,65,Pesado,3070,1519,12162360,4,6,0,Inner Sphere,,,,,,,2,,,2,,,,,,,,,,,,,,,,,2,,,,,,,,,,,,,,,,,,,,,1,,,,,,12,"13,2",211,2,Estandar,Double,24,,30,58,XL Engine,Compra,NO
Chaffee BT1 ServiceMech Chaffee,15,Ligero,3081,212,816279,5,8,0,Inner Sphere,,,,,,,,,,,,,,,,,,,,,,,,,,,,,,,,,,,,,,,,,,,,,,,,,,,,,,1,"3,0",48,2,Estandar,Single,1,,0,0,Fuel-Cell Engine,Compra,NO
Chameleon CLN-7V Chameleon,50,Medio,3056,1042,4623125,6,9,6,Inner Sphere,,2,3,2,1,,,,,,,,,,,,,,,,,,,,,,,,,,,,,,,,,,,,,,,,,,,,,,,,,10,"7,0",112,2,Estandar,Single,10,,17,31,Fusion Engine,Compra,NO
Chameleon CLN-7W Chameleon,50,Medio,3057,1243,4857000,6,9,6,Inner Sphere,,,,1,,,,1,,1,,,,,,,,,,,,,,,,,,,,,,,,,,,,,,,,,,,,,,,,,,,,10,"9,0",144,2,Estandar,Double,20,,19,19,Fusion Engine,Compra,NO
Chameleon CLN-7Z Chameleon,50,Medio,3061,1527,9538500,6,9,6,Inner Sphere,,,,,2,,,1,,,,,,,,,,,,,,,,,,,,,,,,,,,,,,,,,,,,,,,,,,,,,,11,"10,5",168,2,Estandar,Double,22,,28,24,XL Engine,Compra,NO
Chameleon TRC-4B Chameleon,50,Medio,2510,999,4625500,6,9,6,Inner Sphere,,2,4,2,1,,,,,,,,,,,,,,,,,,,,,,,,,,,,,,,,,,,,,,,,,,,,,,,,,10,"6,0",96,2,Estandar,Single,10,,18,34,Fusion Engine,Compra,NO
Champion C Champion,60,Pesado,2867,2191,12598000,5,8,5,Clan,,,,,,,2,,2,2,,,,,,,,,,,,,,,1,,,,,,,,,,,,,,,,,,,,,,1,,,,,,,10,"12,0",192,2,Ferro Fibroso,Double,20,,28,50,XL Engine,Compra,NO
Champion CHP-1N Champion,60,Pesado,2602,1233,5702800,5,8,0,Inner Sphere,,,2,2,,,,,,,,,,,,,,,,,,,,,1,,,,,,,,,,,,,,,,,,,,,,1,,,,,,,10,"8,9",143,2,Ferro Fibroso,Single,10,,14,38,Fusion Engine,Compra,NO
Champion CHP-1N2 Champion,60,Pesado,2667,1233,5798800,5,8,0,Inner Sphere,,,2,2,,,,,,,,,,,,,,,,,,,,,1,,,,,,,,,,,,,,,,,,,,,,1,,,,,,,10,"8,9",143,2,Ferro Fibroso,Double,20,,14,38,Fusion Engine,Compra,NO
Champion CHP-1Nb Champion,60,Pesado,2750,1632,5736000,5,8,0,Inner Sphere,,,,,,,,,,,,,,,,1,,,,,,,,,,,,,,,,,,,,,,,,,,,,,,,,,,,1,,,10,"8,9",143,2,Ferro Fibroso,Double,20,,16,25,Fusion Engine,Compra,NO
Champion CHP-2N Salazar Champion,60,Pesado,2810,1232,4818600,4,6,0,Inner Sphere,,,,4,,,,,,,,,,,,,,,,,,,,,1,,,,,,,,,,,,,,1,,,,,,,,,,,,,,,14,"11,5",184,2,Estandar,Single,14,,19,42,Fusion Engine,Compra,NO
Champion CHP-2N Champion,60,Pesado,2810,1116,5047800,5,8,0,Inner Sphere,,,2,2,,,,,,,,,,,,,,,,,,,,,1,,,,,,,,,,,,,,1,,,,,,,,,,,,,,,10,"8,0",128,2,Estandar,Single,10,,15,38,Fusion Engine,Compra,NO
Champion CHP-3N Champion,60,Pesado,3052,1400,11862800,5,8,0,Inner Sphere,,,2,2,2,,,,,,,,,,,,,,,,,,,,1,,,,,,,,,,,,,,,,,,,,,,1,,,,,,,10,"8,4",134,2,Ferro Fibroso,Double,20,,30,54,XL Engine,Compra,NO
Champion CHP-3P Champion,60,Pesado,3062,1503,13172600,5,8,0,Inner Sphere,,,,,,,4,,,,,,,,,,,,,,,,,,,,,,,,,,,,,,,,,,,,1,,,,,,,,,,,11,"10,5",168,2,Estandar,Double,22,,24,30,XL Engine,Compra,NO
Champion Snord CHP-2SN Salazar Champion Snord,60,Pesado,3070,1520,5926000,5,8,0,Inner Sphere,,,,4,,,,,,,,,,,,,,,,,,,,,,2,,,,,,,,,,,,,,,,,,,,,1,,,,,,,10,"11,8",188,2,Ferro Fibroso,Double,20,,18,38,Fusion Engine,Compra,NO
Charger CGR-1A1 Charger,80,Asalto,2665,981,7520370,5,8,0,Inner Sphere,,,5,,,,,,,,,,,,,,,,,,,,,,,,,,,,,,,,,,,,,,,,,,,,,,,,,,,10,"10,0",160,2,Estandar,Single,10,,5,15,Fusion Engine,Compra,NO
Charger CGR-1A5 Charger,80,Asalto,3023,1468,7719170,4,6,0,Inner Sphere,,,1,1,,,,,,,,,,,,,,,,,,,,,2,,,,,,,,,,,,,,,1,,,,,,,,,,,,,,13,"15,0",240,2,Estandar,Single,13,,19,52,Fusion Engine,Compra,NO
Charger CGR-1A9 Charger,80,Asalto,3034,1397,7973370,4,6,4,Inner Sphere,,,1,4,,,,,,,,,,,,,,,,,,1,,,,,,,,,,,,,,,,,,,,,,,,,,,,,,,,22,"10,0",160,2,Estandar,Single,22,,19,43,Fusion Engine,Compra,NO
Charger CGR-1L Charger,80,Asalto,3022,980,7662120,5,8,0,Inner Sphere,,,,2,1,,,,,,,,,,,,,,,,,,,,,,,,,,,,,,,,,,,,,,,,,,,,,,,,,10,"5,5",88,2,Estandar,Single,10,,14,18,Fusion Engine,Compra,NO
Charger CGR-2A2 Charger,80,Asalto,3064,1109,7770120,5,8,0,Inner Sphere,,,,1,,,,,,,,,,,,,,,,,,,,,,,,,,,,,,,,,,,,,,,,,,,,,,,,,,10,"10,1",161,2,Ferro Fibroso,Single,10,,3,5,Fusion Engine,Compra,NO
Charger CGR-3K Charger,80,Asalto,3049,1656,21240720,5,8,5,Inner Sphere,,,,,,,,,,4,,,,,,,,,,,,1,,,,,,,,,,,,,,,,,,,,,,,,,,,,,,,,12,"11,2",179,2,Ferro Fibroso,Double,24,,22,44,XL Engine,Compra,NO
Charger CGR-3Kr Charger,80,Asalto,3078,2121,23295120,5,8,5,Inner Sphere,,,1,1,,1,2,,,,,,,,1,,1,,,,,,,,,,,,,,,,,,,,,,,,,,,,,,,,,,,,,10,"13,2",212,2,Ferro Fibroso,Double,20,,36,41,XL Engine,Compra,NO
Charger CGR-C Charger,80,Asalto,3053,1592,21642720,5,8,5,Inner Sphere,,,,,,,,,,3,,,,,,,,,,,,1,,,,,,,,,,,,,,,,,,,,,,,,,,,,,,,,12,"11,2",179,2,Ferro Fibroso,Double,24,,18,38,XL Engine,Compra,NO
Charger CGR-KMZ Charger,80,Asalto,3071,1781,20139720,4,6,6,Inner Sphere,,,,,,,,,,,,,,,2,,,1,,,,,,,,,,,,,,,,,,,,,,,,,,,,,,,,,,,,12,"11,6",186,2,Ferro Fibroso,Double,24,,35,35,XL Engine,Compra,NO
Charger CGR-SA5 Charger,80,Asalto,3063,2105,17662520,4,6,0,Inner Sphere,,,,,,,3,,,,,,,,,,,,,,,,,,,,,2,,,,,,,,,,,,,,,,,,,,1,,,,,,12,"15,4",247,2,Estandar,Double,24,,29,59,Light Fusion Engine,Compra,NO
Charger CGR-SB 'Challenger' Charger,80,Asalto,3025,1604,6298920,3,5,0,Inner Sphere,,,,1,4,,,,,,,,,,,,,,,,,,,,,,,,,,,,,,,,,,,,,,,,,,,,,,,,,28,"15,4",247,2,Estandar,Single,28,,35,37,Fusion Engine,Compra,NO
Chimera CMA-1S Chimera,40,Medio,3063,1173,6733300,6,9,6,Inner Sphere,,1,,,,,1,1,,,,,,,,,,,,,,,,,,,,,,1,,,,,,,,,,,,,,,,,,,,,,,,10,"7,0",112,2,Estandar,Double,20,,23,35,XL Engine,Compra,NO
Chimera CMA-2K Chimera,40,Medio,3069,1528,9062363,7,11,7,Inner Sphere,,,1,4,,,,,1,,,,,,,,1,,,,,,,,,,,,,,,,,,,,,,,,,,,,,,,,,,,,,10,"7,5",120,2,Estandar,Double,20,,25,36,XL Engine,Compra,NO
Chimera CMA-C Chimera,40,Medio,3063,1182,7075800,6,9,6,Inner Sphere,,,,,,,1,1,,,,,,,,,,,,,,,,,,,,,,1,,,,,,,,,,,,,,,,,,,,,,,,10,"7,0",112,2,Estandar,Double,20,,23,33,XL Engine,Compra,NO
Cicada CDA-2A Cicada,40,Medio,2740,659,3705216,8,12,0,Inner Sphere,,,1,2,,,,,,,,,,,,,,,,,,,,,,,,,,,,,,,,,,,,,,,,,,,,,,,,,,10,"4,0",64,2,Estandar,Single,10,,7,13,Fusion Engine,Compra,NO
Cicada CDA-2B Cicada,40,Medio,2840,626,3692966,8,12,0,Inner Sphere,1,,,2,,,,,,,,,,,,,,,,,,,,,,,,,,,,,,,,,,,,,,,,,,,,,,,,,,10,"3,5",56,2,Estandar,Single,10,,9,12,Fusion Engine,Compra,NO
Cicada CDA-3C Salazar Cicada,40,Medio,2840,885,3318933,7,11,0,Inner Sphere,,,,,,,,,,,,,,,1,,,,,,,,,,,,,,,,,,,,,,,,,,,,,,,,,,,,,,,11,"6,0",96,2,Estandar,Single,11,,10,10,Fusion Engine,Compra,NO
Cicada CDA-3C Cicada,40,Medio,2840,771,3305933,7,11,0,Inner Sphere,,2,,,,,,,,,,,,,1,,,,,,,,,,,,,,,,,,,,,,,,,,,,,,,,,,,,,,,11,"4,0",64,2,Estandar,Single,11,,10,14,Fusion Engine,Compra,NO
Cicada CDA-3F Cicada,40,Medio,3052,1329,8687466,8,12,8,Inner Sphere,,,,2,,,,,,,,,,,,1,,,,,,,,,,,,,,,,,,,,,,,,,,,,,,,,,,,,,,10,"7,2",116,2,Ferro Fibroso,Double,20,,21,20,XL Engine,Compra,NO
Cicada CDA-3G Cicada,40,Medio,3056,1270,8841466,8,12,8,Inner Sphere,,,,2,,,,1,,,,,,,,,,,,,,,,,,,,,,,,,,,,,,,,,,,,,,,,,,,,,,10,"7,8",125,2,Ferro Fibroso,Double,20,,18,18,XL Engine,Compra,NO
Cicada CDA-3M Cicada,40,Medio,3049,812,7738866,8,12,0,Inner Sphere,,,,2,,,,,1,,,,,,,,,,,,,,,,,,,,,,,,,,,,,,,,,1,,,,,,,,,,,,10,"4,0",64,2,Estandar,Double,20,,9,18,XL Engine,Compra,NO
Cicada CDA-3MA Cicada,40,Medio,3068,1158,7862866,8,12,0,Inner Sphere,,,,2,,,,,1,,,,,,,,1,,,,,,,,,,,,,,,,,,,,,,,,,,,,,,,,,,,,,10,"8,5",136,2,Estandar,Double,20,,18,23,XL Engine,Compra,NO
Cicada CDA-3P Cicada,40,Medio,3070,1502,7082133,7,11,0,Inner Sphere,,,,,,,4,,,,,,,,,,,1,,,,,,,,,,,,,,,,,,,,,,,,,,,,,,,,,,,,10,"8,0",128,2,Estandar,Double,20,,35,35,XL Engine,Compra,NO
Clint CLNT-1-2R Clint,40,Medio,2607,707,3217880,6,9,0,Inner Sphere,,,,1,,,,,,,,,,,,,,,,,,,,,,,,,,,,,,,,,,,1,,,,,,,,,,,,,,,10,"4,5",72,2,Estandar,Single,10,,6,15,Fusion Engine,Compra,NO
Clint CLNT-2-3T (Denton) Clint,40,Medio,3033,873,3542280,6,9,6,Inner Sphere,,,,2,1,,,,,,,,,,,,,,,,,,,,,,,,,,,,,,,,,,,,,,,,,,,,,,,,,14,"4,5",72,2,Estandar,Single,14,,14,18,Fusion Engine,Compra,NO
Clint CLNT-2-3T Clint,40,Medio,2608,770,3570580,6,9,6,Inner Sphere,,,,2,,,,,,,,,,,,,,,,,,,,,,,,,,,,,,,,,,1,,,,,,,,,,,,,,,,10,"4,5",72,2,Estandar,Single,10,,7,15,Fusion Engine,Compra,NO
Clint CLNT-2-3U Clint,40,Medio,3050,1081,3951079,6,9,6,Inner Sphere,,,,,,,,,,2,,,,,,1,,,,,,,,,,,,,,,,,,,,,,,,,,,,,,,,,,,,,,10,"4,5",72,2,Estandar,Double,20,,23,22,Fusion Engine,Compra,NO
Clint CLNT-2-3UL Clint,40,Medio,3069,1245,3981079,6,9,6,Inner Sphere,,,,,,,2,,,,,,,,,,,,,,,,,,,,,,,,,,,,,,,,,,,,,,,,,,,,,,1,10,"4,5",72,2,Estandar,Double,20,,20,20,Fusion Engine,Compra,NO
Clint CLNT-2-4T Clint,40,Medio,2950,619,3142880,6,9,0,Inner Sphere,,,,1,,,,,,,,,,,,,,,,,,,,,,,,,,,,,,,,,2,,,,,,,,,,,,,,,,,10,"4,5",72,2,Estandar,Single,10,,5,9,Fusion Engine,Compra,NO
Clint CLNT-3-3T Clint,40,Medio,3069,901,3785079,6,9,6,Inner Sphere,,,,2,,,,,,,,,,,,,,,,,,,,,,,,,,,,,,,,,,,,,,,,,,,,,,,,,,10,"6,7",107,2,Ferro Fibroso,Single,10,,6,10,Fusion Engine,Compra,NO
Clint CLNT-3T Salazar Clint,40,Medio,2608,873,3542280,6,9,6,Inner Sphere,,,,2,1,,,,,,,,,,,,,,,,,,,,,,,,,,,,,,,,,,,,,,,,,,,,,,,,,14,"4,5",72,2,Estandar,Single,14,,14,18,Fusion Engine,Compra,NO
Clint CLNT-5U Clint,40,Medio,3062,1275,6324080,6,9,6,Inner Sphere,,,,,,,3,1,,,,,,,,,,,,,,,,,,,,,,,,,,,,,,,,,,,,,,,,,,,,,,12,"8,0",128,2,Estandar,Double,24,,27,23,Light Fusion Engine,Compra,NO
Clint CLNT-6S Clint,40,Medio,3069,1334,6213130,7,11,0,Inner Sphere,,,,,,1,2,2,,,,,,,,,,,,,,,,,,,,,,,,,,,,,,,,,,,,,,,,,,,,,,12,"8,0",128,2,Ferro Fibroso,Double,24,,36,29,Light Fusion Engine,Compra,NO
Clint IIC 2 Clint IIC,40,Medio,3073,1890,8340079,6,9,8,Clan,,,,,,,,,,5,,,,,,,,,,,,,,,,,,,,,,,,,,,,,,,,,,,,,,,,,,,,10,"8,4",134,2,Ferro Fibroso,Double,20,,20,30,XL Engine,Compra,NO
Clint IIC  Clint IIC,40,Medio,2842,1395,6987280,6,9,6,Clan,,,,,,,2,,,,,,,,,,,,,,,,,,,,,,,,,,,,,,,,,,,,,,,,1,,,,,,,10,"7,0",112,2,Estandar,Single,10,,12,20,XL Engine,Compra,NO
Cobra CBR-02 Cobra,45,Medio,3060,1128,4089375,5,8,0,Inner Sphere,,,,2,,,,,,,,,,,,,,,,,2,,,,,,,,,,,,,,,,,,,,,,,,,,,,,,,,,10,"7,2",116,2,Ferro Fibroso,Double,20,,16,40,Fusion Engine,Compra,NO
Cobra CBR-03 Cobra,45,Medio,3075,1324,7018750,5,8,0,Inner Sphere,,,,,,,2,,,,,,,,,,,,,,2,,,,,,,,,,,,,,,,,,,,,,,,,,,,,,,,,10,"7,9",127,2,Ferro Fibroso,Double,20,,20,40,Light Fusion Engine,Compra,NO
Commando COM-1B Commando,25,Ligero,3015,616,1813250,6,9,0,Inner Sphere,,,,1,1,,,,,,,,,,,,,,,,,,1,,,,,,,,,,,,,,,,,,,,,,,,,,,,,,,10,"4,0",64,2,Estandar,Single,10,,13,17,Fusion Engine,Compra,NO
Commando COM-1C Commando,25,Ligero,3020,458,1743500,6,9,0,Inner Sphere,,,,1,,,,,,,,,,,,,,,,,,,,,,,,,,,,,,,,,1,,,,,,,,,,,,,,,,,10,"4,0",64,2,Estandar,Single,10,,4,7,Fusion Engine,Compra,NO
Commando COM-1D Commando,25,Ligero,2480,558,1838250,6,9,0,Inner Sphere,,,,,1,,,,,,,,,,,,,,,,,,,,1,,,,,,,,,,,,,,,,,,,,,,,,,,,,,10,"3,0",48,2,Estandar,Single,10,,12,20,Fusion Engine,Compra,NO
Trebuchet TBT-7M-BL Trebuchet,50,Medio,3048,1586,9123500,5,8,5,Inner Sphere,,,,3,,,,,,,,,,,,,,,,,2,,,,,,,,,,,,,,,,,,,,,,,,,,,,,,,,,10,"10,5",168,2,Estandar,Double,20,,19,45,XL Engine,Compra,NO
Commando COM-2D Commando,25,Ligero,2486,541,1877750,6,9,0,Inner Sphere,,,,1,,,,,,,,,,,,,,,,,,,,1,1,,,,,,,,,,,,,,,,,,,,,,,,,,,,,10,"4,0",64,2,Estandar,Single,10,,10,25,Fusion Engine,Compra,NO
Commando COM-2Dr Commando,25,Ligero,3075,563,1949500,6,9,0,Inner Sphere,,,,,,,1,,,,,,,,,,,,,,,,,,,,,,,,,,,,,,,,,,,,,,,,,,,,,,,10,"4,0",64,2,Estandar,Single,10,,5,5,Fusion Engine,Compra,NO
Commando COM-3A-BL Commando,25,Ligero,3025,531,1865750,6,9,0,Inner Sphere,,,,1,,,,,,,,,,,,,,,,,,,,,2,,,,,,,,,,,,,,,,,,,,,,,,,,,,,11,"3,0",48,2,Estandar,Single,11,,11,29,Fusion Engine,Compra,NO
Commando COM-3A Commando,25,Ligero,3025,540,1872625,6,9,0,Inner Sphere,1,,,1,,,,,,,,,,,,,,,,,,,,,2,,,,,,,,,,,,,,,,,,,,,,,,,,,,,10,"3,0",48,2,Estandar,Single,10,,14,31,Fusion Engine,Compra,NO
Commando COM-4H-BL Commando,25,Ligero,3058,739,2098750,6,9,0,Inner Sphere,,,,,,,2,,,,,,,,,,,,,,,,,,,,,,,,,,,,,,,,,,,,,,,,,,,,,,,10,"4,0",64,2,Estandar,Double,20,,10,10,Fusion Engine,Compra,NO
Commando COM-4H Commando,25,Ligero,3058,691,1923750,6,9,0,Inner Sphere,,,,2,,,,,,,,,,,,,,,,,,,,,,,,,,,,,,,,,,,,,,,,,,,,,,,,,,10,"4,0",64,2,Estandar,Single,10,,6,10,Fusion Engine,Compra,NO
Commando COM-5S Commando,25,Ligero,3050,557,2179500,6,9,0,Inner Sphere,,,,1,,,,,,,,,,,,,,,,,,,,,1,1,,,,,,,,,,,,,,,,,,,,,,,,,,,,10,"3,3",53,2,Ferro Fibroso,Single,10,,9,21,Fusion Engine,Compra,NO
Commando COM-7B Commando,25,Ligero,3068,602,2769500,6,9,4,Inner Sphere,2,,,,,,1,,,,,,,,,,,,,,,,,2,,,,,,,,,,,,,,,,,,,,,,,,,,,,,,10,"4,5",72,2,Estandar,Double,20,,17,25,Light Fusion Engine,Compra,NO
Commando COM-7S Commando,25,Ligero,3059,658,2938000,6,9,0,Inner Sphere,,,,,,,2,,,,,,,,,,,,,,,,,1,,2,,,,,,,,,,,,,,,,,,,,,,,,,,,,10,"3,5",56,2,Estandar,Double,20,,17,26,Light Fusion Engine,Compra,NO
Commando COM-8S Commando,25,Ligero,3108,775,6186083,7,11,0,Inner Sphere,,,,,,,2,,,,,,,,,,,,,,,,,,,2,,,,,,,,,,,,,,,,,,,,,,,,,,,,10,"4,5",72,2,Estandar,Double,20,,14,18,XL Engine,Compra,NO
Commando COM-9S Commando,25,Ligero,3146,719,5646583,7,11,0,Inner Sphere,,,,,,,,,,,,,,,1,,,,,,,,2,,,,,,,,,,,,,,,,,,,,,,,,,,,,,,,10,"4,5",72,2,Estandar,Double,20,,14,18,XL Engine,Compra,NO
Commando IIC  Commando IIC,25,Ligero,2856,978,2359000,6,9,0,Clan,,,,,,,2,,,,,,,,,,,,,,,,,3,1,,,,,,,,,,,,,,,,,,,,,,,,,,,,,10,"4,5",72,2,Estandar,Double,20,,23,46,Fusion Engine,Compra,NO
Conjurer (Hellhound) 2 Conjurer (Hellhound),50,Medio,3062,2097,11603500,7,11,7,Clan,,,,,,,,,,2,,,,,,,,,,,,,,,,,,,,,,,,,1,,,,,,,,,,,,,,,,,,,10,"10,6",169,2,Ferro Fibroso,Double,20,,14,30,XL Engine,Compra,NO
Conjurer (Hellhound) 3 Conjurer (Hellhound),50,Medio,3064,1764,5274000,6,9,6,Clan,,,,,,,,1,,,,,2,,,,,,,,,,,,,,,,,,,,,,,,,,,,,,,,,,,,,,,,,13,"10,2",163,2,Ferro Fibroso,Double,26,,26,28,Fusion Engine,Compra,NO
Conjurer (Hellhound) 4 Conjurer (Hellhound),50,Medio,3065,2164,10446500,6,9,6,Clan,,2,,,,,,,,1,,,4,,,,,,,,,,,,,,,2,,,,,,,,,,,,,,,,,,,,,,,,,,14,"10,2",163,2,Ferro Fibroso,Double,28,,40,74,XL Engine,Compra,NO
Conjurer (Hellhound) 5 Conjurer (Hellhound),50,Medio,3067,1722,5532000,6,9,6,Clan,,,,,,,2,,,,,,,,,,,,,,,,,,,,,,,,,,,2,,,,,,,,,,,,,,,,,,,,10,"10,2",163,2,Ferro Fibroso,Double,20,,18,34,Fusion Engine,Compra,NO
Conjurer (Hellhound) 7 Conjurer (Hellhound),50,Medio,3150,1845,5314500,6,9,6,Clan,,,,,,,2,,,,1,,,,,,,,2,,,,,,,,,,,,,,,,,,,,,,,,,,,,,,,,,,,10,"10,2",163,2,Ferro Fibroso,Double,20,,24,29,Fusion Engine,Compra,NO
Conjurer (Hellhound) 8 Conjurer (Hellhound),50,Medio,3150,2197,9801500,5,8,5,Mixed,,,,,,,,,,2,,,,,,,,,,,,,,,,,,1,,,,,,,,,,,,,,,,,,,,,,1,,,,10,"10,2",163,2,Ferro Fibroso,Double,20,,13,29,XL Engine,Compra,NO
Conjurer (Hellhound)  Conjurer (Hellhound),50,Medio,2826,1813,5293500,6,9,6,Clan,,,,,,,2,,,,1,,,,,,,,,,,,,,,2,,,,,,,,,,,,,,,,,,,,,,,,,,,,10,"10,2",163,2,Ferro Fibroso,Double,20,,24,27,Fusion Engine,Compra,NO
ConstructionMech CON-7 'Carbine' ConstructionMech,30,Ligero,3028,198,1167880,4,6,0,Inner Sphere,,,,,,,,,,,,,,,,,,,,,,,,,,,,,,,,,,,,,,,,,,,,,,,,,,,,,,0,"2,0",32,2,Estandar,Single,0,,0,0,I.C.E. Engine,Compra,NO
ConstructionMech MOD ConstructionMech,30,Ligero,3132,275,934575,3,5,0,Inner Sphere,,2,,,,,,,,,,,,,,,,,,1,,,,,,,,,,,,,,,,,,,,,,,,,,,,,,,,,,1,"2,5",40,2,Estandar,Single,1,,4,14,I.C.E. Engine,Compra,NO
ConstructionMech  ConstructionMech,30,Ligero,3132,246,1181425,4,6,0,Inner Sphere,,,,,,,,,,,,,,,,,,,,,,,,,,,,,,,,,,,,,,,,,,,,,,,,,,,,,,0,"3,0",48,2,Estandar,Single,0,,0,0,I.C.E. Engine,Compra,NO
Copper CPK-19 SecurityMech Copper,25,Ligero,2619,310,850052,4,6,0,Inner Sphere,,4,,,,,,,,,,,,,,,,,,,,,,,,,,,,,,,,,,,,,,,,,,,,,,,,,,,,0,"5,0",80,2,Estandar,Single,0,,0,8,I.C.E. Engine,Compra,NO
Copper CPK-65 SecurityMech Copper,25,Ligero,3065,325,962114,4,6,0,Inner Sphere,,2,,,,,,,,,,,,,,,,,,,,,1,,,,,,,,,,,,,,,,,,,,,,,,,,,,,,,3,"5,0",80,2,Estandar,Single,3,,2,8,Fuel-Cell Engine,Compra,NO
'Copper' SecurityMech CPK-65 'Copper' SecurityMech,25,Ligero,3065,325,962114,4,6,0,Inner Sphere,,2,,,,,,,,,,,,,,,,,,,,,1,,,,,,,,,,,,,,,,,,,,,,,,,,,,,,,3,"5,0",80,2,Estandar,Single,3,,2,8,Fuel-Cell Engine,Compra,NO
Corvis 2 Corvis,40,Medio,3075,1455,3662613,4,6,4,Clan,,,,,,,,,,,,,2,,,,,,,,,,,,,,,,,,,,,,,,,,,,,,,,,,,,,,,,,10,"8,4",134,2,Ferro Fibroso,Double,20,,14,20,Fusion Engine,Compra,NO
Corvis  Corvis,40,Medio,2845,1336,3354613,4,6,4,Clan,,,,,,,,,,2,,,,,,,,,,,,,,,,,,,,,,,,,,,,,,,,,1,,,,,,,,,,,10,"8,4",134,2,Ferro Fibroso,Double,20,,12,22,Fusion Engine,Compra,NO
Cossack C-1FC Cossack,20,Ligero,3076,483,2480040,6,9,6,Inner Sphere,,,,,,,,,,,,,,,,,,,,,,,,,,,,,,,,,,,,,,,,,,,,,,,,,,,,,,10,"3,7",59,2,Ferro Fibroso,Single,10,,0,0,XL Engine,Compra,NO
Cossack C-SK1 Cossack,20,Ligero,3060,465,2357040,6,9,6,Inner Sphere,,,2,1,,,,,,,,,,,,,,,,,,,,,1,,,,,,,,,,,,,,,,,,,,,,,,,,,,,10,"3,0",48,2,Estandar,Single,10,,9,23,XL Engine,Compra,NO
Cougar X 2 Cougar X,35,Ligero,3089,1335,6335850,5,8,8,Mixed,,,,,,,,,,1,,,,,,,,,,,1,,,,,,,,,,,,,,,,,,,,,,,,,,,,,,,,,10,"6,6",105,2,Ferro Fibroso,Double,20,,9,21,XL Engine,Compra,NO
Cougar X 3 Cougar X,35,Ligero,3093,1410,6996480,5,8,0,Mixed,,,,,,,,,,1,1,,,,,,,,,1,,,,,,,,,,,,,,,,,,,,,,,,,,,,,,,,,,11,"6,6",105,2,Ferro Fibroso,Double,22,,18,25,XL Engine,Compra,NO
Cougar X Cougar,35,Ligero,3132,1516,6008475,5,8,7,Mixed,,,,,,,2,,,,,,,,,,,,,2,,,,,,,,,,,,,,,,,,,,,,,,,,,,,,,,,,10,"4,2",67,2,Ferro Fibroso,Double,20,,18,30,XL Engine,Compra,NO
Cougar X2 Cougar,35,Ligero,3132,1335,6335850,5,8,8,Mixed,,,,,,,,,,1,,,,,,,,,,,1,,,,,,,,,,,,,,,,,,,,,,,,,,,,,,,,,10,"6,6",105,2,Ferro Fibroso,Double,20,,9,21,XL Engine,Compra,NO
Cougar X3 Cougar,35,Ligero,3132,1410,6992700,5,8,0,Mixed,,,,,,,,,,1,1,,,,,,,,,1,,,,,,,,,,,,,,,,,,,,,,,,,,,,,,,,,,11,"6,6",105,2,Ferro Fibroso,Double,22,,18,25,XL Engine,Compra,NO
Cougar  Cougar,35,Ligero,3058,1485,6024187,5,8,5,Clan,,2,,,,,11,2,1,3,2,,3,2,,2,,,2,4,,2,,2,,,1,,,,,,,2,,,,,,,,1,1,,,,,,,,1,,,10,"6,6",105,2,Ferro Fibroso,Double,20,,255,364,XL Engine,Compra,NO
Coyotl  Coyotl,40,Medio,2854,1974,9183416,7,11,7,Clan,,,,,,,1,,1,1,1,,,,,1,,,,1,,,,,1,,3,,,,,,,,,,,,,,,,1,,,,,,,,,,,10,"8,5",136,2,Estandar,Double,20,,57,89,XL Engine,Compra,NO
Crab CRB-20 Salazar MkII Crab,50,Medio,3050,1318,4344500,5,8,0,Inner Sphere,,,,1,,,,2,,,,,,,,,,,,,,,,,,,,,,,,,,,,,,,,,,,,,,,,,,,,,,15,"10,5",168,2,Estandar,Double,30,,27,21,Fusion Engine,Compra,NO
Crab CRB-20 Salazar Crab,50,Medio,2810,1105,3900500,5,8,0,Inner Sphere,,,,1,2,,,,,,,,,,,,,,,,,,,,,,,,,,,,,,,,,,,,,,,,,,,,,,,,,17,"8,5",136,2,Estandar,Single,17,,19,21,Fusion Engine,Compra,NO
Crab CRB-20 Crab,50,Medio,2810,1143,3921875,5,8,0,Inner Sphere,,,1,1,2,,,,,,,,,,,,,,,,,,,,,,,,,,,,,,,,,,,,,,,,,,,,,,,,,16,"9,0",144,2,Estandar,Single,16,,20,24,Fusion Engine,Compra,NO
Crab CRB-27 Crab,50,Medio,2719,1198,4050875,5,8,0,Inner Sphere,,,1,1,2,,,,,,,,,,,,,,,,,,,,,,,,,,,,,,,,,,,,,,,,,,,,,,,,,16,"10,1",161,2,Ferro Fibroso,Single,16,,20,24,Fusion Engine,Compra,NO
Crab CRB-27b Crab,50,Medio,2719,1308,4470875,5,8,0,Inner Sphere,,,1,1,,,,2,,,,,,,,,,,,,,,,,,,,,,,,,,,,,,,,,,,,,,,,,,,,,,16,"10,1",161,2,Ferro Fibroso,Double,32,,28,24,Fusion Engine,Compra,NO
Crab CRB-30 Crab,50,Medio,3062,1509,9987875,5,8,0,Inner Sphere,,,,,,1,1,,,,,,,,,2,,,,,,,,,,,,,,,,,,,,,,,,,,,,,,,,,,,,,,14,"10,1",161,2,Ferro Fibroso,Double,28,,37,28,XL Engine,Compra,NO
Crab CRB-45 Crab,50,Medio,3070,1342,10665000,6,9,0,Inner Sphere,,,,,,,,1,,,,,,,3,,,,,,,,,,,,,,,,,,,,,,,,,,,,,,,,,,,,,,,15,"9,9",158,2,Ferro Fibroso,Double,30,,42,38,XL Engine,Compra,NO
Crab CRB-54 Crab,50,Medio,3150,1964,44313875,7,11,0,Inner Sphere,,,,,,1,1,,,,,,,,,,,,,,,,,,,,,,,,,,,,,,,,,,,,,,,,,,,,,,2,15,"9,9",158,2,Ferro Fibroso,Double,30,,27,28,XXL Engine,Compra,NO
Crab CRB-C Crab,50,Medio,3056,1135,4365875,5,8,0,Inner Sphere,,,1,,2,,,,,,,,,,,,,,,,,,,,,,,,,,,,,,,,,,,,,,,,,,,,,,,,,16,"10,1",161,2,Ferro Fibroso,Single,16,,17,19,Fusion Engine,Compra,NO
Cricket RWN-01 Cricket,30,Ligero,3132,1169,14551940,7,11,6,Inner Sphere,,,,,,,,,,,,,,,2,,,,,,,,,,,,,,,,,,,,,,,,,,,,,,,,,,,,,,,10,"6,6",105,2,Estandar,Double,20,,20,20,XXL Engine,Compra,NO
Crimson Hawk 2 Crimson Hawk,25,Ligero,3073,1271,3259166,5,8,5,Clan,,,,,,,,,,,,,,2,,,,,,,,,,,,,,,,,,,,,,,,,,,,,,,,,,,,,,,,10,"5,6",89,2,Ferro Fibroso,Double,20,,36,32,XL Engine,Compra,NO
Crimson Hawk 3 Crimson Hawk,25,Ligero,3075,1029,3377916,5,8,6,Clan,,,,,,,1,1,,,,,,,,,,,,,,,,,,,,,,,,,,,,,,,,,,,,,,,,,,,,,,10,"5,4",86,2,Ferro Fibroso,Double,20,,17,13,XL Engine,Compra,NO
Crimson Hawk 4 Crimson Hawk,25,Ligero,3099,1372,3107729,5,8,3,Clan,1,,,,,,2,1,,,,,,,,,,,,,,,,,,,,,,,,,,,,,,,,,,,,,,,,,,,,,,10,"5,4",86,2,Ferro Fibroso,Double,20,,25,20,XL Engine,Compra,NO
Crimson Hawk  Crimson Hawk,25,Ligero,3071,1285,3134166,5,8,5,Clan,,,,,,,,2,,,,,,,,,,,,,,,,,,,,,,,,,,,,,,,,,,,,,,,,,,,,,,10,"5,6",89,2,Ferro Fibroso,Double,20,,24,16,XL Engine,Compra,NO
Crimson Langur  Crimson Langur,50,Medio,3065,1952,13799375,7,11,5,Clan,,,,,,6,3,2,,5,,,2,,,,,,,,2,,,4,,,2,,,,,,,,1,,,,,,,,1,,,,,,,,,,,10,"10,5",168,2,Estandar,Double,20,,123,205,XL Engine,Compra,NO
Crockett CRK-5003-0 Crockett,85,Asalto,2881,1704,7400325,3,5,3,Inner Sphere,,,2,,2,,,,,,,,,,,,,,,,,,,,2,,,,,,,,,,,,,,1,,,,,,,,,,,,,,,15,"16,4",263,2,Estandar,Single,15,,29,56,Fusion Engine,Compra,NO
Crockett CRK-5003-1 Crockett,85,Asalto,2735,1923,8320325,3,5,3,Inner Sphere,,,2,,,,,2,,,,,,,,,,,,,,,,,2,,,,,,,,,,,,,,,,,,,,,,1,,,,,,,15,"16,4",263,2,Estandar,Double,30,,36,56,Fusion Engine,Compra,NO
Crockett CRK-5003-1b Crockett,85,Asalto,2750,2307,8504675,3,5,3,Inner Sphere,,,,2,,,,2,,4,,,,,,,,,,,,,,,,,,,,,,,,,,,,,,,,,,,,,,,,,1,,,15,"16,4",263,2,Estandar,Double,30,,47,65,Fusion Engine,Compra,NO
Crockett CRK-5003-3 Crockett,85,Asalto,3062,1989,8403575,3,5,3,Inner Sphere,,,2,,,,,2,,,,,,,,,,,,,,,,,2,,,,,,,,,,,,,,,,,,,,,,1,,,,,,,15,"15,9",255,2,Estandar,Double,30,,36,56,Fusion Engine,Compra,NO
Crockett CRK-5004-1 Crockett,85,Asalto,3063,1955,9714325,3,5,3,Inner Sphere,,,,,,2,,2,,,,,,,,,,,,,,,,2,,,,,,,,,,,,,,,,,,,,,,,1,,,,,,,15,"16,4",263,2,Estandar,Double,30,,36,48,Fusion Engine,Compra,NO
Crockett CRK-5005-1 Crockett,85,Asalto,3070,1908,16591925,3,5,5,Inner Sphere,,,,,,,,2,,,,,,,,,,,,,,,,,,,,,,,,,,,,,,,,,,,,,,,1,,,,,,,14,"16,4",263,2,Estandar,Double,28,,26,26,Light Fusion Engine,Compra,NO
Cronus CNS-3M Cronus,55,Medio,3031,1339,4881806,5,8,5,Inner Sphere,,,,3,1,,,,,,,,,,,,,,,,,,,1,,,,,,,,,,,,,,,,,,,,,,,,,,,,,,14,"10,5",168,2,Estandar,Single,14,,20,31,Fusion Engine,Compra,NO
Cronus CNS-5M Cronus,55,Medio,3060,1579,12621477,6,9,6,Inner Sphere,,,,,,1,2,,,,,,,,,1,,,,,,,,,,,1,,,,,,,,,,,,,,,,,,,,,,,,,,,14,"10,5",168,2,Estandar,Double,28,,30,31,XL Engine,Compra,NO
Cronus CNS-TD9 Cronus,55,Medio,3072,978,16168670,6,9,0,Inner Sphere,,,,,,,,,,,,,,,,,,,,,,,,,,,,,,,,,,,,,,,,,,,,,,,,,,,,,,11,"7,5",120,2,Furtivo,Double,22,,0,0,XL Engine,Compra,NO
Crossbow CRS-6B Crossbow,60,Pesado,2473,1210,5234400,5,8,0,Inner Sphere,,,,2,,,,,,,,,,,1,,,,,2,,,,,,,,,,,,,,,,,,,,,,,,,,,,,,,,,,10,"8,0",128,2,Estandar,Single,10,,24,40,Fusion Engine,Compra,NO
Crossbow CRS-6C Crossbow,60,Pesado,2481,1204,5116400,5,8,0,Inner Sphere,,,,1,,,,,,,,,,,1,,,,,,,,,,,,,,,,,,,,,,,,1,,,,,,,,,,,,,,,10,"8,0",128,2,Estandar,Single,10,,16,25,Fusion Engine,Compra,NO
Crossbow CRS-9A Crossbow,60,Pesado,3071,1583,5794400,5,8,0,Inner Sphere,,,,,,,2,1,,,,,,,,,,,,,,,,,,,,2,,,,,,,,,,,,,,,,,,,,,,,,,,10,"12,3",197,2,Ferro Fibroso,Double,20,,30,42,Fusion Engine,Compra,NO
Crossbow  Crossbow,65,Pesado,2870,1829,8880500,5,8,5,Clan,,6,,,,,2,,,2,,,1,1,,,,,2,,1,2,,,,,,6,,,,,,2,,,,,,,,,,,,,,,,,16,,,10,"12,0",192,2,Estandar,Double,20,,112,461,Fusion Engine,Compra,NO
Crosscut ED-X1 LoggerMech Crosscut,30,Ligero,2650,251,1485005,5,8,0,Inner Sphere,,,,,,,,,,,,,,,,,,,,,,,,,,,,,,,,,,,,,,,,,,,,,,,,,,,,,,10,"2,6",42,2,Estandar,Single,10,,0,0,Fusion Engine,Compra,NO
Crosscut ED-X2 (Flamer) Crosscut,30,Ligero,2810,168,937325,3,5,0,Inner Sphere,1,,,,,,,,,,,,,,,,,,,,,,,,,,,,,,,,,,,,,,,,,,,,,,,,,,,,,1,"3,3",53,2,Estandar,Single,1,,3,2,I.C.E. Engine,Compra,NO
Crosscut ED-X2 (RL) Crosscut,30,Ligero,2810,406,1039525,3,5,0,Inner Sphere,,,,,,,,,,,,,,,,,,,,,,,,,,,,,,,,,,,,,,,,,,,,,,,,,,,,,,3,"4,0",64,2,Estandar,Single,3,,0,0,I.C.E. Engine,Compra,NO
Crosscut ED-X2 ForestryMech Crosscut,30,Ligero,2700,223,888380,3,5,0,Inner Sphere,,,,,,,,,,,,,,,,,,,,,,,,,,,,,,,,,,,,,,,,,,,,,,,,,,,,,,0,"2,6",42,2,Estandar,Single,0,,0,0,I.C.E. Engine,Compra,NO
Crosscut ED-X2M LoggerMech MOD Crosscut,30,Ligero,2801,248,956137,3,5,0,Inner Sphere,1,,,,,,,,,,,,,,,,,,,,,,,,,,,,,,,,,,,,,,,,,,,,,,,,,,,,,1,"3,3",53,2,Estandar,Single,1,,3,2,I.C.E. Engine,Compra,NO
Crosscut ED-X4 LoggerMech Crosscut,30,Ligero,2876,223,888380,3,5,0,Inner Sphere,,,,,,,,,,,,,,,,,,,,,,,,,,,,,,,,,,,,,,,,,,,,,,,,,,,,,,0,"2,6",42,2,Estandar,Single,0,,0,0,I.C.E. Engine,Compra,NO
Crosscut ED-X4B DemolitionMech Crosscut,30,Ligero,2932,224,866880,3,5,0,Inner Sphere,,,,,,,,,,,,,,,,,,,,,,,,,,,,,,,,,,,,,,,,,,,,,,,,,,,,,,0,"2,6",42,2,Estandar,Single,0,,0,0,I.C.E. Engine,Compra,NO
Crosscut ED-X4D DemolitionMech Crosscut,30,Ligero,2910,225,888380,3,5,0,Inner Sphere,,,,,,,,,,,,,,,,,,,,,,,,,,,,,,,,,,,,,,,,,,,,,,,,,,,,,,0,"2,6",42,2,Estandar,Single,0,,0,0,I.C.E. Engine,Compra,NO
Crosscut ED-X4M LoggerMech MOD Crosscut,30,Ligero,3070,430,1039525,3,5,0,Inner Sphere,,,,,,,,,,,,,,,,,,,,,,,,,,,,,,,,,,,,,,,,,,,,,,,,,,,,,,3,"4,0",64,2,Estandar,Single,3,,0,0,I.C.E. Engine,Compra,NO
Crosscut ED-X4X LoggerMech Crosscut,30,Ligero,2901,230,939550,3,5,0,Inner Sphere,,,,,,,,,,,,,,,,,,,,,,,,,,,,,,,,,,,,,,,,,,,,,,,,,,,,,,0,"2,6",42,2,Estandar,Single,0,,0,0,I.C.E. Engine,Compra,NO
Crosscut ED-X5M LoggerMech MOD Crosscut,30,Ligero,3074,317,1131900,3,5,0,Inner Sphere,,,,,,,,,,,,,,,,,,,,,,,,,,,,,,,,,,,,,1,,,,,,,,,,,,,,,,,1,"4,0",64,2,Estandar,Single,1,,1,2,Fuel-Cell Engine,Compra,NO
Crosscut ED-X5M-B DemolitionMech MOD Crosscut,30,Ligero,3079,460,1428675,3,5,0,Inner Sphere,,,,,,,,,,,,,,,,,1,,,,,,,,,,,,,,,,,,,,,,,,,,,,,,,,,,,,,10,"4,0",64,2,Estandar,Single,10,,10,10,Fusion Engine,Compra,NO
Crosscut LoggerMech ED-X4 Crosscut LoggerMech,30,Ligero,2876,197,1221630,4,6,0,Inner Sphere,,,,,,,,,,,,,,,,,,,,,,,,,,,,,,,,,,,,,,,,,,,,,,,,,,,,,,0,"2,0",32,2,Estandar,Single,0,,0,0,I.C.E. Engine,Compra,NO
Crucible 2 Crucible,100,Asalto,3150,3598,25698000,3,5,3,Mixed,,,,,,,,,,,,,,,,2,,,,,2,,,,,,,,,,,,,,,,,,,,,,,,,,,,,,2,,,14,"14,5",232,2,Estandar,Double,28,,42,80,XL Engine,Compra,NO
Crucible 3 Crucible,100,Asalto,3150,3230,25514000,3,5,3,Clan,,,,,,,,,,,2,,,,,,,,,,,,,,,,,,,,,,,,,,,,,,,,,,,,,,,,,,,12,"14,5",232,2,Estandar,Double,24,,20,18,XL Engine,Compra,NO
Crucible  Crucible,100,Asalto,3150,3108,23389000,3,5,3,Clan,,,,,,,,,,,,,,,,,,,,,,,,,,,,,,,,,,,,,,,,,,,,,,,,,,,4,,,12,"15,0",240,2,Estandar,Double,24,,4,60,XL Engine,Compra,NO
Crusader CRD-2R Crusader,65,Pesado,2649,1533,6273510,4,6,0,Inner Sphere,,2,,2,,,,,,,,,,,,,,,,,2,,,,,4,,,,,,,,,,,,,,,,,,,,,,,,,,,,10,"12,0",192,2,Estandar,Double,20,,24,60,Fusion Engine,Compra,NO
Crusader CRD-3BL Crusader,65,Pesado,3052,1599,6652010,4,6,0,Inner Sphere,,,,2,,,,,,,,,,,,,,,,,2,,,,,,2,,,,,,,,,,,,,,,,,,,,,,,,,,,10,"13,2",211,2,Ferro Fibroso,Double,20,,22,56,Fusion Engine,Compra,NO
Crusader CRD-3BM Crusader,65,Pesado,3052,1397,11546960,4,6,0,Inner Sphere,,,,2,,,,,,,,,,,,,,,,,2,,,,,4,,,,,,,,,,,,,,,,,,,,,,,,,,,,19,"12,5",200,2,Estandar,Single,19,,24,56,XL Engine,Compra,NO
Crusader CRD-3D Salazar Mk II Crusader,65,Pesado,3070,1536,6272210,4,6,0,Inner Sphere,,,,4,,,,,,,,,,,,,,,,,2,,,,,,,,,,,,,,,,,,,,,,,,,,,,,,,,,13,"12,5",200,2,Estandar,Double,26,,22,50,Fusion Engine,Compra,NO
Crusader CRD-3D Salazar Mk III Crusader,65,Pesado,3070,1522,5975210,4,6,0,Inner Sphere,,,,4,,,,,,,,,,,,,,,,,2,,2,,,,,,,,,,,,,,,,,,,,,,,,,,,,,,,13,"12,5",200,2,Estandar,Double,26,,26,58,Fusion Engine,Compra,NO
Crusader CRD-3D Salazar Crusader,65,Pesado,2756,1317,5400110,4,6,0,Inner Sphere,,,,2,,,,,,,,,,,,,,,,,2,,2,,,,,,,,,,,,,,,,,,,,,,,,,,,,,,,16,"12,0",192,2,Estandar,Single,16,,20,48,Fusion Engine,Compra,NO
Crusader CRD-3D Crusader,65,Pesado,2756,1338,5558510,4,6,0,Inner Sphere,,,,2,,,,,,,,,,,,,,,,,2,,,2,,,,,,,,,,,,,,,,,,,,,,,,,,,,,,14,"12,0",192,2,Estandar,Single,14,,22,56,Fusion Engine,Compra,NO
Crusader CRD-3K Crusader,65,Pesado,2765,1290,5383610,4,6,0,Inner Sphere,,,,2,,,,,,,,,,,,,,,,2,,,,,2,,,,,,,,,,,,,,,,,,,,,,,,,,,,,16,"12,0",192,2,Estandar,Single,16,,22,54,Fusion Engine,Compra,NO
Crusader CRD-3L Crusader,65,Pesado,2753,1297,5665110,4,6,4,Inner Sphere,,2,,2,,,,,,,,,,,,,,,,2,,,,2,,,,,,,,,,,,,,,,,,,,,,,,,,,,,,12,"12,0",192,2,Estandar,Single,12,,20,50,Fusion Engine,Compra,NO
Crusader CRD-3LE Crusader,65,Pesado,2752,1411,5888510,4,6,4,Inner Sphere,,,,2,,,,,,,,,,,,,,,,,2,,,2,,,,,,,,,,,,,,,,,,,,,,,,,,,,,,10,"12,0",192,2,Estandar,Single,10,,22,56,Fusion Engine,Compra,NO
Crusader CRD-3R (Crael) Crusader,65,Pesado,3057,1204,5284350,4,6,0,Inner Sphere,,2,,2,,,,,,,,,,,,,,,,,,,,,4,,,,,,,,,,,,,,,,,,,,,,,,,,,,,10,"12,0",192,2,Estandar,Single,10,,22,62,Fusion Engine,Compra,NO
Crusader CRD-3R KKK Crusader,65,Pesado,2752,1355,5617910,4,6,0,Inner Sphere,,,,2,,,,,,,,,,,,,,,,,2,,,,2,,,,,,,,,,,,,,,,,,,,,,,,,,,,,12,"12,0",192,2,Estandar,Single,12,,24,64,Fusion Engine,Compra,NO
Crusader CRD-3R Salazar Crusader,65,Pesado,2752,1355,5617910,4,6,0,Inner Sphere,,,,2,,,,,,,,,,,,,,,,,2,,,,2,,,,,,,,,,,,,,,,,,,,,,,,,,,,,12,"12,0",192,2,Estandar,Single,12,,24,64,Fusion Engine,Compra,NO
Crusader CRD-3R Crusader,65,Pesado,2752,1317,5628810,4,6,0,Inner Sphere,,2,,2,,,,,,,,,,,,,,,,,2,,,,2,,,,,,,,,,,,,,,,,,,,,,,,,,,,,10,"12,0",192,2,Estandar,Single,10,,24,68,Fusion Engine,Compra,NO
Crusader CRD-4BL Crusader,65,Pesado,3052,1602,12408860,4,6,4,Inner Sphere,,,,2,,,,,,,,,,,,,,,,,2,,,,,,2,,,,,,,,,,,,,,,,,,,,,,,,,,,11,"13,2",211,2,Estandar,Double,22,,22,56,XL Engine,Compra,NO
Crusader CRD-4BR Crusader,65,Pesado,3052,1407,5765310,4,6,0,Inner Sphere,,2,,2,,,,,,,,,,,,,,,,,2,,,,,2,,,,,,,,,,,,,,,,,,,,,,,,,,,,10,"12,0",192,2,Estandar,Double,20,,20,52,Fusion Engine,Compra,NO
Crusader CRD-4D Crusader,65,Pesado,3051,1309,5499710,4,6,0,Inner Sphere,,,,,,,,,,2,,,,,,,,,,,2,,,,,2,,,,,,,,,,,,,,,,,,,,,,,,,,,,13,"12,0",192,2,Estandar,Single,13,,22,50,Fusion Engine,Compra,NO
Crusader CRD-4K Crusader,65,Pesado,3051,1268,5443010,4,6,0,Inner Sphere,,,,,,,,,,2,,,,,,,,,,2,,,,,2,,,,,,,,,,,,,,,,,,,,,,,,,,,,,14,"12,0",192,2,Estandar,Single,14,,24,56,Fusion Engine,Compra,NO
Crusader CRD-5K Crusader,65,Pesado,3063,1463,12296110,4,6,4,Inner Sphere,,,,2,,,,,,2,,,,,,,,,,,,,,,,,,,,,2,,,,,,,,,,,,,,,,,,,,,,,11,"12,0",192,2,Estandar,Double,22,,34,82,XL Engine,Compra,NO
Crusader CRD-5M Crusader,65,Pesado,3050,1408,11817255,4,6,4,Inner Sphere,1,1,,2,,,,,,,,,,,,,,,,,2,,,,,2,,,,,,,,,,,,,,,,,,,,,,,,,,,,13,"12,0",192,2,Estandar,Double,26,,23,52,XL Engine,Compra,NO
Crusader CRD-5S Crusader,65,Pesado,3051,1446,5879105,4,6,0,Inner Sphere,1,,,2,,,,,,,,,,,,,,,,,2,,,,2,,,,,,,,,,,,,,,,,,,,,,,,,,,,,10,"12,0",192,2,Estandar,Double,20,,27,66,Fusion Engine,Compra,NO
Crusader CRD-6M Crusader,65,Pesado,3074,1373,11072025,3,5,5,Inner Sphere,,,,,,,,,,,,,,,2,,,,,,,,,,,,2,,,,,,,,,,,,,,,,,,,,,,,,,,,10,"11,5",184,2,Estandar,Double,20,,26,36,XL Engine,Compra,NO
Crusader CRD-7L Crusader,65,Pesado,3067,1749,6451260,3,5,3,Inner Sphere,,,,,,,2,,,,,,,,,,,,,,2,,,,,,2,,,,,,,,,,,,,,,,,,,,,,,,,,,11,"12,5",200,2,Furtivo,Double,22,,26,56,Fusion Engine,Compra,NO
Crusader CRD-7W Crusader,65,Pesado,3071,1221,13004900,4,6,0,Inner Sphere,,,,,,,2,,,,,,,,,,,,,,,,,,,,,,,,,,,,,,,,,,,,,,,,,,,,,,,10,"12,7",203,2,Ferro Fibroso,Double,20,,10,10,XL Engine,Compra,NO
Crusader CRD-8L Crusader,65,Pesado,3083,1701,14478759,5,8,0,Inner Sphere,,,,,,,2,,,,,,,,,,,,,,,,,,,,,,,,,,,,,,,,,,,,,,,,,,,,,,2,10,"11,5",184,2,Estandar,Double,20,,30,30,XL Engine,Compra,NO
Crusader CRD-8S Crusader,65,Pesado,3064,1698,12121710,4,6,4,Inner Sphere,,,,2,,,,,,,,,,,,,,,,2,,,,,,,,,,,,,,,,,,,,,,,,,,,,,,,,1,,10,"11,0",176,2,Estandar,Double,20,,15,55,XL Engine,Compra,NO
Cuirass CDR-1X Cuirass,40,Medio,3086,1301,7029280,6,9,6,Inner Sphere,,,,,,,1,,,,,,,,,,,,,,,,,,,,,,,,,,,,,,,,,,,,,,,,,,,1,,,,10,"8,0",128,2,Estandar,Single,10,,6,10,XL Engine,Compra,NO
Cuirass CDR-2BC3 Cuirass,40,Medio,3119,990,8359629,6,9,6,Inner Sphere,,,,,,1,,,,,,,,,,,,,,,,,,,,,,,,,,,,,,,,,,,,,,,,,,,,,4,,,10,"8,0",128,2,Estandar,Double,20,,6,63,XL Engine,Compra,NO
Cuirass CDR-2X Cuirass,40,Medio,3134,1227,7427279,6,9,6,Inner Sphere,,,,,,,,,,,,,,,,,,1,,,,,,,,,,,,,,,,,,,,,,,,,,,,,,,,,,,,10,"8,0",128,2,Estandar,Double,20,,15,15,XL Engine,Compra,NO
Cyclops CP-10-HQ Cyclops,90,Asalto,2753,1113,9477960,4,6,0,Inner Sphere,,,,2,,,,,,,,,,,,,,,,1,,,,1,,,,,,,,,,,,,,,,,,,,,,,,,,,,,,14,"10,0",160,2,Estandar,Single,14,,13,28,Fusion Engine,Compra,NO
Cyclops CP-10-Q Cyclops,90,Asalto,2801,1584,9016960,4,6,0,Inner Sphere,,,,3,,,,,,,,,,,,,,,,2,,,,1,,,,,,,,,,,,,,,,,,,,,,,,,,,,,,14,"17,0",272,2,Estandar,Single,14,,20,43,Fusion Engine,Compra,NO
Cyclops CP-10-Z Cyclops,90,Asalto,2710,1317,9130360,4,6,0,Inner Sphere,,,,2,,,,,,,,,,,,,,,,1,,,,1,,,,,,,,,,,,,,,,1,,,,,,,,,,,,,,12,"10,0",160,2,Estandar,Single,12,,20,48,Fusion Engine,Compra,NO
Cyclops CP-11-A-DC Cyclops,90,Asalto,3045,1507,10056560,4,6,0,Inner Sphere,,,,2,,,,,,,,,,,,,,,,1,,,,1,,,,,,,,,,,,,,,,,,,,,,,,,,,1,,,11,"10,0",160,2,Estandar,Single,11,,14,43,Fusion Engine,Compra,NO
Cyclops CP-11-A Cyclops,90,Asalto,3045,1547,9160360,4,6,0,Inner Sphere,,,,2,,,,,,,,,,,,,,,,1,,,,1,,,,,,,,,,,,,,,,,,,,,,,,,,,1,,,12,"10,0",160,2,Estandar,Single,12,,14,43,Fusion Engine,Compra,NO
Cyclops CP-11-B Cyclops,90,Asalto,3071,2145,8793760,3,5,0,Inner Sphere,,,,2,,,,,,,,,,,,,,,,1,,,,1,,,,,,,,,,,,,,,,,,,,,,,,,,,2,,,10,"15,1",241,2,Ferro Fibroso,Double,20,,15,58,Fusion Engine,Compra,NO
Cyclops CP-11-C Cyclops,90,Asalto,3050,1553,11798360,4,6,0,Inner Sphere,,,,2,,,,,,,,,,,,,,,,,,,,1,,,,,,,,,,,,,,,,,,,,,,,,,,,1,,,12,"12,0",192,2,Estandar,Single,12,,10,33,Fusion Engine,Compra,NO
Cyclops CP-11-C2 Cyclops,90,Asalto,3073,1534,15148360,4,6,0,Inner Sphere,,,,2,,,2,,,,,,,,,1,,,,,,,,,,,1,,,,,,,,,,,,,,,,,,,,,,,,,,,14,"12,0",192,2,Estandar,Double,28,,34,38,Fusion Engine,Compra,NO
Cyclops CP-11-C3 Cyclops,90,Asalto,3077,1752,15332760,4,6,0,Inner Sphere,,,,,,,2,,,,,,,,,,,,,,,,,,,,1,,,,,,,,,,,,,,,,,,,,,,,,1,,,10,"14,9",238,2,Ferro Fibroso,Double,20,,14,33,Fusion Engine,Compra,NO
Cyclops CP-11-G Cyclops,90,Asalto,3058,1981,10164360,4,6,0,Inner Sphere,,,,,,,2,,,,,,,,,,,,,1,,,,,,,1,,,,,,,,,,,,,,,,,,,,,,,,1,,,11,"16,8",268,2,Ferro Fibroso,Double,22,,18,43,Fusion Engine,Compra,NO
Cyclops CP-11-H Cyclops,90,Asalto,3064,1525,9657560,4,6,0,Inner Sphere,,,,2,,,,,,,,,,,,,,,,,,,,,,,,,,,,,,,,,,,,1,,,,,,,,,,,,,,12,"13,4",215,2,Ferro Fibroso,Double,24,,13,30,Fusion Engine,Compra,NO
Cyclops CP-12-K Cyclops,90,Asalto,3059,1699,10001760,4,6,0,Inner Sphere,,,,,,,2,,,,,,,,,,,,,,,,,,,,1,,,1,,,,,,,,,,,,,1,,,,,,,,,,,12,"13,5",216,2,Estandar,Double,24,,23,48,Fusion Engine,Compra,NO
Cygnus 2 Cygnus,95,Asalto,3075,3361,26672575,4,6,0,Clan,,,,,,,4,,,,,,,,,,,,,,,,,,,,,,,,,,,,,,,,,,,,,,,,,,,,,,,11,"17,5",280,2,Estandar,Double,22,,20,20,XL Engine,Compra,NO
Cygnus 3 Cygnus,95,Asalto,3075,2569,26932375,4,6,0,Clan,,,,,,,,,,,,,,,,,,,,,,,,,,,,,,,,,,,,,,,,,,,,,,,,,,,,,,10,"16,5",264,2,Estandar,Double,20,,0,0,XL Engine,Compra,NO
Cygnus 4 Cygnus,95,Asalto,3090,2570,27245275,4,6,0,Clan,,,,,,2,2,,,,,,4,,,,,,,,,,,,,,,,,,,,,,,,,,,,,,,,,,,2,,,,,,15,"18,3",293,2,Estandar,Double,30,,54,96,XL Engine,Compra,NO
Cygnus  Cygnus,95,Asalto,3075,2583,25438900,4,6,0,Clan,,,,,,,,,,4,,,,,,,,,,,,,,,,,,,,,,,,,,,,,,,,,2,,,,,,,,,,,15,"17,5",280,2,Estandar,Double,30,,24,44,XL Engine,Compra,NO
Daboku DCMS-MX90-D Daboku,90,Asalto,3038,1290,7956500,3,5,0,Inner Sphere,,,,,2,,,,,,,,,,,,,,,2,,,,,,,,,,,,,,,,,4,,,,,,,,,,,,,,,,,12,"9,5",152,2,Estandar,Single,12,,28,44,Fusion Engine,Compra,NO
Daedalus GTX2 'Militarized' Daedalus,60,Pesado,2801,836,3309549,4,6,0,Inner Sphere,,4,,2,,,,,,,,,,,,,,,,,,,,,,,,,,,,,,,,,,,,,,,,,,,,,,,,,,10,"9,5",152,4,Estandar,Single,10,,6,18,Fusion Engine,Compra,NO
Daedalus GTX2A 'Stevedore' Daedalus,60,Pesado,2750,649,2929050,4,6,0,Inner Sphere,,,,,,,,,,,,,,,,,,,,,,,,,,,,,,,,,,,,,,,,,,,,,,,,,,,,,,10,"9,5",152,4,Estandar,Single,10,,0,0,Fusion Engine,Compra,NO
Daedalus GTX2B 'Navvy' Daedalus,60,Pesado,2750,663,3101549,4,6,0,Inner Sphere,,,,,,,,,,,,,,,,,,,,,,,,,,,,,,,,,,,,,,,,,,,,,,,,,,,,,,10,"9,5",152,4,Estandar,Single,10,,0,0,Fusion Engine,Compra,NO
Daikyu DAI-01 (Tabitha) Daikyu,70,Pesado,3064,1804,16351306,5,8,0,Mixed,,,,1,,,,,,,,,,,,1,,,1,,,,,,,,,,,,,,,,,,,,,,,,,,,2,,,,,,,,11,"13,0",208,2,Estandar,Double,22,,22,30,XL Engine,Compra,NO
Daikyu DAI-01 Daikyu,70,Pesado,3055,1603,16134306,5,8,0,Inner Sphere,,,,1,,,,,,,,,,,,1,,,1,,,,,,,,,,,,,,,,,,,,,,,2,,,,,,,,,,,,11,"12,0",192,2,Estandar,Double,22,,22,30,XL Engine,Compra,NO
Daikyu DAI-01r Daikyu,70,Pesado,3076,1513,17150106,5,8,0,Inner Sphere,,,,1,,,,,,,,,,,,1,,,1,,,,,,,,,,,,,,,,,,,,,,,,,,,2,,,,,,,,10,"12,0",192,2,Estandar,Double,20,,22,30,XL Engine,Compra,NO
Daikyu DAI-02 Daikyu,70,Pesado,3060,1831,17146306,5,8,5,Inner Sphere,,,,,,,2,,,,,,,,,1,,,,,,,,,,,,2,,,,,,,,,,,,,,,,,,,,,,,,,,16,"12,0",192,2,Estandar,Double,32,,33,44,XL Engine,Compra,NO
Daikyu DAI-03 Daikyu,70,Pesado,3067,1692,15857740,5,8,0,Inner Sphere,,,,,,,1,,,,,,,,,1,,,,,,,,,,,,,,1,,,,,,,,,,,,,,,,,,,,,,,,14,"11,8",188,2,Ferro Fibroso,Double,28,,26,35,Light Fusion Engine,Compra,NO
Daimyo DMO-1K Daimyo,40,Medio,3053,1148,3243946,5,8,0,Inner Sphere,,,,2,,,,,,,,,,,,1,,,,,,,,,1,,,,,,,,,,,,,,,,,,,,,,,,,,,,,11,"8,4",134,2,Ferro Fibroso,Double,22,,25,32,Fusion Engine,Compra,NO
Daimyo DMO-2K Daimyo,40,Medio,3056,1057,3120746,5,8,0,Inner Sphere,,,,2,,,,1,,,,,,,,,,,,,,,,,1,,,,,,,,,,,,,,,,,,,,,,,,,,,,,13,"8,4",134,2,Ferro Fibroso,Double,26,,22,30,Fusion Engine,Compra,NO
Daimyo DMO-4K Daimyo,40,Medio,3058,1150,3167546,5,8,0,Inner Sphere,,,,3,,,,,,,,,,,,1,,,,,,,,,,,,,,,,,,,,,,,,,,,,,,,,,,,,,,15,"8,4",134,2,Ferro Fibroso,Double,30,,24,25,Fusion Engine,Compra,NO
Daimyo DMO-5K Daimyo,40,Medio,3062,1087,5177946,5,8,0,Inner Sphere,,,,2,,,,,,,,,,,,1,,,,,,,,,,,,,,,,,,,,,,,,,,,,,,,,,,,,,,11,"8,4",134,2,Ferro Fibroso,Double,22,,21,20,Fusion Engine,Compra,NO
Daishi (Dire Wolf)  Daishi (Dire Wolf),100,Asalto,3010,2712,29278000,3,5,3,Clan,1,2,,,,5,2,7,,32,13,,1,2,,9,,,,2,1,1,,1,1,1,3,4,,,,,,3,,,,,,,4,2,1,3,,1,3,1,,,5,,,15,"19,0",304,2,Estandar,Double,30,,660,933,XL Engine,Compra,NO
Dark Crow 2 Dark Crow,55,Medio,3084,1575,11864062,6,9,0,Clan,,,,,,1,,1,,,,,,,,,,,,,,,,,,,,,,,,,,,,,,,,,,,,,,2,,,,,,,,10,"8,0",128,2,Estandar,Double,20,,16,21,XL Engine,Compra,NO
Dark Crow 3 Dark Crow,55,Medio,3084,1681,42989980,6,9,6,Clan,,,,,,,,,,,,,2,,,,,,,,,,,,,,,,,,,,,,,,,,,,,,,,,,,,2,,,,,10,"7,0",112,2,Ferro Fibroso,Double,20,,16,24,XXL Engine,Compra,NO
Dark Crow 4 Dark Crow,55,Medio,3087,1538,11808125,6,9,0,Clan,,,,,,,,,,,,,1,,,,,,,,,,,,1,,,,,,,,,,,,,,,,,2,,,,,,,,,,,,10,"9,6",153,2,Ferro Fibroso,Double,20,,13,32,XL Engine,Compra,NO
Dark Crow  Dark Crow,55,Medio,3084,1594,11792625,6,9,0,Clan,,,,,,,,1,,,,,,,,,,,,,,,,,1,,,,,,,,,,,,,,,,,2,,,,,,,,,,,,10,"8,0",128,2,Estandar,Double,20,,18,30,XL Engine,Compra,NO
Dart DRT-3S Dart,25,Ligero,3051,436,2183750,9,14,0,Inner Sphere,,,,,,,,,3,,,,,,,,,,,,,,,,,,,,,,,,,,,,,,,,,,,,,,,,,,,,,10,"3,5",56,2,Estandar,Single,10,,6,9,Fusion Engine,Compra,NO
Dart DRT-4S Salazar Dart,25,Ligero,3053,844,2605000,9,14,0,Inner Sphere,,,,,,,3,,,,,,,,,,,,,,,,,,,,,,,,,,,,,,,,,,,,,,,,,,,,,,,10,"5,0",80,2,Ferro Fibroso,Double,20,,15,15,Fusion Engine,Compra,NO
Dart DRT-4S Dart,25,Ligero,3053,656,2273750,9,14,0,Inner Sphere,,,,3,,,,,,,,,,,,,,,,,,,,,,,,,,,,,,,,,,,,,,,,,,,,,,,,,,10,"3,5",56,2,Estandar,Single,10,,9,15,Fusion Engine,Compra,NO
Dart DRT-5S Dart,25,Ligero,3053,844,2605000,9,14,0,Inner Sphere,,,,,,,3,,,,,,,,,,,,,,,,,,,,,,,,,,,,,,,,,,,,,,,,,,,,,,,10,"5,0",80,2,Ferro Fibroso,Double,20,,15,15,Fusion Engine,Compra,NO
Dart DRT-6S Dart,25,Ligero,3053,641,2292500,9,14,0,Inner Sphere,,,,2,,,,,,,,,,,,,,,,,,,,,,,,,,,,,,,,,,,,,,,,,,,,,,,,,,10,"5,0",80,2,Ferro Fibroso,Single,10,,6,10,Fusion Engine,Compra,NO
Dart DRT-6T Dart,25,Ligero,3077,703,3344062,9,14,0,Inner Sphere,,,,,,1,,,,,,,,,1,,,,,,,,,,,,,,,,,,,,,,,,,,,,,,,,,,,,,,,10,"5,0",80,2,Ferro Fibroso,Single,10,,12,13,Light Fusion Engine,Compra,NO
Dasher (Fire Moth)  Dasher (Fire Moth),20,Ligero,2874,1251,4181800,10,15,0,Clan,1,4,,1,,10,10,2,1,2,,10,10,,,,,,3,,1,,,1,2,,2,,,,,,,1,,,,,,,,,,,,,,,,,3,,1,10,"2,4",38,2,Ferro Fibroso,Double,20,,252,421,XL Engine,Compra,NO
Dasher II 2 Dasher II,40,Medio,3084,2239,34305226,10,15,0,Clan,,,,,,,6,,,,,,,,,,,,,,,,,,,,,,,,,,,,,,,,,,,,,,,,,,,,,,,10,"6,6",105,2,Ferro Fibroso,Double,20,,30,30,XXL Engine,Compra,NO
Dasher II 3 Dasher II,40,Medio,3136,1496,7915786,8,12,0,Mixed,,,,,,,,,,,,,,,,1,,,,,,,,,,,,,,,,,,,,,,,,,,,,,,,,,,,,,,10,"8,6",137,2,Ferro Fibroso,Double,20,,15,10,XL Engine,Compra,NO
Dasher II 4 Dasher II,40,Medio,3136,1749,26740996,7,11,8,Mixed,,,,,,1,1,1,,,,,,,,,,,2,,,,,,,,,,,,,,,,,,,,,,,,,,,,,,,,,,,10,"4,0",64,2,Estandar,Double,20,,23,26,XXL Engine,Compra,NO
Dasher II  Dasher II,40,Medio,3077,522,8633893,10,15,0,Clan,,,,,,,,,,,,,,,,,,,,,,,,,,,,,,,,,,,,,,,,,,,,,,,,,,,,,,10,"3,6",57,2,Ferro Fibroso,Double,20,,0,0,XL Engine,Compra,NO
Dasher K Model K Dasher K,20,Ligero,3070,1091,2967440,10,15,0,Clan,2,,,,,8,,,,,,,,,,,,,,,,,,,,,,,,,,,,,,,,,,,,,,,,,,,,,,,,11,"3,0",48,2,Ferro Fibroso,Double,22,,22,28,XL Engine,Compra,NO
Deep Lord RCL-Z1M MilitiaMech Deep Lord,65,Pesado,3085,713,2617965,3,5,0,Inner Sphere,,,,,,,,,,,,,,,,,,,,,,,,,1,,,,,,,,,,,,,,,,,,,,,,,,,,,,,7,"8,0",128,2,Estandar,Single,7,,4,12,Fuel-Cell Engine,Compra,NO
Defiance DFN-3C Defiance,75,Pesado,3057,1817,19474875,4,6,0,Inner Sphere,,1,2,,,,,,,2,,,,,,2,,,,,,,,,2,,,,,,,,,,,,,,,,,,,,,,1,,,,,,,12,"12,0",192,2,Estandar,Double,24,,50,74,XL Engine,Compra,NO
Defiance DFN-3S Defiance,75,Pesado,3074,1940,15231125,4,6,0,Inner Sphere,,1,,,,2,2,,,,,,,,,2,,,,,,,,,1,,,,,,,,,,,,,,,,,,,,,,1,,,,,,,12,"13,5",216,2,Estandar,Double,24,,50,60,Light Fusion Engine,Compra,NO
Defiance DFN-3T Defiance,75,Pesado,3074,1981,14881125,4,6,0,Inner Sphere,,1,,,,2,2,,,,,,,,2,,,,,,,,,,1,,,,,,,,,,,,,,,,,,,,,,1,,,,,,,12,"13,5",216,2,Estandar,Double,24,,40,60,Light Fusion Engine,Compra,NO
Deimos 2 Deimos,85,Asalto,3084,2394,23379708,4,6,0,Clan,,,,,,,2,,,,,,,,,,,,,,2,,,,,,,,,,,,,,,,,,,,6,,,,,,,,,,,,,10,"15,6",249,2,Ferro Fibroso,Double,20,,26,52,XL Engine,Compra,NO
Deimos  Deimos,85,Asalto,3065,2188,23350656,3,5,4,Clan,,,,,,,2,5,4,2,4,,,,,5,,,,4,2,2,,,,,4,,,,,,,,,,,,,,6,,4,,,,2,,2,,,,,14,"14,5",232,2,Estandar,Double,28,,279,378,XL Engine,Compra,NO
DemolitionMech WI-DM DemolitionMech,35,Ligero,2513,380,1468396,3,5,0,Inner Sphere,,,1,,,,,,,,,,,,,,,,,,,,,,,,,,,,,,,,,,,,,,,,,,,,,,,,,,,1,"5,3",85,2,Estandar,Single,1,,1,3,Fuel-Cell Engine,Compra,NO
DemolitionMech WI-DM2 DemolitionMech,35,Ligero,2514,345,1439849,3,5,0,Inner Sphere,,,,,,,,,,,,,,,,,,,,,,,,,,,,,,,,,,,,,,,,,,,,,,,,,,,,,,1,"4,7",75,2,Estandar,Single,1,,0,0,Fuel-Cell Engine,Compra,NO
Dervish DV-6D Dervish,55,Medio,3062,1321,5074766,5,8,5,Inner Sphere,,,,2,,,,,,,,,,,,,,,,,2,,,,,,,,,,,,,,,,,,,,,,,,,,,,,,,,,10,"7,5",120,2,Estandar,Single,10,,16,40,Fusion Engine,Compra,NO
Dervish DV-6M ELH Dervish,55,Medio,3025,1323,4997266,5,8,5,Inner Sphere,,,,4,,,,,,,,,,,,,,,,2,,,,,,,,,,,,,,,,,,,,,,,,,,,,,,,,,,10,"9,5",152,2,Estandar,Single,10,,20,40,Fusion Engine,Compra,NO
Dervish DV-6M KKK Dervish,55,Medio,3025,1323,4997266,5,8,5,Inner Sphere,,,,4,,,,,,,,,,,,,,,,2,,,,,,,,,,,,,,,,,,,,,,,,,,,,,,,,,,10,"9,5",152,2,Estandar,Single,10,,20,40,Fusion Engine,Compra,NO
"Dervish DV-6M Salazar MK 1,5 Dervish",55,Medio,3070,1444,5090266,5,8,5,Inner Sphere,,,,4,,,,,,,,,,,,,,,,2,,,,,,,,,,,,,,,,,,,,,,,,,,,,,,,,,,10,"9,5",152,2,Estandar,Double,20,,20,40,Fusion Engine,Compra,NO
Dervish DV-6M Salazar Mk II Dervish,55,Medio,3070,1605,5787316,5,8,5,Inner Sphere,,,,4,,,,,,,,,,,,,,,,2,,,,,,,,,,,,,,,,,,,,,,,,,,,,,,,,,,10,"10,6",170,2,Ferro Fibroso,Double,20,,20,40,Fusion Engine,Compra,NO
Dervish DV-6M Salazar MkII Dervish,55,Medio,3070,1547,5765616,5,8,5,Inner Sphere,,,,4,,,,,,,,,,,,,,,,2,,,,,,,,,,,,,,,,,,,,,,,,,,,,,,,,,,11,"9,5",152,2,Ferro Fibroso,Double,22,,20,40,Fusion Engine,Compra,NO
Dervish DV-6M Salazar Dervish,55,Medio,3025,1259,4972466,5,8,5,Inner Sphere,,,,4,,,,,,,,,,,,,,,,2,,,,,,,,,,,,,,,,,,,,,,,,,,,,,,,,,,12,"7,5",120,2,Estandar,Single,12,,20,40,Fusion Engine,Compra,NO
Dervish DV-6M-BL Dervish,55,Medio,2610,1321,5074766,5,8,5,Inner Sphere,,,,2,,,,,,,,,,,,,,,,,2,,,,,,,,,,,,,,,,,,,,,,,,,,,,,,,,,10,"7,5",120,2,Estandar,Single,10,,16,40,Fusion Engine,Compra,NO
Dervish DV-6M Dervish,55,Medio,2610,1146,4927266,5,8,5,Inner Sphere,,,,2,,,,,,,,,,,,,,,,2,,,2,,,,,,,,,,,,,,,,,,,,,,,,,,,,,,,10,"7,5",120,2,Estandar,Single,10,,18,38,Fusion Engine,Compra,NO
Dervish DV-6Mr Dervish,55,Medio,3073,1347,5121266,5,8,5,Inner Sphere,,,,2,,,,,,2,,,,,,,,,,2,,,,,,,,,,,,,,,,,,,,,,,,,,,,,,,,,,10,"7,5",120,2,Estandar,Double,20,,22,42,Fusion Engine,Compra,NO
Dervish DV-7BL-D Dervish,55,Medio,3047,1568,10591866,5,8,5,Inner Sphere,,,,,,,,,,2,,,,,,,,,,,2,,,,,,,,,,,,,,,,,,,,,,,,,,,,,,,,,11,"11,0",176,2,Estandar,Double,22,,18,42,XL Engine,Compra,NO
Dervish DV-7D Dervish,55,Medio,3047,1412,5478816,5,8,5,Inner Sphere,,,,2,,,,,,,,,,,,,,,,2,,,,,,2,,,,,,,,,,,,,,,,,,,,,,,,,,,,10,"8,9",143,2,Ferro Fibroso,Double,20,,18,38,Fusion Engine,Compra,NO
Dervish DV-8D Dervish,55,Medio,3062,1765,11022316,5,8,5,Inner Sphere,,,,,,,4,,,,,,,,,,,,,,2,,,,,,,,,,,,,,,,,,,,,,,,,,,,,,,,,10,"10,5",168,2,Estandar,Double,20,,30,50,XL Engine,Compra,NO
Dervish DV-9D Dervish,55,Medio,3068,1518,10579116,5,8,5,Inner Sphere,,,,,,,4,,,,,,,,,,,,,,,,,,,,,,,,,,,,,,,,,,,,,,,,,,,,,,,11,"11,5",184,2,Estandar,Double,22,,20,20,XL Engine,Compra,NO
Deva C-DVA-O Deva,70,Pesado,3069,1584,20016462,4,6,4,Inner Sphere,,,,,,5,15,,,6,,,,,8,2,,1,,,,,,,,,,,,,,,,,,,,,,,,,,1,,,,,,1,1,,,11,"13,5",216,2,Estandar,Double,22,,244,281,Light Fusion Engine,Compra,NO
DEVA  DEVA,70,Pesado,3070,1698,12949570,4,6,4,Inner Sphere,,,,,,,3,,,,,,,,,,,,,,,,,,,,,,,,,,,,,,,,,,,,,1,,,,,,,,,,13,"13,5",216,2,Estandar,Double,26,,23,35,Light Fusion Engine,Compra,NO
Devastator DVS-1D Devastator,100,Asalto,3036,1858,9304000,3,5,0,Inner Sphere,,,,4,2,,,,,,,,,,,,,,,,,,,,,,,,,,,,,,,,,,2,,,,,,,,,,,,,,,15,"18,0",288,2,Estandar,Single,15,,34,56,Fusion Engine,Compra,NO
Devastator DVS-2-EC Devastator,100,Asalto,2825,2844,22790000,3,5,0,Mixed,,,,,,,2,,,,,,,,,2,,,,,,,,,,,,,,,,,,,,,,,,,,,,,,,,,,,2,,,20,"18,5",296,2,Estandar,Double,40,,42,60,XL Engine,Compra,NO
Devastator DVS-2 Devastator,100,Asalto,3048,2481,22318000,3,5,0,Inner Sphere,,,,4,,,,,,,,,,,2,,,,,,,,,,,,,,,,,,,,,,,,,,,,,,,,,,,,2,,,14,"18,5",296,2,Estandar,Double,28,,34,70,XL Engine,Compra,NO
Devastator DVS-3 Devastator,100,Asalto,3058,2452,22150500,3,5,0,Inner Sphere,,,1,1,,,,,,,,,,,2,,,,,,,,,,,,,,,,,,,,,,,,,,,,,,,,,,,,2,,,14,"19,0",304,2,Estandar,Double,28,,26,58,XL Engine,Compra,NO
Devil  Devil,30,Ligero,3150,1691,5502640,10,15,0,Clan,,,,,,,,,,,,,,,,1,,,,,,,,,,,,,,,,,,,,,,,,,,,,,,,,,,,,,,10,"6,0",96,2,Ferro Fibroso,Double,20,,15,10,XL Engine,Compra,NO
Dig King RCL-1 MiningMech Dig King,35,Ligero,2573,409,1605331,4,6,0,Inner Sphere,,,,,,,,,,,,,,,,,,,,,,,,,,,,,,,,,,,,,,,,,,,,,,,,,,,,,,1,"6,0",96,2,Estandar,Single,1,,0,0,Fuel-Cell Engine,Compra,NO
Dig King RCL-1M MiningMech MOD Dig King,35,Ligero,2573,460,1659837,3,5,0,Inner Sphere,,2,,,,,,,,,,,,,,,,,,,,,,2,,,,,,,,,,,,,,,,,,,,,,,,,,,,,,2,"6,0",96,2,Estandar,Single,2,,6,20,Fuel-Cell Engine,Compra,NO
Dig Lord RCL-4 MiningMech Dig Lord,65,Pesado,3057,599,2460781,3,5,0,Inner Sphere,,,,,,,,,,,,,,,,,,,,,,,,,,,,,,,,,,,,,,,,,,,,,,,,,,,,,,3,"8,0",128,2,Estandar,Single,3,,0,0,Fuel-Cell Engine,Compra,NO
Diomede D-M3D-3 ConstructionMech Diomede,100,Asalto,3084,1228,4608182,2,3,0,Inner Sphere,,,,,,,,,,,,,,,,,,,,,,,,,,,,,,,,,,,,,,,,,,,,,,,,,,,,,,10,"19,0",304,2,Estandar,Single,10,,0,0,Fusion Engine,Compra,NO
Diomede D-M3D-4 ConstructionMech Diomede,100,Asalto,3084,1235,4699495,2,3,0,Inner Sphere,,,,,,,,,,,,,,,,,,,,,,,,,,,,,,,,,,,,,,,,,,,,,,,,,,,,,,10,"19,0",304,2,Estandar,Single,10,,0,0,Fusion Engine,Compra,NO
Diomede D-M3D-M Diomede,100,Asalto,3092,1609,4872082,2,3,0,Inner Sphere,,2,,2,,,,,,,,,,,,,,,,,,,,,,,,,,,,,,,,,,,,,,,,,,,,,,,1,,,12,"19,0",304,2,Estandar,Single,12,,7,29,Fusion Engine,Compra,NO
Dire Wolf (Daishi)  Dire Wolf (Daishi),100,Asalto,3010,2712,29278000,3,5,3,Clan,1,2,,,,5,2,7,,32,13,,1,2,,9,,,,2,1,1,,1,1,1,3,4,,,,,,3,,,,,,,4,2,1,3,,1,3,1,,,5,,,15,"19,0",304,2,Estandar,Double,30,,660,933,XL Engine,Compra,NO
Dola DOL-1A1 Dola,30,Ligero,3082,950,6130540,8,12,8,Inner Sphere,,,,,,,2,,,,,,,,,,,,,,,,,,,,,,,,,,,,,,,,,,,,,,,,,,,,,,,10,"6,1",98,2,Ferro Fibroso,Double,20,,10,10,XL Engine,Compra,NO
Doloire DLR-O Doloire,80,Asalto,3121,2561,24370750,4,6,0,Mixed,,,,,,,3,,1,,2,,,,,2,,,,,,1,,,2,,4,3,,,,,,,,,,,,,,,,,,,,,,1,1,,2,12,"14,5",232,2,Estandar,Double,24,,127,208,XL Engine,Compra,NO
Dominator 2 Dominator,65,Pesado,3149,2906,15506042,5,8,5,Clan,,,,,,1,1,2,,,,,,,,,,,,,,1,,,,,,,,,,,,,,,,,,,,,,,,,,,,,,,,17,"12,6",201,2,Ferro Fibroso,Double,34,,37,44,XL Engine,Compra,NO
Dominator  Dominator,65,Pesado,3148,3018,20054942,5,8,5,Clan,,,,,,1,,1,,,,,,,,1,,,,,,,,,,,,1,,,,,,,,,,,,,,,,,,,,,,,,,,18,"12,6",201,2,Ferro Fibroso,Double,36,,33,33,XL Engine,Compra,NO
Dragon DRG-1C Dragon,60,Pesado,2752,1215,4955400,5,8,0,Inner Sphere,,,,2,,,,,,,,,,,,,,,,1,,,,,,,,,,,,,,,,,1,,,,,,,,,,,,,,,,,10,"12,6",201,2,Estandar,Single,10,,11,22,Fusion Engine,Compra,NO
Dragon DRG-1N Dragon,60,Pesado,2754,1125,4995400,5,8,0,Inner Sphere,,,,2,,,,,,,,,,,,,,,,1,,,,,,,,,,,,,,,,,,1,,,,,,,,,,,,,,,,10,"10,0",160,2,Estandar,Single,10,,11,25,Fusion Engine,Compra,NO
Dragon DRG-5N Dragon,60,Pesado,3047,1223,5219080,5,8,0,Inner Sphere,,,,1,,,,,,,,,,,,,,,,1,,,,,,,,,,,,,,,,,,,,,,1,,,,,,,,,,,,10,"10,0",160,2,Estandar,Single,10,,8,20,Fusion Engine,Compra,NO
Dragon DRG-5Nr Dragon,60,Pesado,3076,1252,5667080,5,8,0,Inner Sphere,,,,3,,,,,,,,,,,,,,,,1,,,,,,,,,,,,,,,,,,,,,,,,,,,,,,,,,,10,"10,0",160,2,Estandar,Single,10,,13,25,Fusion Engine,Compra,NO
Dragon DRG-7N Dragon,60,Pesado,3063,1495,11267100,5,8,0,Inner Sphere,,,,1,,,,,,,,,,,,,,,,,,,,,,,,,1,,,,,,,,,1,,,,,,,,,,,,,1,,,10,"10,0",160,2,Estandar,Single,10,,9,35,XL Engine,Compra,NO
Dragon Fire DGR-3F Dragon Fire,75,Pesado,3058,1855,15843875,4,6,0,Inner Sphere,,,,,1,,,,,2,,,,,,,,,,,,,,,,,,,,,,,,,,,,,,,,,,,,,1,,,,1,,,10,"14,4",231,2,Estandar,Double,20,,19,45,XL Engine,Compra,NO
Dragon Fire DGR-4F Dragon Fire,75,Pesado,3060,1900,16018875,4,6,0,Inner Sphere,,,,,,,,1,,2,,,,,,,,,,,,,,,,,,,,,,,,,,,,,,,,,,,,,1,,,,1,,,10,"14,4",231,2,Estandar,Double,20,,23,45,XL Engine,Compra,NO
Dragon Fire DGR-6FC Dragon Fire,75,Pesado,3065,1858,17061875,4,6,0,Inner Sphere,,,,,,,2,1,,,,,,,,,,,,,,,,,,,,,,,,,,,,,,,,,,,,,,,1,,,,1,,,11,"14,4",231,2,Estandar,Double,22,,25,43,XL Engine,Compra,NO
Dragon II DRG-11K Dragon II,65,Pesado,3099,1598,8109055,4,6,0,Inner Sphere,,,,,,,,,,,,,,,,1,,,,,,,,,,,,,,,,,,,,,,,,,,,,,,,,,,,,,,10,"13,2",211,2,Ferro Fibroso,Double,20,,15,10,Fusion Engine,Compra,NO
Dragon II DRG-11R Dragon II,65,Pesado,3102,2302,18065429,5,8,0,Mixed,,,,,,,,,,1,,,,,,1,,,,,,,,,,,,,,,,,,,,,,,,,,,,,,,,,,,,,,10,"13,2",211,2,Ferro Fibroso,Double,20,,19,16,XL Engine,Compra,NO
Dragonfly (Viper)  Dragonfly (Viper),40,Medio,2940,1450,11029533,8,12,8,Clan,4,8,,,,3,25,,4,4,,,9,,,1,,,4,,,,,1,1,,1,1,,,,,5,1,,,,,,,,,,,,,,,,,7,,1,10,"8,4",134,2,Ferro Fibroso,Double,20,,295,501,XL Engine,Compra,NO
Dragoon AEM-01 Dragoon,70,Pesado,2769,1669,14442433,4,6,3,Inner Sphere,,,,,,,,,,,,,,,,1,,,,,,,,,,,,,,,,,,,,,,,,,,,,,,,2,,,,,,,11,"12,9",206,2,Ferro Fibroso,Double,22,,19,30,XL Engine,Compra,NO
Drift Shag  Drift Shag,30,Ligero,2827,1512,4783740,7,11,6,Clan,,,,,,4,,1,,1,,,,,,,,,,,,,,,,,,,,,,,,,,,,,,,,,,,,,,,,,,,,11,"6,0",96,2,Estandar,Double,22,,24,26,XL Engine,Compra,NO
Duan Gung (Vaughn) Duan Gung,25,Ligero,3068,851,3399583,7,11,6,Inner Sphere,,,,,,,2,,,,,,,,,,,,2,,,,,,,,,,,,,,,,,,,,,,,,,,,,,,,,,,,10,"5,0",80,2,Estandar,Double,20,,14,20,XL Engine,Compra,NO
Duan Gung D9-G10 Duan Gung,25,Ligero,3070,886,3796145,7,11,6,Inner Sphere,,,,2,,1,,,,,,,,,1,,,,,,,,,,,,,,,,,,,,,,,,,,,,,,,,,,,,,,,10,"4,0",64,2,Furtivo,Double,20,,18,23,XL Engine,Compra,NO
Duan Gung D9-G9 (Vaughn) Duan Gung,25,Ligero,3068,851,3399583,7,11,6,Inner Sphere,,,,,,,2,,,,,,,,,,,,2,,,,,,,,,,,,,,,,,,,,,,,,,,,,,,,,,,,10,"5,0",80,2,Estandar,Double,20,,14,20,XL Engine,Compra,NO
Duan Gung D9-G9 Duan Gung,25,Ligero,3058,737,3337083,7,11,6,Inner Sphere,,,,2,,,,,,,,,,,,,,,,1,,,,,,,,,,,,,,,,,,,,,,,,,,,,,,,,,,10,"4,0",64,2,Estandar,Double,20,,10,20,XL Engine,Compra,NO
Eagle EGL-1M Eagle,25,Ligero,3056,757,2216479,5,8,5,Inner Sphere,,,,,,1,,1,,,,,,,,,,,,,,,,,,,,,,,,,,,,,,,,,,,,,,,,,,,,,,10,"5,0",80,2,Estandar,Double,20,,14,11,Fusion Engine,Compra,NO
Eagle EGL-2M Eagle,25,Ligero,3057,800,2237916,5,8,5,Inner Sphere,,,,,,,1,1,,,,,,,,,,,,,,,,,,,,,,,,,,,,,,,,,,,,,,,,,,,,,,10,"5,0",80,2,Estandar,Double,20,,17,13,Fusion Engine,Compra,NO
Eagle EGL-3M Eagle,25,Ligero,3076,645,3019166,5,8,5,Inner Sphere,,,,,,,,,,,,,,,1,,,,,,,,,,,,,,,,,,,,,,,,,,,,,,,,,,,,,,,10,"5,6",89,2,Estandar,Double,20,,10,10,XL Engine,Compra,NO
Ebon Jaguar (Cauldron-Born)  Ebon Jaguar (Cauldron-Born),65,Pesado,3047,1952,18123281,5,8,5,Clan,1,2,,,,3,7,3,1,7,5,,2,1,,3,,,,4,2,,1,,2,,,,,,,,,,,1,,,,,2,,2,3,,1,,,,1,1,,,13,"11,4",182,2,Ferro Fibroso,Double,26,,318,461,XL Engine,Compra,NO
Ebony MEB-10 Ebony,25,Ligero,3081,1020,5354583,10,15,0,Inner Sphere,,,,,,,,1,,,,,,,,,,,,,,,,,,,,,,,,,,,,,,,,,,,,,,,,,,,,,,10,"5,5",88,2,Furtivo,Double,20,,12,8,XL Engine,Compra,NO
Ebony MEB-11 Ebony,25,Ligero,3081,1135,5389583,10,15,0,Inner Sphere,,,,,,,,,,,,,,,,,,,,,,,,,,,,,,,,,,,,,,,,,,,,,,,,,,,,,1,10,"5,0",80,2,Furtivo,Double,20,,10,10,XL Engine,Compra,NO
Ebony MEB-12 Ebony,25,Ligero,3118,1837,6085833,10,15,0,Inner Sphere,,,,,,,,,,,,,,,,,,,,,,,,,,,,,,,,,,,,,,,,,,,,,,,,,,,,,,10,"5,0",80,2,Furtivo,Double,20,,0,0,XL Engine,Compra,NO
Ebony MEB-13 Ebony,25,Ligero,3137,750,4815000,9,14,0,Inner Sphere,,,,,,,,,,,,,,,,,,,,,,,,,,,,,,,,,,,,,,,,,,,,,,,,,,,,,,10,"3,8",60,2,Estandar,Double,20,,0,0,XL Engine,Compra,NO
Ebony MEB-9 Ebony,25,Ligero,3081,1012,5460833,10,15,0,Inner Sphere,,,,,,,,,,,,,,,,,1,,,,,,,,,,,,,,,,,,,,,,,,,,,,,,,,,,,,,10,"5,0",80,2,Furtivo,Double,20,,10,10,XL Engine,Compra,NO
Eidolon C-EID-001 Eidolon,55,Medio,3077,1505,8460261,5,8,7,Inner Sphere,,,,,,,,,,,,,,,,,2,,,,,,,,,,,,,,,,,,,,,,,,,,,,,,,,,,,,,10,"11,2",179,2,Ferro Fibroso,Double,20,,20,20,Fusion Engine,Compra,NO
Eisenfaust EFT-4J Eisenfaust,45,Medio,2515,977,2894382,3,5,0,Inner Sphere,,,1,2,1,,,,,,,,,,,,,,,,,,,,,,,,,,,,,,,,,,1,,,,,,,,,,,,,,,10,"9,5",152,2,Estandar,Single,10,,18,31,Fusion Engine,Compra,NO
Eisenfaust EFT-7X Eisenfaust,45,Medio,3076,1203,5864370,4,6,0,Inner Sphere,,,,,,1,,1,,2,,,,,,,,,,,,,,,,,,,,,,,,,,,,,,,,,,,,,,,,,,,1,15,"9,5",152,2,Estandar,Double,30,,32,33,XL Engine,Compra,NO
Eisenfaust EFT-8X Eisenfaust,45,Medio,3080,1039,5760632,4,6,0,Inner Sphere,,,,,,1,,,,2,,,,,,,,,,,,,,,,,,,,,,,,,,,,,,,,,,,,,,,,,,,,15,"9,5",152,2,Estandar,Double,30,,10,15,XL Engine,Compra,NO
Emperor Crab EC-BL Emperor Crab,100,Asalto,3070,2948,22410000,3,5,0,Clan,,,,,,,,,,6,1,,,,,,,,,,,,,,,,,,,,,,,,,,,,,,,,,,,,,,2,,,,,21,"19,0",304,2,Estandar,Double,42,,36,49,XL Engine,Compra,NO
Emperor EMP-5A Emperor,90,Asalto,2502,1830,7941500,3,5,3,Inner Sphere,,,,3,2,,,,,,,,,,,,,,,,,,,,,,,,,,,,,,,,,2,,,,,,,,,,,,,,,,16,"17,4",279,2,Estandar,Single,16,,27,41,Fusion Engine,Compra,NO
Emperor EMP-6A (Nerran) Emperor,90,Asalto,3064,2247,18572300,3,5,3,Mixed,,,,,1,,,,,,,,,,,1,,,,,,,,,,,,,,,,,,,,,,,,,,,,,,,1,,,,1,,,14,"17,4",279,2,Estandar,Double,28,,26,43,XL Engine,Compra,NO
Emperor EMP-6A-EC Emperor,90,Asalto,2825,2210,18924300,3,5,3,Mixed,,,,,,,,2,,2,,,,,,,,,,,,,,,,,1,,,,,,,,,,,,,,,,,,,1,1,,,,,,,14,"17,4",279,2,Estandar,Double,28,,38,51,XL Engine,Compra,NO
Emperor EMP-6A Emperor,90,Asalto,2612,1969,18655500,3,5,3,Inner Sphere,,,,1,2,,,,,2,,,,,,,,,,,,,,,,,,,,,,,,,,,,,,,,,,,,,2,,,,,,,12,"17,4",279,2,Estandar,Double,24,,31,53,XL Engine,Compra,NO
Emperor EMP-6D Emperor,90,Asalto,3069,2382,18743300,3,5,3,Inner Sphere,,,,,,,3,2,,,,,,,,,,,,,,,,,,,,,,,,,,,,,,,,,,,,,,,,,,2,,,,14,"17,4",279,2,Estandar,Double,28,,41,41,XL Engine,Compra,NO
Emperor EMP-6L Emperor,90,Asalto,3069,2681,12818500,3,5,3,Inner Sphere,,,,,,,,,,4,,,,,,1,,,,,,,,,,,,,,,,,,,,,,,,,,,,,,,,,,,1,,,12,"17,4",279,2,Furtivo,Double,24,,32,49,Fusion Engine,Compra,NO
Emperor EMP-6M Emperor,90,Asalto,3069,2090,19450400,3,5,3,Inner Sphere,,,,,,,1,2,,3,,,,,,,,,,,,,,,,,,,,,,,,,,,,,,,,,,,,,,,,,2,,,10,"17,0",272,2,Estandar,Double,20,,43,69,Light Fusion Engine,Compra,NO
Emperor EMP-6S Emperor,90,Asalto,3069,2065,19230400,3,5,3,Inner Sphere,,,,1,,,,,,3,,,,,,,,,,,,,,,,,,,,,,,,,,,,,,,,,,,,,,2,,,,,,12,"17,4",279,2,Estandar,Double,24,,27,63,XL Engine,Compra,NO
Emperor EMP-7L Emperor,90,Asalto,3069,2179,12241600,3,5,0,Inner Sphere,,,,,,,,1,,2,,,,,,,,,,,,,,,,,,,,,,,,,,,,,2,,,,,,,,,,,,,,,12,"17,4",279,2,Furtivo,Double,24,,26,40,Fusion Engine,Compra,NO
Emperor EMP-8L Emperor,90,Asalto,3127,2385,13315600,3,5,0,Inner Sphere,,,,,,,,,,,,,,,,,,,,,,,,,,,,,,,,,,,,,,,,,,,,,,,2,,,,,,1,12,"17,4",279,2,Furtivo,Double,24,,14,30,Fusion Engine,Compra,NO
Enfield END-6J-EC Enfield,50,Medio,2825,1470,8723000,5,8,5,Mixed,,,,1,1,,,,,,,,,,,,,,,,,,,,,,,,,,,,,,,,,,,,,,1,,,,,,,,,,,11,"10,6",169,2,Estandar,Double,22,,15,23,XL Engine,Compra,NO
Enfield END-6J Enfield,50,Medio,3060,1417,8836000,5,8,5,Inner Sphere,,,,2,1,,,,,,,,,,,,,,,,,,,,,,,,,,,,,,,,,,,,,,,,,,1,,,,,,,11,"10,6",169,2,Estandar,Double,22,,16,28,XL Engine,Compra,NO
Enfield END-6Q Enfield,50,Medio,3055,1248,8590375,5,8,0,Inner Sphere,,,1,2,,,,,,,1,,,,,,,,,,,,,,,,,,,,,,,,,,,,,,,,,,,,1,,,,,,,11,"10,6",169,2,Estandar,Double,22,,19,32,XL Engine,Compra,NO
Enfield END-6S Enfield,50,Medio,3070,1413,7638875,5,8,0,Inner Sphere,,,1,2,1,,,,,,,,,,,,,,,,,,,,,,,,,,,,,,,,,,,,,,,,,,1,,,,,,,10,"10,6",169,2,Ferro Fibroso,Double,20,,17,31,Light Fusion Engine,Compra,NO
Enfield END-6Sr Enfield,50,Medio,3072,1361,7470375,5,8,0,Inner Sphere,,,1,2,1,,,,,,,,,,,,,,,,,,,,,,,,,,,,,,,,,,,,,,,,,,,,,,,,,10,"10,6",169,2,Ferro Fibroso,Double,20,,15,21,Light Fusion Engine,Compra,NO
Enforcer ENF-4R KKK Enforcer,50,Medio,2777,1043,3524500,4,6,4,Inner Sphere,,,,,1,,,,,,,,,,,,,,,,,,,,,,,,,,,,,,,,,,1,,,,,,,,,,,,,,,12,"9,5",152,2,Estandar,Single,12,,11,18,Fusion Engine,Compra,NO
Enforcer ENF-4R Mk II Salazar Enforcer,50,Medio,3070,1257,4159500,4,6,4,Inner Sphere,,,,1,,,,1,,,,,,,,,,,,,,,,,,,,,,,,,,,,,,,,,,,,,,,1,,,,,,,10,"10,5",168,2,Estandar,Double,20,,17,23,Fusion Engine,Compra,NO
Enforcer ENF-4R Mk III Salazar Enforcer,50,Medio,3070,1320,4423500,4,6,4,Inner Sphere,,,,,,,,,,,,,,,,1,,,,,,,,,,,,,,,,,,,,,,,,,,,,,,,1,,,,,,,11,"10,5",168,2,Estandar,Double,22,,17,20,Fusion Engine,Compra,NO
Enforcer ENF-4R Enforcer,50,Medio,2777,1032,3533875,4,6,4,Inner Sphere,,,1,,1,,,,,,,,,,,,,,,,,,,,,,,,,,,,,,,,,,1,,,,,,,,,,,,,,,12,"9,0",144,2,Estandar,Single,12,,12,21,Fusion Engine,Compra,NO
Enforcer ENF-5D (Daniel) Enforcer,50,Medio,3054,1738,8706875,5,8,5,Inner Sphere,,,,,,1,2,,,,,,,,,,,,,,,,,,,,,,,,,,,,,,,,,,,,,,,,,,,,1,,,10,"10,1",161,2,Ferro Fibroso,Double,20,,13,28,XL Engine,Compra,NO
Enforcer ENF-5D Enforcer,50,Medio,3050,1308,8804875,5,8,5,Inner Sphere,,,1,,,,,1,,,,,,,,,,,,,,,,,,,,,,,,,,,,,,,,,,,,,,,1,,,,,,,12,"10,1",161,2,Ferro Fibroso,Single,12,,15,21,XL Engine,Compra,NO
Enforcer III ENF-6G Enforcer III,50,Medio,3062,1858,8797875,5,8,5,Inner Sphere,,,,,,1,3,,,1,,,,,,,,,,,,,,,,,,,,,,,,,,,,,,,,,,,,,,,,,1,,,10,"10,0",160,2,Estandar,Double,20,,22,39,XL Engine,Compra,NO
Enforcer III ENF-6H Enforcer III,50,Medio,3064,1603,9072250,5,8,5,Inner Sphere,,,,,,,3,,,,,,,,,,,,,,,,,,,,,,,,,,,,,,,,,,,,,1,,,,,,,,,,10,"10,0",160,2,Estandar,Double,20,,23,35,XL Engine,Compra,NO
Enforcer III ENF-6M Enforcer III,50,Medio,3059,1460,8673875,5,8,5,Inner Sphere,,,,,,1,,1,,,,,,,,,,,,,,,,,,,,,,,,,,,,,,,,,,,1,,,,,,,,,,,12,"10,0",160,2,Estandar,Double,24,,18,21,XL Engine,Compra,NO
Enforcer III ENF-6Ma Enforcer III,50,Medio,3076,1275,8487875,5,8,5,Inner Sphere,,,,,,1,,1,,,,,,,,,,,,,,,,,,,,,,,,,,,,,,,1,,,,,,,,,,,,,,,12,"10,0",160,2,Estandar,Double,24,,17,21,XL Engine,Compra,NO
Enforcer III ENF-6NAIS Blackmore Ed Enforcer III,50,Medio,3074,1659,5459000,5,8,5,Inner Sphere,,,,,,,,,,,,,,,4,,,,,,,,,,,,,,,,,,,,,,,,,,,,,,,,,,,,,,,11,"10,1",161,2,Ferro Fibroso,Double,22,,40,40,Fusion Engine,Compra,NO
Enforcer III ENF-6NAIS Enforcer III,50,Medio,3074,1475,9807125,5,8,5,Inner Sphere,,,,,,1,,,,,,,,,,,1,,,,,,,,,,,,,,,,,,,,,,,,,,,,,,,,,,,,,11,"10,1",161,2,Ferro Fibroso,Double,22,,12,13,XL Engine,Compra,NO
Enforcer III ENF-6T Enforcer III,50,Medio,3062,1720,8518500,5,8,5,Inner Sphere,,,,,,,1,,,,,,,,,,,,,,,,,,,,,,,,,,,,,,,,,,,,,,,,,,,,1,,,10,"10,5",168,2,Estandar,Double,20,,6,20,XL Engine,Compra,NO
Enforcer III ENF-7C3BS Enforcer III,50,Medio,3075,1687,9261500,5,8,5,Inner Sphere,,,,,,,1,,,1,,,,,,,,1,,,,,,,,,,,,,,,,,,,,,,,,,,,,,,,,,,,,12,"10,5",168,2,Estandar,Double,24,,24,26,XL Engine,Compra,NO
Epimetheus  Epimetheus,80,Asalto,3053,2517,27610800,5,8,0,Mixed,,,,,,,,2,,2,,,,,,,,,,,,,,,,,,,,,,,,,,,,,,,,,1,,,,,,,,,,,10,"13,8",220,2,Ferro Fibroso,Double,20,,36,38,XL Engine,Compra,NO
Excalibur EXC-B1 Excalibur,70,Pesado,2520,1549,15818886,5,8,0,Inner Sphere,,,,,,,,,1,,,,,,,,,,,,,1,,,,,,,,,,,,,,,,,,,,,,,,,,,,,1,,,11,"7,5",120,2,Estandar,Single,11,,9,38,XL Engine,Compra,NO
Excalibur EXC-B2 Excalibur,70,Pesado,2520,1533,15961686,5,8,0,Inner Sphere,,,,,,,,,,,,,,,,,,,,,,1,,,,,,,,,,,,,,,,,,,,,,,,,,,,,1,,,11,"7,5",120,2,Estandar,Single,11,,7,35,XL Engine,Compra,NO
Excalibur EXC-B2b Snord Excalibur,70,Pesado,2735,1767,16279586,5,8,0,Inner Sphere,,,,,,,,,,,,,,,,,,,,,,1,,,,,,,,,,,,,,,,,,,,,,,,,,,,,1,,,10,"12,0",192,2,Estandar,Double,20,,7,35,XL Engine,Compra,NO
Excalibur EXC-B2b-EC Excalibur,70,Pesado,2822,2001,16449111,5,8,0,Mixed,,,,,,1,1,,,,,,,,,,,,,,,1,,,,,,,,,,,,,,,,,,,,,,,,,,,,,1,,,12,"13,6",217,2,Estandar,Double,24,,14,43,XL Engine,Compra,NO
Excalibur EXC-B2b Excalibur,70,Pesado,2735,1715,16163986,5,8,0,Inner Sphere,,,,,,,,,,,,,,,,,,,,,,1,,,,,,,,,,,,,,,,,,,,,,,,,,,,,1,,,11,"11,0",176,2,Estandar,Single,11,,7,35,XL Engine,Compra,NO
Excalibur EXC-BL-1 Excalibur,70,Pesado,3067,1940,16536086,5,8,5,Inner Sphere,,,,,,,,,,3,,,,,,,,,,,,,,,,,,,,,,,,,,,,,,,,,,,,,,,,1,,,,10,"11,5",184,2,Estandar,Double,20,,13,23,XL Engine,Compra,NO
Excalibur EXC-BL-2 Excalibur,70,Pesado,3067,1658,16200886,5,8,5,Inner Sphere,,,,,,,,,,2,2,,,,,,,,,,,,,,,,,,,,,,,,,,,,,,,,,,,,,,,,,,,14,"12,5",200,2,Estandar,Double,28,,28,30,XL Engine,Compra,NO
Excalibur EXC-C1 (Cernunnos) Excalibur,70,Pesado,3062,1778,16718986,5,8,0,Inner Sphere,,,,2,,,,,,,,,,,,1,,,,,,,,,,,,,,,,,,,,,,,,,,,,,,,,1,,,,,,11,"12,0",192,2,Estandar,Double,22,,27,40,XL Engine,Compra,NO
Excalibur EXC-C1 Excalibur,70,Pesado,3058,1637,15981786,5,8,0,Inner Sphere,,,,1,,,,,,,,,,,,,,,,,,1,,,,,,,,,,,,,,,,,,,,,,,,,,,,,1,,,10,"9,0",144,2,Estandar,Double,20,,10,40,XL Engine,Compra,NO
Excalibur EXC-CS Excalibur,70,Pesado,3067,2174,18368611,5,8,0,Inner Sphere,,,,,,1,4,,,,,,,,,1,,,,,,1,,,,,,,,,,,,,,,,,,,,,,,,,,,,,,,,12,"13,5",216,2,Estandar,Double,24,,43,53,XL Engine,Compra,NO
Excalibur EXC-D1 Excalibur,70,Pesado,3067,1949,17798786,5,8,5,Inner Sphere,,,,,,,2,,,,,,,,,,,,,,,,,,,,,1,,,,,,,,,,,,,,,,,,,,,,1,,,,11,"11,5",184,2,Estandar,Double,22,,15,27,XL Engine,Compra,NO
Excalibur EXC-SNRD Salazar Excalibur,70,Pesado,2735,1767,16279586,5,8,0,Inner Sphere,,,,,,,,,,,,,,,,,,,,,,1,,,,,,,,,,,,,,,,,,,,,,,,,,,,,1,,,10,"12,0",192,2,Estandar,Double,20,,7,35,XL Engine,Compra,NO
Executioner (Gladiator)  Executioner (Gladiator),95,Asalto,3001,2749,35654134,4,6,4,Clan,1,6,,,,5,16,8,5,3,10,1,5,3,,4,,,,1,3,1,,,5,,,2,,,,,,,2,,,,,,,,,3,,,1,,,,1,,1,16,"16,2",259,2,Ferro Fibroso,Double,32,,562,720,XL Engine,Compra,NO
Exhumer EXR-2X Exhumer,55,Medio,3129,1468,11859640,6,9,0,Inner Sphere,,,,,,,,2,,,,,,,,,,,2,,,,,,,,,,1,,,,,,,,,,,,,,,,,,,,,,,,,12,"11,6",185,2,Ferro Fibroso,Double,24,,32,36,XL Engine,Compra,NO
Exhumer EXR-3P Exhumer,55,Medio,3131,1469,12826727,6,9,0,Inner Sphere,,,,,,1,,,,,2,,,,,,,,,,,,3,,,,,,,,,,,,,,,,,,,,,,,,,,,,,,,10,"11,6",185,2,Ferro Fibroso,Double,20,,28,33,XL Engine,Compra,NO
Exterminator EXT-4A Exterminator,65,Pesado,3007,1372,6517122,5,8,5,Inner Sphere,,1,1,4,,,,,,,,,,,,,,,,1,,,,,,,,,,,,,,,,,,,,,,,,,,,,,,,,,,10,"11,0",176,2,Estandar,Single,10,,17,35,Fusion Engine,Compra,NO
Exterminator EXT-4C Exterminator,65,Pesado,2630,1420,19131822,6,9,6,Inner Sphere,,,1,4,,,,,,,,,,,,,,,,1,,,,,,,,,,,,,,,,,,,,,,,,,,,,,,,,,,10,"10,5",168,2,Estandar,Double,20,,17,33,XL Engine,Compra,NO
Exterminator EXT-4D Exterminator,65,Pesado,2630,1385,15831822,6,9,6,Inner Sphere,,,1,4,,,,,,,,,,,,,,,,1,,,,,,,,,,,,,,,,,,,,,,,,,,,,,,,,,,10,"10,5",168,2,Estandar,Double,20,,17,33,XL Engine,Compra,NO
Exterminator EXT-4Db-EC Exterminator,65,Pesado,2819,1611,16243672,6,9,6,Mixed,,,1,,,,4,1,,,,,,,,,,,,,,,,,,,,,,,,,,,,,,,,,,,,,,,,,,,,,,11,"13,0",208,2,Estandar,Double,22,,33,31,XL Engine,Compra,NO
Exterminator EXT-4Db Exterminator,65,Pesado,2750,1694,16111672,6,9,6,Inner Sphere,,,1,6,,,,1,,,,,,,,,,,,,,,,,,,,,,,,,,,,,,,,,,,,,,,,,,,,,,11,"13,0",208,2,Estandar,Double,22,,31,41,XL Engine,Compra,NO
Exterminator EXT-5E Exterminator,65,Pesado,3062,1532,18723510,6,9,0,Inner Sphere,,,,,,,4,,,,,,,,,,,,,,,,,,,,,,,,,,,,,,,,,,,,,,,,,,,,,,,10,"13,0",208,2,Estandar,Double,20,,20,20,XL Engine,Compra,NO
Exterminator EXT-5F Exterminator,65,Pesado,3074,1485,18496822,6,9,0,Inner Sphere,,,,,,1,,,,,,,,,2,,,,,,,,,,,,,,,,,,,,,,,,,,,,,,,,,,,,,,,10,"13,0",208,2,Estandar,Double,20,,22,23,XL Engine,Compra,NO
Eyleuka EYL-35A Eyleuka,55,Medio,3069,1484,12569031,5,8,7,Inner Sphere,,,,,,,2,,,,,,,,,,,,,2,,,,,,,,,,,,,,,,,,,,,,,,,,,,,,,,,,10,"11,0",176,2,Furtivo,Double,20,,18,30,XL Engine,Compra,NO
Eyleuka EYL-45A Eyleuka,55,Medio,3069,1387,14008531,5,8,7,Inner Sphere,,,,,,,2,1,,,,,,,,,,,,,,,,,,,,,,,,,,,,,,,,,,,,,,,,,,,,,,10,"9,5",152,2,Furtivo,Double,20,,22,18,XL Engine,Compra,NO
Eyleuka EYL-45B Eyleuka,55,Medio,3075,1615,14220681,5,8,7,Inner Sphere,,,,,,,2,1,,,,,,,,,1,,,,,,,,,,,,,,,,,,,,,,,,,,,,,,,,,,,,,13,"9,5",152,2,Furtivo,Double,26,,32,28,XL Engine,Compra,NO
Eyleuka EYL-4A Eyleuka,55,Medio,3068,1571,13643015,6,9,6,Inner Sphere,,2,,,,,1,1,,,,,,,,,,,,,,,,,,,,,,,,,,,,,,,,,,,,,,,,,,,,,,11,"11,5",184,2,Estandar,Double,22,,17,17,XL Engine,Compra,NO
Eyrie  Eyrie,35,Ligero,3087,1401,5837550,6,9,5,Clan,,,,,,,2,,,,,,,,,,,,,,,,,,,,,,,,,,2,,,,,,,,,,,,,,,,,,,,,10,"7,2",115,2,Ferro Fibroso,Single,10,,14,22,XL Engine,Compra,NO
Fafnir FNR-5-BL Fafnir,100,Asalto,3063,2636,11310000,3,5,0,Inner Sphere,,,,,,,2,,,1,,,,,,,,,,,,,,,,,,,,,,,,,,,,,,,,,,,,,,,,,,2,,10,"19,2",307,2,Estandar,Double,20,,16,66,Fusion Engine,Compra,NO
Fafnir FNR-5 Fafnir,100,Asalto,3063,2636,11310000,3,5,0,Inner Sphere,,,,,,,2,,,1,,,,,,,,,,,,,,,,,,,,,,,,,,,,,,,,,,,,,,,,,,2,,10,"19,2",307,2,Estandar,Double,20,,16,66,Fusion Engine,Compra,NO
Fafnir FNR-5B Fafnir,100,Asalto,3065,2625,11038000,3,5,0,Inner Sphere,,,,,,,3,1,,1,,,,,,,,,,,,,,,,,,,,,,,,,,,,,,,,,,,,,,,,,2,,,14,"19,2",307,2,Estandar,Double,28,,33,59,Fusion Engine,Compra,NO
Fafnir FNR-5WB Fafnir,100,Asalto,3073,2449,11964000,3,5,0,Inner Sphere,,,,,,,2,,,,,,,,,,,,,,,,,,,,,,,,,,,,,,,,,,,,,,,,,,,,,,4,22,"19,2",307,2,Estandar,Double,44,,50,50,Fusion Engine,Compra,NO
Fafnir FNR-5X Fafnir,100,Asalto,3078,2610,11950000,3,5,0,Inner Sphere,,,,,,,2,,,,,,,,,,,,,,,,,,,,,,,,,,,,,,,,,,,,,,,,,,,,,2,,10,"19,2",307,2,Estandar,Double,20,,12,60,Fusion Engine,Compra,NO
Fafnir FNR-6-BL Fafnir,100,Asalto,3063,2175,10674000,3,5,0,Inner Sphere,,,,,,,3,,,,,,,,,,,,,,,,,,,,,,,,,,,,,,,,,,,,,,,,,,4,,,,,15,"19,2",307,2,Estandar,Double,30,,19,23,Fusion Engine,Compra,NO
Fafnir FNR-6U Fafnir,100,Asalto,3081,2234,19499000,3,5,0,Inner Sphere,,,,,,,,,,,,,,,4,,,,,,,,,,,,,,,,,,,,,,,,,,,,,2,,,,,,,,,,12,"19,2",307,2,Ferro Fibroso,Double,24,,56,80,Light Fusion Engine,Compra,NO
Falcon FLC-4N Falcon,30,Ligero,2582,610,2249090,6,9,6,Inner Sphere,,2,2,1,,,,,,,,,,,,,,,,,,,,,,,,,,,,,,,,,,,,,,,,,,,,,,,,,,12,"6,0",96,2,Estandar,Single,12,,5,15,Fusion Engine,Compra,NO
Falcon FLC-4Nb (Saho) Falcon,30,Ligero,2820,774,2546440,6,9,6,Inner Sphere,,,,1,,,,,,,1,,,,,,,,,,,,,,,,,,,,,,,,,,,,,,,,,,,,,,,,,,,10,"5,5",88,2,Estandar,Double,20,,13,14,Fusion Engine,Compra,NO
Falcon FLC-4Nb-PP Falcon,30,Ligero,2802,881,2578940,6,9,6,Inner Sphere,,,,1,,,,,,,,,,,1,,,,,,,,,,,,,,,,,,,,,,,,,,,,,,,,,,,,,,,10,"5,5",88,2,Estandar,Double,20,,13,15,Fusion Engine,Compra,NO
Falcon FLC-4Nb-PP2 Falcon,30,Ligero,2802,947,2656940,6,9,6,Inner Sphere,,,,1,,,,1,,1,,,,,,,,,,,,,,,,,,,,,,,,,,,,,,,,,,,,,,,,,,,,10,"5,5",88,2,Estandar,Double,20,,19,19,Fusion Engine,Compra,NO
Falcon FLC-4Nb Falcon,30,Ligero,2770,947,2760940,6,9,6,Inner Sphere,,,,2,,,,,,,,,,,,,1,,,,,,,,,,,,,,,,,,,,,,,,,,,,,,,,,,,,,10,"5,5",88,2,Estandar,Double,20,,16,20,Fusion Engine,Compra,NO
Falcon FLC-4P Falcon,30,Ligero,3050,649,2307290,6,9,5,Inner Sphere,,,2,,,,,,,1,,,,,,,,,,,,,,,,,,,,,,,,,,,,,,,,,,,,,,,,,,,,12,"6,0",96,2,Estandar,Single,12,,6,12,Fusion Engine,Compra,NO
Falcon FLC-5P Falcon,30,Ligero,3065,945,3758040,6,9,5,Inner Sphere,,,,,,,2,,,1,,,,,,,,,,,,,,,,,,,,,,,,,,,,,,,,,,,,,,,,,,,,12,"5,0",80,2,Estandar,Single,12,,14,16,Light Fusion Engine,Compra,NO
Falcon FLC-6C Falcon,30,Ligero,3065,1290,2692090,6,9,5,Clan,,,,,,2,,1,,,,,,,,,,,,,,,,,,,,,,,,,,,,,,,,,,,,,,,,,,,,,,10,"6,0",96,2,Ferro Fibroso,Double,20,,16,14,Fusion Engine,Compra,NO
Falcon Hawk FNHK-9K Falcon Hawk,35,Ligero,3057,1030,4544550,5,8,0,Inner Sphere,,,,1,,,,,1,2,,,,,,1,,,,,,,,,,,,,,,,,,,,,,,,,,,,,,,,,,,,,,13,"7,4",119,2,Ferro Fibroso,Double,26,,28,30,XL Engine,Compra,NO
Falcon Hawk FNHK-9K1A Falcon Hawk,35,Ligero,3057,1040,4436550,5,8,0,Inner Sphere,,,,2,1,,,1,1,,,,,,,,,,,,,,,,,,,,,,,,,,,,,,,,,,,,,,,,,,,,,13,"7,4",119,2,Ferro Fibroso,Double,26,,28,29,XL Engine,Compra,NO
Falcon Hawk FNHK-9K1B Falcon Hawk,35,Ligero,3063,1116,5157450,5,8,0,Inner Sphere,,,,1,,,3,1,,,,,,,,,,,,,,,,,,,,,,,,,,,,,,,,,,,,,,,,,,,,,,13,"7,4",119,2,Ferro Fibroso,Double,26,,30,28,XL Engine,Compra,NO
Falconer FLC-8R Falconer,75,Pesado,3053,2231,18861250,5,8,5,Inner Sphere,,,,4,,,,,,,,,,,,1,,,,,,,,,,,,,,,,,,,,,,,,,,,,,,,,,,,1,,,10,"11,5",184,2,Estandar,Double,20,,28,45,XL Engine,Compra,NO
Falconer FLC-9R Falconer,75,Pesado,3075,1979,18951250,5,8,5,Inner Sphere,,,,4,,,,,,,,,,,,,,1,,,,,,,,,,,,,,,,,,,,,,,,,,,,,1,,,,,,,11,"11,5",184,2,Estandar,Double,22,,29,45,XL Engine,Compra,NO
Fennec FEC-1CM Fennec,55,Medio,3080,1395,13822125,6,9,0,Inner Sphere,,,,,,,,,,2,,,,,2,,,,,,,,,,,,,,,,,,,,,,,,,,,,,,,,,,,,,,,10,"10,6",170,2,Ferro Fibroso,Double,20,,28,32,XL Engine,Compra,NO
Fennec FEC-3C Fennec,55,Medio,3087,1551,12182225,6,9,0,Inner Sphere,,,,,,,,,,,,,,,4,,,,,,,,,,,,,,,,,,,,,,,,,,,,,,,,,,,,,,,12,"10,6",170,2,Ferro Fibroso,Double,24,,40,40,XL Engine,Compra,NO
Fennec FEC-5CM Fennec,55,Medio,3133,1498,40266158,5,8,0,Mixed,,,,,,,2,,,,,,,,,,,,,,,,,,,,,,,,,,,,,,,,,,,,,,,,,,,,,,,11,"10,6",170,2,Ferro Fibroso,Double,22,,10,10,XXL Engine,Compra,NO
Fenris (Ice Ferret)  Fenris (Ice Ferret),45,Medio,2948,1678,12499712,8,12,7,Clan,,2,,,,15,8,4,3,4,1,,2,1,,1,,,3,,,,1,3,4,1,,,,,,,,,1,,,,,,,,,,1,,,,,,7,,1,12,"9,0",144,2,Ferro Fibroso,Double,24,,253,429,XL Engine,Compra,NO
Fire Falcon  Fire Falcon,25,Ligero,3056,1451,4676395,8,12,0,Clan,,6,,,,6,3,3,1,4,,2,2,,,,,,,1,,,,2,2,,2,,,,,,,,,1,,,,,1,,,,,,,,,,,,,10,"4,8",76,2,Ferro Fibroso,Double,20,,134,220,XL Engine,Compra,NO
Fire Moth (Dasher)  Fire Moth (Dasher),20,Ligero,2874,1251,4181800,10,15,0,Clan,1,4,,1,,10,10,2,1,2,,10,10,,,,,,3,,1,,,1,2,,2,,,,,,,1,,,,,,,,,,,,,,,,,3,,1,10,"2,4",38,2,Ferro Fibroso,Double,20,,252,421,XL Engine,Compra,NO
Fire Scorpion 2 Fire Scorpion,65,Pesado,3060,1749,6539150,4,6,0,Clan,,4,,,,,,,,,,,,,,,,,,2,,,,,,,,,,,,,,,,,,,,,,,,1,,,,,,,,,,10,"14,0",224,4,Estandar,Single,10,,16,48,Fusion Engine,Compra,NO
Fire Scorpion 3 Fire Scorpion,65,Pesado,3071,1904,6569950,4,6,4,Clan,,,,,,,,,,,,,,,,,,,,,,,,,,,,,,,,,,,,,,,,,,,,1,,,,,,,4,,,10,"14,0",224,4,Estandar,Single,10,,12,80,Fusion Engine,Compra,NO
Fire Scorpion  Fire Scorpion,65,Pesado,2834,1546,6181150,4,6,0,Clan,,,,,,,,,,,,,,,,,,,,,,,,,,,,,,,,,,,,,,,,,,,1,,,,1,,,,,,,10,"14,0",224,4,Estandar,Single,10,,6,20,Fusion Engine,Compra,NO
Fireball ALM-10D Fireball,20,Ligero,3076,957,3534819,11,17,0,Inner Sphere,,,,,,1,2,,,,,,,,,,,,,,,,,,,,,,,,,,,,,,,,,,,,,,,,,,,,,,,10,"4,3",69,2,Ferro Fibroso,Single,10,,12,13,XL Engine,Compra,NO
Fireball ALM-7D Fireball,20,Ligero,3053,385,3077239,11,17,0,Inner Sphere,,1,,,,,,,,,,,,,,,,,,,,,,,,1,,,,,,,,,,,,,,,,,,,,,,,,,,,,10,"4,0",64,2,Estandar,Single,10,,2,6,XL Engine,Compra,NO
Fireball ALM-8D Fireball,20,Ligero,3054,574,3107239,11,17,0,Inner Sphere,,1,,2,,,,,,,,,,,,,,,,,,,,,,,,,,,,,,,,,,,,,,,,,,,,,,,,,,10,"4,3",69,2,Estandar,Single,10,,6,12,XL Engine,Compra,NO
Fireball ALM-9D Fireball,20,Ligero,3054,527,3124239,11,17,0,Inner Sphere,,,,1,,,,,,,,,,,,,,,,,,,,,,1,,,,,,,,,,,,,,,,,,,,,,,,,,,,10,"4,3",69,2,Estandar,Single,10,,5,9,XL Engine,Compra,NO
Firebee FRB-2E Firebee,35,Ligero,2524,808,2517930,5,8,5,Inner Sphere,,,,,1,,,,,,,,,,,,,,,,,,4,,,,,,,,,,,,,,,,,,,,,,,,,,,,,,,10,"6,0",96,2,Estandar,Single,10,,16,24,Fusion Engine,Compra,NO
Firebee FRB-3E Firebee,35,Ligero,3071,1067,3516710,5,8,0,Inner Sphere,,,,,,,,,,,,,,,,,,,,,,,,,,,,,,,,,,,,,,,,,,,,,,,,,,,,,1,10,"6,5",104,2,Furtivo,Double,20,,10,10,Fusion Engine,Compra,NO
Firefly C Firefly,30,Ligero,2839,1290,2433300,5,8,4,Clan,,,,,,4,,,,3,,,,,,,,,,,,,1,,,,,,,,,,,,,,,,,,,,,,,,,,,,,,,10,"6,5",104,2,Estandar,Double,20,,22,34,Fusion Engine,Compra,NO
Firefly FFL-3A Firefly,30,Ligero,2679,797,3674000,5,8,4,Inner Sphere,,,4,3,,,,,,,,,,,,,,,1,,,,,,,,,,,,,,,,,,,,,,,,,,,,,,,,,,,10,"6,6",105,2,Ferro Fibroso,Double,20,,15,32,XL Engine,Compra,NO
Firefly FFL-3PP Firefly,30,Ligero,2802,888,3605000,5,8,4,Inner Sphere,,,4,3,,,,,,,,,,,,,,,,1,,,,,,,,,,,,,,,,,,,,,,,,,,,,,,,,,,10,"6,6",105,2,Ferro Fibroso,Double,20,,17,37,XL Engine,Compra,NO
Firefly FFL-3PP2 Firefly,30,Ligero,2802,873,3732500,5,8,4,Inner Sphere,,,4,3,,,,,,,,,,,,,,,1,,,,,,,,,,,,,,,,,,,,,,,,,,,,,,,,,,,10,"6,5",104,2,Estandar,Double,20,,15,32,XL Engine,Compra,NO
Firefly FFL-3PP3 Firefly,30,Ligero,2802,808,3727500,5,8,4,Inner Sphere,,,4,3,,,,,,,,,,,,,,,1,,,,,,,,,,,,,,,,,,,,,,,,,,,,,,,,,,,10,"6,5",104,2,Estandar,Double,20,,15,32,XL Engine,Compra,NO
Firefly FFL-3SLE Firefly,30,Ligero,2790,876,3869000,5,8,4,Inner Sphere,,,4,3,,,,,,,,,,,,,,,1,,,,,,,,,,,,,,,,,,,,,,,,,,,,,,,,,,,10,"6,6",105,2,Ferro Fibroso,Double,20,,15,32,XL Engine,Compra,NO
Firefly FFL-4A Firefly,30,Ligero,2801,831,2194500,5,8,4,Inner Sphere,,,4,3,,,,,,,,,,,,,,,1,,,,,,,,,,,,,,,,,,,,,,,,,,,,,,,,,,,10,"6,5",104,2,Estandar,Single,10,,15,32,Fusion Engine,Compra,NO
Firefly FFL-4B Firefly,30,Ligero,3047,870,2333000,5,8,4,Inner Sphere,,,,3,,,,,,,,,,,,,,,1,,,,,,,,,,,,,,,,,,,,,,,,,,,,,,,,,,,10,"6,5",104,2,Estandar,Single,10,,11,20,Fusion Engine,Compra,NO
Firefly FFL-4C Firefly,30,Ligero,3048,806,3865800,5,8,4,Inner Sphere,,,,,,,,,,3,,,,,,,,,1,,,,,,,,,,,,,,,,,,,,,,,,,,,,,,,,,,,10,"6,5",104,2,Estandar,Double,20,,14,23,XL Engine,Compra,NO
Firefly FFL-4D Firefly,30,Ligero,3067,897,3552500,5,8,4,Inner Sphere,,,,,,,3,,,,,,,,,,,,1,,,,,,,,,,,,,,,,,,,,,,,,,,,,,,,,,,,12,"6,6",105,2,Ferro Fibroso,Single,12,,17,20,Light Fusion Engine,Compra,NO
Firefly FFL-4DA Firefly,30,Ligero,3067,921,3680500,5,8,4,Inner Sphere,,,,,,,3,,,,,,,,,,,,1,,,,,,,,,,,,,,,,,,,,,,,,,,,,,,,,,,,12,"6,6",105,2,Ferro Fibroso,Single,12,,17,20,Light Fusion Engine,Compra,NO
Firestarter FS9-A Firestarter,35,Ligero,2550,773,3075975,6,9,6,Inner Sphere,4,,2,2,,,,,,,,,,,,,,,,,,,,,,,,,,,,,,,,,,,,,,,,,,,,,,,,,,10,"6,5",104,2,Estandar,Single,10,,20,24,Fusion Engine,Compra,NO
Firestarter FS9-B Firestarter,35,Ligero,3070,668,6623100,6,9,8,Inner Sphere,3,,,,,,1,,,,,,,,,,,,,,,,,,,,,,,,,,,,,,,,,,,,,,,,,,,,,,,10,"5,8",93,2,Ferro Fibroso,Single,10,,14,11,Light Fusion Engine,Compra,NO
Firestarter FS9-C Firestarter,35,Ligero,3063,940,3329100,6,9,6,Inner Sphere,2,,,2,,,,,,,,,,,,,,,,,,,,,,,,,,,,,,,,,,,,,,,,,,,,,,,,,,10,"6,1",98,2,Ferro Fibroso,Double,20,,12,14,Fusion Engine,Compra,NO
Firestarter FS9-H-BL Firestarter,35,Ligero,2703,693,3037500,6,9,6,Inner Sphere,4,,,2,,,,,,,,,,,,,,,,,,,,,,,,,,,,,,,,,,,,,,,,,,,,,,,,,,12,"5,5",88,2,Estandar,Single,12,,18,18,Fusion Engine,Compra,NO
Firestarter FS9-H Firestarter,35,Ligero,2703,694,3046600,6,9,6,Inner Sphere,4,2,,2,,,,,,,,,,,,,,,,,,,,,,,,,,,,,,,,,,,,,,,,,,,,,,,,,,10,"5,5",88,2,Estandar,Single,10,,18,22,Fusion Engine,Compra,NO
Firestarter FS9-K Firestarter,35,Ligero,2550,763,3069225,6,9,6,Inner Sphere,2,,2,,1,,,,,,,,,,,,,,,,,,,,,,,,,,,,,,,,,,,,,,,,,,,,,,,,,10,"5,5",88,2,Estandar,Single,10,,16,18,Fusion Engine,Compra,NO
Firestarter FS9-M 'Mirage' Firestarter,35,Ligero,2893,798,3066175,6,9,6,Inner Sphere,,2,2,2,,,,,,,,,,,,,,,,,,,,,,,,,,,,,,,,,,,,,,,,,,,,,,,,,,11,"7,4",119,2,Estandar,Single,11,,8,20,Fusion Engine,Compra,NO
Firestarter FS9-M2 Firestarter,35,Ligero,3131,751,3218400,6,9,6,Inner Sphere,6,,,,,,1,,,,,,,,,,,,,,,,,,,,,,,,,,,,,,,,,,,,,,,,,,,,,,,11,"7,0",112,2,Estandar,Double,22,,23,17,Fusion Engine,Compra,NO
Firestarter FS9-M3 Firestarter,35,Ligero,3132,827,3821175,6,9,6,Inner Sphere,3,,,,,,1,,,,,,,,,,,,,,,,,,,,,,,,,,,,,,,,,,,,,,,,,,,,,,,10,"7,4",119,2,Estandar,Double,20,,14,11,Fusion Engine,Compra,NO
Firestarter FS9-M4 Firestarter,35,Ligero,3109,798,5302425,6,9,6,Inner Sphere,3,,,,,,,,,,,,,,,,,,,,,,,,,,,,,,,,,,,,,,,,,,,,,,,,1,,,,,10,"7,4",119,2,Estandar,Double,20,,10,8,XL Engine,Compra,NO
Firestarter FS9-O Firestarter,45,Medio,3056,1144,10146375,6,9,6,Inner Sphere,4,2,3,4,2,1,3,4,3,10,1,,,,,1,,,1,3,,,,,,1,,,,1,,,,,,,,,,,,,,,,1,1,,,,,,,12,"8,5",136,2,Estandar,Double,24,,204,269,XL Engine,Compra,NO
Firestarter FS9-P Firestarter,35,Ligero,3064,775,3247425,6,9,6,Inner Sphere,4,,2,2,,,,,,,,,,,,,,,,,,,2,,,,,,,,,,,,,,,,,,,,,,,,,,,,,,,10,"5,0",80,2,Estandar,Double,20,,24,32,Fusion Engine,Compra,NO
Firestarter FS9-S Firestarter,35,Ligero,3049,754,3510987,6,9,6,Inner Sphere,4,,1,2,,,,,,,,,,,,,,,,,,,,,,,,,,,,,,,,,,,,,,,,,,,,,,,,,,10,"5,5",88,2,Estandar,Single,10,,19,21,Fusion Engine,Compra,NO
Firestarter FS9-S1 Firestarter,35,Ligero,3049,820,3510987,6,9,6,Inner Sphere,4,,1,2,,,,,,,,,,,,,,,,,,,,,,,,,,,,,,,,,,,,,,,,,,,,,,,,,,10,"5,5",88,2,Estandar,Single,10,,19,21,Fusion Engine,Compra,NO
Firestarter FS9-S2 Firestarter,35,Ligero,3075,842,3737112,6,9,6,Inner Sphere,4,,1,,,,2,,,,,,,,,,,,,,,,,,,,,,,,,,,,,,,,,,,,,,,,,,,,,,,10,"5,8",93,2,Ferro Fibroso,Double,20,,23,21,Fusion Engine,Compra,NO
Firestarter FS9-S3 Firestarter,35,Ligero,3075,908,3737112,6,9,6,Inner Sphere,4,,1,,,,2,,,,,,,,,,,,,,,,,,,,,,,,,,,,,,,,,,,,,,,,,,,,,,,10,"5,8",93,2,Ferro Fibroso,Double,20,,23,21,Fusion Engine,Compra,NO
Firestarter FSO-Salazar Firestarter,45,Medio,3070,1181,8056920,6,9,6,Inner Sphere,2,,,,,,2,,,,,,,,,,,,,,,,,,,,,,,1,,,,,,,,,,,,,,,,,,,,,,,,10,"9,6",153,2,Estandar,Double,20,,22,34,XL Engine,Compra,NO
Flamberge 2 Flamberge,70,Pesado,3087,2468,15679323,4,6,6,Clan,,,,,,,,,,4,1,,,,,,,,,,,,,,2,,,,,,,,,,,,,,,,,,,,,,,,,,,,,14,"13,5",216,2,Estandar,Double,28,,34,57,XL Engine,Compra,NO
Flamberge 3 Flamberge,70,Pesado,3087,2346,16013223,4,6,6,Clan,,,,,,,,,,2,,,,,,,,,,,,,,2,,,,,,,,,,,,,,,,,,,,1,,,,,,,,,,11,"13,5",216,2,Estandar,Double,22,,22,48,XL Engine,Compra,NO
Flamberge  Flamberge,70,Pesado,3085,2266,19721841,4,6,6,Clan,,,,,,,3,2,,10,1,,,,,1,,,,,,,,,4,,,,,,,,,2,,,,,,,,,,,,,,,,,,,5,11,"13,5",216,2,Estandar,Double,22,,169,202,XL Engine,Compra,NO
Flashman FLS-7K Salazar MkII Flashman,75,Pesado,3070,1637,6946625,4,6,0,Inner Sphere,1,,,6,,,,2,,,,,,,,,,,,,,,,,,,,,,,,,,,,,,,,,,,,,,,,,,,,,,22,"13,5",216,2,Estandar,Double,44,,45,48,Fusion Engine,Compra,NO
Flashman FLS-7K Salazar MkIII Flashman,75,Pesado,3070,1701,6951000,4,6,0,Inner Sphere,,,,6,,,,2,,,,,,,,,,,,,,,,,,,,,,,,,,,,,,,,,,,,,,,,,,,,,,22,"14,4",231,2,Estandar,Double,44,,42,46,Fusion Engine,Compra,NO
Flashman FLS-7K Salazar Flashman,75,Pesado,2796,1480,6341125,4,6,0,Inner Sphere,1,,,5,2,,,,,,,,,,,,,,,,,,,,,,,,,,,,,,,,,,,,,,,,,,,,,,,,,23,"13,5",216,2,Estandar,Single,23,,34,43,Fusion Engine,Compra,NO
Flashman FLS-7K Flashman,75,Pesado,2796,1480,6341125,4,6,0,Inner Sphere,1,,,5,2,,,,,,,,,,,,,,,,,,,,,,,,,,,,,,,,,,,,,,,,,,,,,,,,,23,"13,5",216,2,Estandar,Single,23,,34,43,Fusion Engine,Compra,NO
Flashman FLS-8K Flashman,75,Pesado,2701,1779,17830125,5,8,0,Inner Sphere,1,,,5,3,,,,,,,,,,,,,,,,,,,,,,,,,,,,,,,,,,,,,,,,,,,,,,,,,15,"13,5",216,2,Estandar,Double,30,,42,51,XL Engine,Compra,NO
Flashman FLS-9B Flashman,75,Pesado,3068,1600,18293187,5,8,0,Inner Sphere,,,,,,1,2,2,,2,,,,,,,,,,,,,,,,,,,,,,,,,,,,,,,,,,,,,,,,,,,,12,"13,8",220,2,Ferro Fibroso,Double,24,,44,41,Light Fusion Engine,Compra,NO
Flashman FLS-9C Flashman,75,Pesado,3062,1779,19956125,5,8,0,Inner Sphere,,,,1,,,,3,,4,,,,,,,,,,,,,,,,,,,,,,,,,,,,,,,,,,,,,,,,,,,,16,"13,4",215,2,Ferro Fibroso,Double,32,,55,53,XL Engine,Compra,NO
Flashman FLS-9M Flashman,75,Pesado,3070,1895,12834062,4,6,0,Inner Sphere,,,1,4,,,,,,4,,,,,,,,2,,,,,,,,,,,,,,,,,,,,,,,,,,,,,,,,,,,,15,"13,8",220,2,Ferro Fibroso,Double,30,,59,77,Light Fusion Engine,Compra,NO
Flashman FLS-C Flashman,75,Pesado,3063,1774,18254500,5,8,0,Inner Sphere,,,,5,3,,,,,,,,,,,,,,,,,,,,,,,,,,,,,,,,,,,,,,,,,,,,,,,,,15,"13,5",216,2,Estandar,Double,30,,39,49,XL Engine,Compra,NO
Flea 'Fire Ant' Flea,20,Ligero,3063,332,1605500,6,9,0,Inner Sphere,3,6,,,,,,,,,,,,,,,,,,,,,,,,,,,,,,,,,,,,,,,,,,,,,,,,,,,,10,"2,5",40,2,Estandar,Single,10,,9,18,Fusion Engine,Compra,NO
Flea FLE-15 Salazar Flea,20,Ligero,2523,424,1500600,6,9,0,Inner Sphere,3,,,2,,,,,,,,,,,,,,,,,,,,,,,,,,,,,,,,,,,,,,,,,,,,,,,,,,11,"3,0",48,2,Estandar,Single,11,,15,16,Fusion Engine,Compra,NO
Flea FLE-15 Flea,20,Ligero,2523,430,1520200,6,9,0,Inner Sphere,1,2,2,2,,,,,,,,,,,,,,,,,,,,,,,,,,,,,,,,,,,,,,,,,,,,,,,,,,10,"3,0",48,2,Estandar,Single,10,,11,22,Fusion Engine,Compra,NO
Flea FLE-16 Flea,20,Ligero,3032,506,1576200,9,14,0,Inner Sphere,1,,,2,,,,,,,,,,,,,,,,,,,,,,,,,,,,,,,,,,,,,,,,,,,,,,,,,,10,"3,0",48,2,Estandar,Single,10,,9,12,Fusion Engine,Compra,NO
Flea FLE-17 Flea,20,Ligero,3049,510,1728000,6,9,0,Inner Sphere,1,,2,,,,,,,2,,,,,,,,,,,,,,,,,,,,,,,,,,,,,,,,,,,,,,,,,,,,10,"3,0",48,2,Estandar,Single,10,,13,20,Fusion Engine,Compra,NO
Flea FLE-19 Flea,20,Ligero,3068,381,1482250,6,9,0,Inner Sphere,1,2,,,,,,,,,,,,,,,,,,,,,,,,,,,,,,,,,,,,,,,,,,,,,,,,,,,,10,"3,0",48,2,Estandar,Single,10,,3,6,Fusion Engine,Compra,NO
Flea FLE-20 Flea,20,Ligero,3071,791,2346000,6,9,0,Inner Sphere,,,,,,,2,,,,,,,,1,,,,,,,,,,,,,,,,,,,,,,,,,,,,,,,,,,,,,,,10,"2,5",40,2,Furtivo,Double,20,,20,20,Fusion Engine,Compra,NO
Flea FLE-4 Flea,20,Ligero,2501,432,1519200,6,9,0,Inner Sphere,1,,2,,1,,,,,,,,,,,,,,,,,,,,,,,,,,,,,,,,,,,,,,,,,,,,,,,,,10,"2,0",32,2,Estandar,Single,10,,13,16,Fusion Engine,Compra,NO
ForestryMech ED-X3 ForestryMech,25,Ligero,2865,202,1122619,5,8,0,Inner Sphere,,,,,,,,,,,,,,,,,,,,,,,,,,,,,,,,,,,,,,,,,,,,,,,,,,,,,,0,"2,0",32,2,Estandar,Single,0,,0,0,I.C.E. Engine,Compra,NO
ForestryMech MOD ForestryMech,35,Ligero,3132,275,1310078,3,5,0,Inner Sphere,,,,,,,,,,,,,,,,,,,,,,,,,,,,,,,,,,,,,1,,,,,,,,,,,,,,,,,1,"3,0",48,2,Estandar,Single,1,,1,2,I.C.E. Engine,Compra,NO
ForestryMech  ForestryMech,25,Ligero,3132,202,1122619,5,8,0,Inner Sphere,,,,,,,,,,,,,,,,,,,,,,,,,,,,,,,,,,,,,,,,,,,,,,,,,,,,,,0,"2,0",32,2,Estandar,Single,0,,0,0,I.C.E. Engine,Compra,NO
Fox CS-1 Fox,50,Medio,2824,1574,9790000,6,9,0,Mixed,,4,,3,,,,,,,,,,,,,,,,,2,,,,,2,,,,,,,,,,,,,,,,,,,,,,,,,,,,10,"10,0",160,2,Estandar,Double,20,,23,61,XL Engine,Compra,NO
Fox  Fox,50,Medio,2835,2091,10129000,6,9,0,Clan,,4,,,,,2,1,,,,,,,,,,,,,2,,,,,2,,,,,,,,,,,,,,,,,,,,,,,,,,,,11,"10,6",169,2,Ferro Fibroso,Double,22,,36,64,XL Engine,Compra,NO
Fwltur FWL-3R SalvageMech Fwltur,35,Ligero,3081,250,1755089,3,5,3,Inner Sphere,,,,,,,,,,,,,,,,,,,,,,,,,,,,,,,,,,,,,,,,,,,,,,,,,,,,,,10,"5,2",84,2,Estandar,Single,10,,0,0,Fusion Engine,Compra,NO
Fwltur FWL-3V SalvageMech Fwltur,35,Ligero,3085,252,1537181,3,5,0,Inner Sphere,,,,,,,,,,,,,,,,,,,,,,,,,,,,,,,,,,,,,,,,,,,,,,,,,,,,,,10,"6,0",96,2,Estandar,Single,10,,0,0,Fusion Engine,Compra,NO
Galahad (Glass Spider) 2 Galahad (Glass Spider),60,Pesado,2952,2038,5382400,4,6,0,Clan,,,,,,,,,3,2,2,,,,,,,,,,,,,,,,,,,,,,,,,,,,,,,,,,,,,,,,,,,16,"12,6",201,2,Ferro Fibroso,Double,32,,34,39,Fusion Engine,Compra,NO
Galahad (Glass Spider) 3 Galahad (Glass Spider),60,Pesado,3065,2508,6185600,4,6,0,Clan,,,,,,,,,,2,,,3,,,2,,,,,,,,,,,,,,,,,,,,,,,,,,,,,,,,,,,,,,16,"12,6",201,2,Ferro Fibroso,Double,32,,59,62,Fusion Engine,Compra,NO
Galahad (Glass Spider)  Galahad (Glass Spider),60,Pesado,2834,1825,5652000,4,6,0,Clan,,,,,,,,,,,,,,,,,,,,,,,,,,,,,,,,,,,,,,,,,,,,,,,,,,,2,,,10,"12,6",201,2,Ferro Fibroso,Double,20,,2,30,Fusion Engine,Compra,NO
Galahad GLH-1D Galahad,50,Medio,2570,1307,3687000,3,5,0,Inner Sphere,,,,,2,,,,,,,,,,2,,,,,,,,,,,,,,,,,,,,,,,,,,,,,,,,,,,,,,,13,"10,0",160,2,Estandar,Double,26,,36,36,Fusion Engine,Compra,NO
Galahad GLH-2D Galahad,60,Pesado,2594,1648,4537600,3,5,0,Inner Sphere,,,,,,,,,,,,,,,,,,,,,,,,,,,,,,,,,,,,,,,,,,,,,,,,,,,2,,,10,"12,3",197,2,Ferro Fibroso,Single,10,,2,30,Fusion Engine,Compra,NO
Galahad GLH-3D Galahad,60,Pesado,3070,1268,9864000,4,6,0,Inner Sphere,,,,,,,,,,,,,,,,,,,,,,,,,,,,,,,,,,,,,,,,,,,,,,,,,,,2,,,10,"12,3",197,2,Ferro Fibroso,Single,10,,2,30,Light Fusion Engine,Compra,NO
Gallant GLT-10-0 Gallant,70,Pesado,3130,1555,11036620,3,5,5,Inner Sphere,1,,,,,,,,,,,,,,,,,,,,,,,,,,,,,,,,,,,,,,,,,,,,,,,,,,,,,11,"13,0",208,2,Estandar,Double,22,,3,2,Light Fusion Engine,Compra,NO
Gallant GLT-7-0 Gallant,70,Pesado,3078,1436,12021220,3,5,5,Inner Sphere,1,,,,,,,,,,2,,,,,,,,,,,,,,,1,,,,1,,,,,,,,,,,,,,,,,,,,,,,,14,"13,0",208,2,Estandar,Double,28,,31,44,XL Engine,Compra,NO
Gallant GLT-8-0 Gallant,70,Pesado,3078,1666,12684950,3,5,5,Inner Sphere,,,,,,,,,,,,,,,,,,,,,,,,,,,,,,,,,,,,,,,,,,,,,,,,,,,,,,14,"13,0",208,2,Estandar,Double,28,,0,0,XL Engine,Compra,NO
Gallowglas GAL-1GLS Salazar MkI Gallowglas,70,Pesado,3055,1755,6751153,4,6,4,Inner Sphere,,,,2,2,,,,,,,,,,,1,,,,,,,,,,,,,,,,,,,,,,,,,,,,,,,,,,,,,,18,"13,5",216,2,Estandar,Double,36,,37,36,Fusion Engine,Compra,NO
Gallowglas GAL-1GLS Gallowglas,70,Pesado,3055,1695,6646178,4,6,3,Inner Sphere,,,1,,2,,,,,2,,,,,,1,,,,,,,,,,,,,,,,,,,,,,,,,,,,,,,,,,,,,,18,"12,0",192,2,Estandar,Double,36,,40,41,Fusion Engine,Compra,NO
Gallowglas GAL-2BL Gallowglas,70,Pesado,3055,2144,13934553,4,6,4,Inner Sphere,,,,,,,4,,,,,,,,,,,,,,,,,,,,,,,,,,,,,,,,,,,,,,,,,,,,2,,,10,"12,5",200,2,Estandar,Double,20,,22,50,XL Engine,Compra,NO
Gallowglas GAL-2GLS Salazar MkII Gallowglas,70,Pesado,3055,1951,6871053,4,6,4,Inner Sphere,,,,2,2,,,,,,,,,,,,,,,,,,,,,,,,,,,,,,,,,,,,,,,,,,,,,,1,,,10,"12,9",206,2,Ferro Fibroso,Double,20,,23,41,Fusion Engine,Compra,NO
Gallowglas GAL-2GLS Gallowglas,70,Pesado,3055,1857,6568453,4,6,3,Inner Sphere,,,,,2,,,,,1,,,,,,,,,,,,,,,,,,,,,,,,,,,,,,,,,,,,,,,,,1,,,10,"12,0",192,2,Estandar,Double,20,,21,37,Fusion Engine,Compra,NO
Gallowglas GAL-2GLSA Gallowglas,70,Pesado,3069,1771,6739253,4,6,3,Inner Sphere,,,,,2,,,,,1,,,,,1,,,1,,,,,,,,,,,,,,,,,,,,,,,,,,,,,,,,,,,,14,"12,0",192,2,Estandar,Double,28,,45,47,Fusion Engine,Compra,NO
Gallowglas GAL-3BL Gallowglas,70,Pesado,3064,1784,6048820,3,5,0,Inner Sphere,,,,,,,,,,6,,,,,,,,,,,,,,,,,,,,,,,,,,,,,,,,,,,,,,,,,1,,,12,"13,5",216,2,Estandar,Double,24,,25,51,Fusion Engine,Compra,NO
Gallowglas GAL-3GLS Gallowglas,70,Pesado,3064,2291,12972920,4,6,0,Inner Sphere,,,,,,,1,2,,,,,,,,,,,,,,,,,,,,,,,,,,,,,,,,,,,,,,,,,,,1,,,10,"13,0",208,2,Estandar,Double,20,,30,36,Light Fusion Engine,Compra,NO
Gallowglas GAL-4GLS Gallowglas,70,Pesado,3064,1944,7109053,4,6,4,Inner Sphere,,,,,,,1,2,,,,,,,,,,,,,,,,,,,,,,,,,,,,,,,,,,,,,,,,,,,1,,,10,"12,0",192,2,Estandar,Double,20,,30,36,Fusion Engine,Compra,NO
Gallowglas GAL-4GLSA Gallowglas,70,Pesado,3067,2017,7410378,4,6,4,Inner Sphere,,,,,,1,3,1,,,,,,,,,,,,,,,,,,,,,,,,,,,,,,,,,,,,,,,,,,,1,,,11,"12,0",192,2,Estandar,Double,22,,30,41,Fusion Engine,Compra,NO
Gallowglas WD Gallowglas,70,Pesado,3055,2094,7444186,5,8,3,Clan,,,,,,,2,,2,,,,,,,1,,,,,,,,,,,,,,,,,,,,,,,,,,,,,,,,,,,,,,15,"12,0",192,2,Estandar,Double,30,,29,26,Fusion Engine,Compra,NO
Gambit GBT-1G Gambit,25,Ligero,3136,777,3211250,7,11,0,Inner Sphere,,,,,,,,,,,,,,,2,,,,,,,,,,,,,,,,,,,,,,,,,,,,,,,,,,,,,,,10,"5,0",80,2,Estandar,Double,20,,20,20,Light Fusion Engine,Compra,NO
Gambit GBT-1L Gambit,25,Ligero,3136,796,3150000,7,11,0,Inner Sphere,,,,,,,,,,,,,,,2,,,,,,,,,,,,,,,,,,,,,,,,,,,,,,,,,,,,,,,10,"5,0",80,2,Estandar,Double,20,,20,20,Light Fusion Engine,Compra,NO
Gargoyle (Man O&apos; War)  Gargoyle (Man O&apos; War),80,Asalto,2945,1537,25940812,5,8,0,Clan,,,,,,4,19,2,1,4,1,,4,1,,5,,,,2,,,3,1,2,,,3,,,,,,,1,1,,,,,,,1,1,,2,,1,,,4,,,16,"13,2",211,2,Ferro Fibroso,Double,32,,351,527,XL Engine,Compra,NO
Garm GRM-01A Garm,35,Ligero,3057,701,2860410,5,8,5,Inner Sphere,,,,,,,,,,,,,,,,,,,,1,,,,,,,,,,,,,,,,,,,,,,,,,,1,,,,,,,,10,"3,9",62,2,Ferro Fibroso,Single,10,,5,15,Fusion Engine,Compra,NO
Garm GRM-01A2 Garm,35,Ligero,3076,1078,5265860,6,9,6,Inner Sphere,,,,,,,,,,,,,,,,,,,,1,,,,,,,,,,,,,,,,,,,,,,,,,,,,,,,,,1,10,"4,2",67,2,Ferro Fibroso,Double,20,,14,20,Light Fusion Engine,Compra,NO
Garm GRM-01B Garm,35,Ligero,3058,934,2981310,5,8,5,Inner Sphere,,,,,,,,1,,,,,,,,,,,,1,,,,,,,,,,,,,,,,,,,,,,,,,,,,,,,,,,12,"5,0",80,2,Ferro Fibroso,Single,12,,16,18,Fusion Engine,Compra,NO
Garm GRM-01C Garm,35,Ligero,3062,1140,2960160,5,8,5,Inner Sphere,,,,,,,1,,,,,,,,,,,,,,,,,,,,,,,,,,,,,,,,,,,,,,,,,,,1,,,,10,"5,6",89,2,Ferro Fibroso,Single,10,,6,10,Fusion Engine,Compra,NO
Gauntlet GTL-1O Gauntlet,55,Medio,3128,1846,17135468,5,8,5,Inner Sphere,,,,10,,,,,,1,,,,,2,,1,1,,,,,,,,,,,,,,,,,,,,,,,,,,,,,,,,,,,,10,"10,6",169,2,Ferro Fibroso,Double,20,,79,101,Light Fusion Engine,Compra,NO
'Gestalt' D2X-G 'Gestalt',45,Medio,3078,2288,13516465,7,11,6,Inner Sphere,,,,,,,2,,,,,,,,,,,1,,,,,,,,,,,,,,,,,,,,,,,,,,,,,,,,,,,,10,"9,2",148,2,Ferro Fibroso,Double,20,,25,25,XL Engine,Compra,NO
Ghost GST-10 Ghost,50,Medio,3077,1353,10417500,6,9,0,Inner Sphere,,,,,,,1,,,,,,,,2,,,,,,,,,,,,,,,,,,,,,,,,,,,,,,,,,,,,,,,14,"10,5",168,2,Furtivo,Double,28,,25,25,XL Engine,Compra,NO
Ghost GST-11 Ghost,50,Medio,3082,1244,9787500,6,9,0,Inner Sphere,,,,,,,1,,,,,,,,2,,,,,,,,,,,,,,,,,,,,,,,,,,,,,,,,,,,,,,,14,"10,5",168,2,Estandar,Double,28,,25,25,XL Engine,Compra,NO
Ghost GST-50 Ghost,50,Medio,3087,1114,7705875,6,9,0,Inner Sphere,,,,,,1,,,,,2,,,,,,,,,,,,,,1,,,,,,,,,,,,,,,,,,,,,,,,,,,,,10,"8,0",128,2,Estandar,Double,20,,26,33,Light Fusion Engine,Compra,NO
Ghost GST-90 Ghost,50,Medio,3133,1012,7611000,6,9,0,Inner Sphere,,,,,,,,,,,2,,,,,,,,,,,,,,,,,,,,,,,,,,,,,,,,,,,,,,,,,,,10,"8,0",128,2,Estandar,Double,20,,20,18,Light Fusion Engine,Compra,NO
Ghost  Ghost,50,Medio,3132,1114,7705875,6,9,0,Inner Sphere,,,,,,1,,,,,2,,,,,,,,,,,,,,1,,,,,,,,,,,,,,,,,,,,,,,,,,,,,10,"8,0",128,2,Estandar,Double,20,,26,33,Light Fusion Engine,Compra,NO
Gladiator (Executioner)  Gladiator (Executioner),95,Asalto,3001,2749,35654134,4,6,4,Clan,1,6,,,,5,16,8,5,3,10,1,5,3,,4,,,,1,3,1,,,5,,,2,,,,,,,2,,,,,,,,,3,,,1,,,,1,,1,16,"16,2",259,2,Ferro Fibroso,Double,32,,562,720,XL Engine,Compra,NO
Gladiator (Keller) Gladiator,55,Medio,3071,1517,13854790,4,6,6,Inner Sphere,,,,,,,2,,,,,,,,,,1,,,,,,,,,,,,,,,,,,,,,,,,,,,,,,,,,,,,,11,"11,0",176,2,Estandar,Double,22,,20,20,Light Fusion Engine,Compra,NO
Gladiator GLD-1R (Keller) Gladiator,55,Medio,3071,1553,14102790,4,6,6,Inner Sphere,,,,,,,2,,,,,,,,,,1,,,,,,,,,,,,,,,,,,,,,,,,,,,,,,,,,,,,,11,"11,6",185,2,Estandar,Double,22,,20,20,Light Fusion Engine,Compra,NO
Gladiator GLD-2R Gladiator,55,Medio,2487,1184,4312306,5,8,0,Inner Sphere,,,,2,1,,,,,,,,,,,,,,,,,,,,,,,,,,,,,,,,,,,,,,,,,,,,,,,,,19,"11,6",185,2,Estandar,Single,19,,14,18,Fusion Engine,Compra,NO
Gladiator GLD-3R Gladiator,55,Medio,2490,1282,4893106,5,8,5,Inner Sphere,,,,2,,,,,,,,,,,,,,,,2,,,,,,,,,,,,,,,,,,,,,,,,,,,,,,,,,,12,"9,5",152,2,Estandar,Single,12,,14,30,Fusion Engine,Compra,NO
Gladiator GLD-4R Gladiator,55,Medio,2495,1291,4987206,5,8,5,Inner Sphere,,,,2,,,,,,,,,,,1,,,,,,,,,,1,,,,,,,,,,,,,,,,,,,,,,,,,,,,,13,"9,5",152,2,Estandar,Single,13,,20,32,Fusion Engine,Compra,NO
Gladiator GLD-5R Gladiator,55,Medio,3075,1425,9993390,4,6,6,Inner Sphere,,,,,,,2,,,,,,,,,,1,,,,,,,,,,,,,,,,,,,,,,,,,,,,,,,,,,,,,13,"11,6",185,2,Estandar,Double,26,,20,20,Light Fusion Engine,Compra,NO
Glass Spider (Galahad) 2 Glass Spider (Galahad),60,Pesado,2952,2038,5382400,4,6,0,Clan,,,,,,,,,3,2,2,,,,,,,,,,,,,,,,,,,,,,,,,,,,,,,,,,,,,,,,,,,16,"12,6",201,2,Ferro Fibroso,Double,32,,34,39,Fusion Engine,Compra,NO
Glass Spider (Galahad) 3 Glass Spider (Galahad),60,Pesado,3065,2508,6185600,4,6,0,Clan,,,,,,,,,,2,,,3,,,2,,,,,,,,,,,,,,,,,,,,,,,,,,,,,,,,,,,,,,16,"12,6",201,2,Ferro Fibroso,Double,32,,59,62,Fusion Engine,Compra,NO
Glass Spider (Galahad)  Glass Spider (Galahad),60,Pesado,2834,1825,5652000,4,6,0,Clan,,,,,,,,,,,,,,,,,,,,,,,,,,,,,,,,,,,,,,,,,,,,,,,,,,,2,,,10,"12,6",201,2,Ferro Fibroso,Double,20,,2,30,Fusion Engine,Compra,NO
Goliath C Goliath,80,Asalto,3143,2227,9806500,3,5,0,Mixed,,,,,,,1,1,,,,,,,,,,,,,,,,,,,,,,,,,,,1,,,,,,,,,,,,,,,,1,,,11,"14,5",232,4,Estandar,Double,22,,24,46,Fusion Engine,Compra,NO
Goliath GOL-1H Goliath,80,Asalto,2652,1449,7602400,4,6,0,Inner Sphere,,2,,,,,,,,,,,,,1,,,,,2,,,,,,,,,,,,,,,,,,,,,,,,,,,,,,,,,,17,"14,5",232,4,Estandar,Single,17,,18,34,Fusion Engine,Compra,NO
Goliath GOL-2H Goliath,80,Asalto,3067,1583,7970400,4,6,0,Inner Sphere,,,,,,,,,,,,,,,1,,,,,2,,,,,,,,,,,,,,,,,,,,,,,,,,,,,,,,,,17,"15,1",241,4,Ferro Fibroso,Single,17,,18,30,Fusion Engine,Compra,NO
Goliath GOL-3L Goliath,80,Asalto,3082,1708,21916200,5,8,0,Inner Sphere,,,,,,,,,,1,,,,,,1,,,,,,,,,,,,,,,,,,,,,,,,,,,,,,,,,,,,,,10,"16,4",263,4,Furtivo,Double,20,,19,16,XL Engine,Compra,NO
Goliath GOL-3M Goliath,80,Asalto,3052,1537,17118400,4,6,0,Inner Sphere,,2,,,,,,,,,,,,,,,,,,2,,,,,,,,,,,,,,,,,,,,,,,,,,,,,,,1,,,17,"15,0",240,4,Estandar,Single,17,,9,39,XL Engine,Compra,NO
Goliath GOL-3S Goliath,80,Asalto,3070,1828,15562200,4,6,0,Inner Sphere,,,,,,,3,1,,,,,,,,,,,,1,,,,,,,,,,,,,,,,,,,,,,,,,,,,1,,,,,,10,"13,5",216,4,Estandar,Double,20,,37,53,Light Fusion Engine,Compra,NO
Goliath GOL-4S Goliath,80,Asalto,3067,1912,14745200,4,6,0,Inner Sphere,,,,,,,2,,,,,,,,,,,,,1,,,,,,,,,,,,,,,,,,,,,,,,,,,,,,,,1,,10,"16,0",256,4,Estandar,Double,20,,15,45,Light Fusion Engine,Compra,NO
Goliath GOL-5D-BL Goliath,80,Asalto,3067,1958,8234400,4,6,0,Inner Sphere,,,,,,,4,,,,,,,,,,,,,,,,,,,,,,,,,,,,,,,,,,,,,,,,,,,1,,,,14,"16,4",263,4,Estandar,Double,28,,21,25,Fusion Engine,Compra,NO
Goliath GOL-5D Goliath,80,Asalto,3067,1975,8249300,4,6,0,Inner Sphere,,4,,,,,4,,,,,,,,,,,,,,,,,,,,,,,,,,,,,,,,,,,,,,,,,,,1,,,,12,"16,4",263,4,Estandar,Double,24,,21,33,Fusion Engine,Compra,NO
Goliath GOL-5W Goliath,80,Asalto,3071,2006,11011200,4,6,0,Inner Sphere,,,,3,,,,,,,,,,,,,,,,,,,,,,,,,,,,,,,,,,,,,,,,,,,,,,,,,2,15,"16,4",263,4,Furtivo,Double,30,,29,35,Fusion Engine,Compra,NO
Goliath GOL-6H Goliath,80,Asalto,3071,1681,14097550,4,6,0,Inner Sphere,,2,,,,,,,,,,,,,,,,1,,2,,,,,,,,,,,,,,,,,,,,,,,,,,,,,,,,,,12,"15,0",240,4,Estandar,Double,24,,23,39,Light Fusion Engine,Compra,NO
Goliath GOL-6M Goliath,80,Asalto,3083,1750,8900200,3,5,0,Inner Sphere,,,,,,,2,,,,,,,,,,,,,,,,,,,,,,,,,,,,,,,,,,,,,,,,,,,,1,,,10,"14,5",232,4,Estandar,Double,20,,11,25,Fusion Engine,Compra,NO
Goshawk (Vapor Eagle) 2 Goshawk (Vapor Eagle),55,Medio,2912,1989,12243770,6,9,6,Clan,,4,,,,,,,,2,,,,,,,,,,,,,,,,,,,,,,,,,,,,,,,,,1,,,,,,,,,,,10,"10,8",172,2,Ferro Fibroso,Double,20,,12,30,XL Engine,Compra,NO
Goshawk (Vapor Eagle) 3 Goshawk (Vapor Eagle),55,Medio,3062,2466,12677770,6,9,6,Clan,,,,,,,,,,,,,3,,,1,,,,,,,2,,,,,,,,,,1,,,,,,,,,,,,,,,,,,,,,15,"10,8",172,2,Ferro Fibroso,Double,30,,42,54,XL Engine,Compra,NO
Goshawk (Vapor Eagle) 4 Goshawk (Vapor Eagle),55,Medio,3066,2069,12153702,6,9,0,Clan,,,,,,3,4,,,,,,,,,,,,,,,,,,,,,,,,,,,2,,,,,,,,,,,,,,,,,,,,17,"10,8",172,2,Ferro Fibroso,Double,34,,34,53,XL Engine,Compra,NO
Goshawk (Vapor Eagle) 5 Goshawk (Vapor Eagle),55,Medio,2922,2572,12616770,6,9,6,Clan,,4,,,,,,,,4,,,,,,,,,,,,1,,,,,,,,,,,,,,,,,,,,,,,,,,,,,,,,10,"10,8",172,2,Ferro Fibroso,Double,20,,22,52,XL Engine,Compra,NO
Goshawk (Vapor Eagle) 6 Goshawk (Vapor Eagle),55,Medio,2910,1959,12370570,6,9,6,Clan,,4,,,,,3,,,,,,,,,,,,,,,,,,,,,,,,,,,,,,,,,,2,,,,,,,,,,,,,11,"10,8",172,2,Ferro Fibroso,Double,22,,17,27,XL Engine,Compra,NO
Goshawk (Vapor Eagle) 7 Goshawk (Vapor Eagle),55,Medio,3136,2876,18056170,6,9,0,Clan,,,,,,,,,,,,,,,,1,,,,,,,,,,,,,,,,,,,,,,,,,,,,,,,,,,,,,1,11,"10,8",172,2,Ferro Fibroso,Double,22,,22,10,XL Engine,Compra,NO
Goshawk (Vapor Eagle)  Goshawk (Vapor Eagle),55,Medio,2863,2368,12197820,6,9,6,Clan,,4,,,,,,,,3,1,,,,,,,,,,,,,,,2,,,,,,,,,,,,,,,,,,,,,,,,,,,,11,"10,8",172,2,Ferro Fibroso,Double,22,,26,43,XL Engine,Compra,NO
Goshawk II 2 Goshawk II,45,Medio,3086,1767,9707520,7,11,7,Clan,2,,,,,,,1,,,,,,,,,,,,,,,,,,1,,,,,,,,,,,,,,,,,,,,,,,,,,,,11,"9,0",144,2,Estandar,Double,22,,20,16,XL Engine,Compra,NO
Goshawk II 3 Goshawk II,45,Medio,3086,2115,9586965,7,11,7,Clan,,,,,,,,1,,2,,,,,,,,,,,,,,,,,,,,,,,,,,,,,,,,,,,,,,,,,,,,10,"9,0",144,2,Estandar,Double,20,,20,20,XL Engine,Compra,NO
Goshawk II  Goshawk II,45,Medio,3086,1849,9640470,7,11,7,Clan,,,,,,,,1,2,,,,,,,,,,,,,,,,,,,,,,,,,,,,,,,,,,,,,,,,,,,,,10,"9,0",144,2,Estandar,Double,20,,16,14,XL Engine,Compra,NO
Götterdämmerung GTD-20S Götterdämmerung,75,Pesado,3138,1727,12812000,4,6,0,Inner Sphere,,,,,,,5,,,,,,,,,1,,,,,1,,,,,,,,,,,,,,,,,,,,,,,,,,,,,,,,,12,"14,4",231,2,Ferro Fibroso,Double,24,,45,50,Compact Fusion Engine,Compra,NO
Grand Crusader GRN-D-01 Grand Crusader,80,Asalto,3053,1758,15259000,3,5,0,Inner Sphere,,,,,,,,,,2,2,,,,,,,,,,,2,,,,,,,,,,,,,,,,,,,,,,,,,,,,,,,,10,"15,4",247,2,Estandar,Double,20,,40,70,XL Engine,Compra,NO
Grand Crusader GRN-D-02 Grand Crusader,80,Asalto,3056,1702,15378000,3,5,0,Inner Sphere,,,,,,,,,,,2,,,,,,,,2,,,2,,,,,,,,,,,,,,,,,,,,,,,,,,,,,,,,10,"15,0",240,2,Estandar,Double,20,,36,68,XL Engine,Compra,NO
Grand Crusader II GRN-D-03 Grand Crusader II,80,Asalto,3066,2276,19078800,4,6,4,Inner Sphere,,,,,,,3,2,,,,,,,,,,,,,1,,,,,,,1,,,,,,,,,,,,,,,,,,,,,,,,,,12,"15,4",247,2,Estandar,Double,24,,48,58,Light Fusion Engine,Compra,NO
Grand Crusader II GRN-D-04 Grand Crusader II,80,Asalto,3066,2292,18724000,4,6,4,Inner Sphere,,,,,,,2,,,,,,,,,1,,,,,,,,,,,,1,,,,,,,,,,,,,,,,,,,,,,,1,,,11,"15,4",247,2,Estandar,Double,22,,30,47,Light Fusion Engine,Compra,NO
GRAND CRUSADER  GRAND CRUSADER,80,Asalto,3070,1708,14960600,3,5,0,Inner Sphere,,,,,,,,,,2,2,,,,,,,,,,,2,,,,,,,,,,,,,,,,,,,,,,,,,,,,,,,,10,"14,5",232,2,Estandar,Double,20,,40,70,XL Engine,Compra,NO
Grand Dragon DRG-10K Grand Dragon,60,Pesado,3114,1603,13878280,6,9,0,Inner Sphere,,,,,,,2,,,,,,,,,,1,,,,,,,,,,,,,1,,,,,,,,,,,,,,,,,,,,,,,,10,"12,0",192,2,Estandar,Double,20,,26,40,XL Engine,Compra,NO
Grand Dragon DRG-1G (Douglas) Grand Dragon,60,Pesado,3028,1076,4946300,5,8,0,Inner Sphere,,,,1,,,,,,,,,,,,,,,1,,,,,,1,,,,,,,,,,,,,1,,,,,,,,,,,,,,,,12,"10,0",160,2,Estandar,Single,12,,10,27,Fusion Engine,Compra,NO
Grand Dragon DRG-1G-BL Grand Dragon,60,Pesado,3024,1236,5164400,5,8,0,Inner Sphere,,,,2,,,,,,,,,,,1,,,,,,1,,,,,,,,,,,,,,,,,,,,,,,,,,,,,,,,,15,"7,0",112,2,Estandar,Single,15,,21,35,Fusion Engine,Compra,NO
Grand Dragon DRG-1G Grand Dragon,60,Pesado,3024,1300,5176800,5,8,0,Inner Sphere,,,,3,,,,,,,,,,,1,,,,,1,,,,,,,,,,,,,,,,,,,,,,,,,,,,,,,,,,12,"10,0",160,2,Estandar,Single,12,,23,35,Fusion Engine,Compra,NO
Grand Dragon DRG-5K-DC Grand Dragon,60,Pesado,3050,1322,14035680,6,9,0,Inner Sphere,,,,2,,,,,,,,,,,,1,,,,1,,,,,,,,,,,,,,,,,,,,,,,,,,,,,,,,,,11,"10,0",160,2,Estandar,Double,22,,25,30,XL Engine,Compra,NO
Grand Dragon DRG-5K Grand Dragon,60,Pesado,3050,1358,13318880,6,9,0,Inner Sphere,,,,3,,,,,,,,,,,,1,,,,1,,,,,,,,,,,,,,,,,,,,,,,,,,,,,,,,,,13,"10,0",160,2,Estandar,Double,26,,28,35,XL Engine,Compra,NO
Grand Dragon DRG-7K (Mark) Grand Dragon,60,Pesado,3067,1817,11464480,5,8,0,Inner Sphere,,,,,,,1,,,,,,,,,,,1,,,1,,,,,,,,,,,,,,,,,,,,,,,,,,,,,,,,,12,"11,2",179,2,Ferro Fibroso,Double,24,,25,35,Light Fusion Engine,Compra,NO
Grand Dragon DRG-7K Grand Dragon,60,Pesado,3063,1702,15638280,6,9,0,Inner Sphere,,,,,,,3,,,,,,,,,1,,,,,,,,,,,,,1,,,,,,,,,,,,,,,,,,,,,,,,,15,"10,0",160,2,Estandar,Double,30,,34,35,XL Engine,Compra,NO
Grand Dragon DRG-7KC Grand Dragon,60,Pesado,3077,1673,16598280,6,9,0,Inner Sphere,,,,,,,3,,,,,,,,,1,,,,,,,,,,,,,,,,,,,,,,,,,,,,,,,,,,,,,,15,"10,1",161,2,Ferro Fibroso,Double,30,,30,25,XL Engine,Compra,NO
Grand Dragon DRG-9KC Grand Dragon,60,Pesado,3071,1147,15599880,6,9,0,Inner Sphere,,,,2,,,,,,,,,,,,,1,,,,,,,,,,,,,,,,,,,,,,,,,,,,,,,,,,,,,13,"10,1",161,2,Ferro Fibroso,Double,26,,16,20,XL Engine,Compra,NO
Grand Dragon DRG-C Grand Dragon,60,Pesado,3050,1322,13654880,6,9,0,Inner Sphere,,,,2,,,,,,,,,,,,1,,,,1,,,,,,,,,,,,,,,,,,,,,,,,,,,,,,,,,,13,"10,0",160,2,Estandar,Double,26,,25,30,XL Engine,Compra,NO
Grand Summoner (Thor II)  Grand Summoner (Thor II),70,Pesado,3093,2554,21577333,5,8,5,Clan,1,,,,,2,6,2,,,2,,,,,1,,,3,,5,,,,,,1,,,,,,,1,1,,,,,,,2,,1,,,1,,,,,,,14,"12,0",192,2,Ferro Fibroso,Double,28,,152,250,XL Engine,Compra,NO
Grand Titan T-IT-N10M Grand Titan,100,Asalto,3054,1817,28793333,4,6,0,Inner Sphere,,,,,,,,,2,2,2,,,,,,,,,,1,,,,2,,,,,,,,,,,,,,,,,,,,,,,,,,,,,12,"18,0",288,2,Estandar,Double,24,,45,75,XL Engine,Compra,NO
Grand Titan T-IT-N11M Grand Titan,100,Asalto,3058,2053,28723833,4,6,0,Inner Sphere,,,,,,1,,,,4,,,,,,1,,,,,,,,,,,2,,,,,,,,,,,,,,,,,,,,,,,,1,,,16,"18,0",288,2,Estandar,Double,32,,40,68,XL Engine,Compra,NO
Grand Titan T-IT-N13M Grand Titan,100,Asalto,3091,2533,28602000,3,5,3,Inner Sphere,,,,2,,,2,1,1,,,,,,,,,1,,,,,,,,,,,,,,,,,,,,,,,,,,,,,,,,,,,,14,"18,0",288,2,Estandar,Double,28,,45,46,Fusion Engine,Compra,NO
Grasshopper GHR-5H ELH Mk II Grasshopper,70,Pesado,3070,1739,6644873,4,6,4,Inner Sphere,,,,8,,,,1,,,,,,,,,,,,,,,1,,,,,,,,,,,,,,,,,,,,,,,,,,,,,,,18,"13,5",216,2,Estandar,Double,36,,38,52,Fusion Engine,Compra,NO
Grasshopper GHR-5H ELH Grasshopper,70,Pesado,2780,1417,5983573,4,6,4,Inner Sphere,,,,4,1,,,,,,,,,,,,,,,,,,1,,,,,,,,,,,,,,,,,,,,,,,,,,,,,,,22,"13,6",217,2,Estandar,Single,22,,22,32,Fusion Engine,Compra,NO
Grasshopper GHR-5H KKK Grasshopper,70,Pesado,2780,1417,5983573,4,6,4,Inner Sphere,,,,4,1,,,,,,,,,,,,,,,,,,1,,,,,,,,,,,,,,,,,,,,,,,,,,,,,,,22,"13,6",217,2,Estandar,Single,22,,22,32,Fusion Engine,Compra,NO
Grasshopper GHR-5H Salazar Grasshopper,70,Pesado,2780,1501,6061973,4,6,4,Inner Sphere,,,,6,1,,,,,,,,,,,,,,,,,,,,,,,,,,,,,,,,,,,,,,,,,,,,,,,,,23,"13,0",208,2,Estandar,Single,23,,26,38,Fusion Engine,Compra,NO
Grasshopper GHR-5H Grasshopper,70,Pesado,2780,1427,6003573,4,6,4,Inner Sphere,,,,4,1,,,,,,,,,,,,,,1,,,,,,,,,,,,,,,,,,,,,,,,,,,,,,,,,,,22,"13,0",208,2,Estandar,Single,22,,22,33,Fusion Engine,Compra,NO
Grasshopper GHR-5J Grasshopper,70,Pesado,3049,1354,6262073,4,6,4,Inner Sphere,,,,2,,,,1,,,,,,,,,,,,,,,,,,1,,,,,,,,,,,,,,,,,,,,,,,,,,,,22,"13,0",208,2,Estandar,Single,22,,20,22,Fusion Engine,Compra,NO
Grasshopper GHR-5N Grasshopper,70,Pesado,3040,1511,6160573,4,6,4,Inner Sphere,,,,5,,,,,,,,,,,1,,,,,,,,,,,,,,,,,,,,,,,,,,,,,,,,,,,,,,,22,"13,0",208,2,Estandar,Single,22,,25,35,Fusion Engine,Compra,NO
Grasshopper GHR-6K Grasshopper,70,Pesado,3064,1597,7322973,4,6,4,Inner Sphere,,,,,,,,1,,5,,,,,,,,,,,,,,,,,1,,,,,,,,,,,,,,,,,,,,,,,,,,,17,"13,0",208,2,Estandar,Double,34,,35,46,Fusion Engine,Compra,NO
Grasshopper GHR-7K 'Gravedigger' Grasshopper,70,Pesado,3071,2084,9465373,4,6,4,Inner Sphere,,,,,,,,,,2,,,,,2,,2,,,,,,,,,,,,,,,,,,,,,,,,,,,,,,,,,,,,,14,"13,0",208,2,Estandar,Double,28,,48,52,Fusion Engine,Compra,NO
Grasshopper GHR-7K Grasshopper,70,Pesado,3068,1806,8176773,4,6,4,Inner Sphere,,,,,,,1,,,,,,,,2,,2,,,,,,,,,,,,,,,,,,,,,,,,,,,,,,,,,,,,,16,"13,0",208,2,Estandar,Double,32,,45,45,Fusion Engine,Compra,NO
Grasshopper GHR-7P Grasshopper,70,Pesado,3081,1806,14970540,4,6,6,Inner Sphere,,,,,,,3,,,,,,,,,,,,,,,,,,,,,,,,,,,,,,,,,,,,,,,,,,,,,,,13,"13,5",216,2,Estandar,Double,26,,15,15,Light Fusion Engine,Compra,NO
Grasshopper GHR-8K Grasshopper,70,Pesado,3091,1754,7492773,4,6,4,Inner Sphere,,,,,,,,1,,,,,,,4,,,,1,,,,,,,,,,,,,,,,,,,,,,,,,,,,,,,,,,,16,"13,5",216,2,Estandar,Double,32,,54,53,Fusion Engine,Compra,NO
Grasshopper GHR-C Grasshopper,70,Pesado,3052,1366,6633073,4,6,4,Inner Sphere,,,,2,,,,1,,,,,,,,,,,,,,,,,,1,,,,,,,,,,,,,,,,,,,,,,,,,,,,22,"13,0",208,2,Estandar,Single,22,,20,22,Fusion Engine,Compra,NO
Gravedigger GDR-1C Gravedigger,50,Medio,3102,1342,7188999,4,6,0,Inner Sphere,,,,,1,,,,,,,,,,,,,,,,1,,,,,,,,,,,,,,,,,,,,,,,,,,,,,1,,,,10,"10,6",169,2,Estandar,Double,20,,14,28,XL Engine,Compra,NO
Gravedigger GDR-1D Gravedigger,50,Medio,3105,1707,9208000,4,6,0,Mixed,,,,,,,,,,,,,,,,1,,,,,1,,,,,,,,,,,,,,,,,,,,,,,,,1,,,,,,,,11,"10,6",169,2,Estandar,Double,22,,21,30,XL Engine,Compra,NO
Great Wyrm (Aemelia) Great Wyrm,45,Medio,3062,1772,4054345,5,8,0,Clan,,,,,,2,2,1,,,1,,,,,,,,,,,,,,,,,,,,,,,,,,,,,,,,,,,,,,,,,,,12,"9,5",152,2,Estandar,Double,24,,36,33,Fusion Engine,Compra,NO
Great Wyrm 2 Great Wyrm,45,Medio,3069,1667,4470057,5,8,0,Clan,,,,,,,3,,,,,,,,,,,,,,,,,,,,,,,,,,,,,,,,,,,,,,,,,,,,1,,,10,"9,6",153,2,Ferro Fibroso,Double,20,,16,30,Fusion Engine,Compra,NO
Great Wyrm  Great Wyrm,45,Medio,2844,1331,4050182,5,8,0,Clan,,,,,,2,2,,,,,,,,,,,,,1,,,,,,,,,,,,,,,,,,,,,2,,,,,,,,,,,,,10,"7,0",112,2,Estandar,Double,20,,20,30,Fusion Engine,Compra,NO
Grendel (Mongrel)  Grendel (Mongrel),45,Medio,3053,2290,12401837,7,11,7,Clan,,,,,,6,9,2,2,9,1,3,2,1,,1,,,,,2,,,,2,,1,4,,,,,,3,,,,,,,,1,,,,,1,,1,,,,3,10,"9,0",144,2,Ferro Fibroso,Double,20,,264,385,XL Engine,Compra,NO
Griffin C Griffin,55,Medio,3144,2131,14987895,6,9,9,Mixed,,,,,,,,,,,,,,,,1,,,,1,,,,,,,,,,,,,,,,,,,,,,,,,,,,,,,,,,11,"10,5",168,2,Estandar,Double,22,,19,20,XL Engine,Compra,NO
Griffin GRF-1BL Griffin,55,Medio,2492,1272,4924106,5,8,5,Inner Sphere,,,,,,,,,,,,,,,1,,,,,1,,,,,,,,,,,,,,,,,,,,,,,,,,,,,,,,,,12,"9,5",152,2,Estandar,Single,12,,14,20,Fusion Engine,Compra,NO
Griffin GRF-1DS Griffin,55,Medio,3049,1650,10548606,5,8,5,Inner Sphere,,,,,,,,,,,,,,,,1,,,,,,1,,,,,,,,,,,,,,,,,,,,,,,,,,,,,,,,13,"11,6",185,2,Estandar,Double,26,,21,30,XL Engine,Compra,NO
Griffin GRF-1E 'Sparky' Griffin,55,Medio,3035,1449,5037706,5,8,5,Inner Sphere,,,,5,,,,,,,,,,,1,,,,,,,,,,,,,,,,,,,,,,,,,,,,,,,,,,,,,,,13,"10,5",168,2,Estandar,Single,13,,25,35,Fusion Engine,Compra,NO
Griffin GRF-1N Griffin,55,Medio,2492,1272,4924106,5,8,5,Inner Sphere,,,,,,,,,,,,,,,1,,,,,1,,,,,,,,,,,,,,,,,,,,,,,,,,,,,,,,,,12,"9,5",152,2,Estandar,Single,12,,14,20,Fusion Engine,Compra,NO
Griffin GRF-1S Griffin,55,Medio,2857,1253,4767006,5,8,5,Inner Sphere,,,,2,1,,,,,,,,,,,,,,1,,,,,,,,,,,,,,,,,,,,,,,,,,,,,,,,,,,16,"9,5",152,2,Estandar,Single,16,,16,23,Fusion Engine,Compra,NO
Griffin GRF-2N Salazar A Griffin,55,Medio,2751,1631,5804506,5,8,5,Inner Sphere,,,,,,,,,,,,,,,,1,,,,,1,,,,,,,,,,,,,,,,,,,,,,,,,,,,,,,,,11,"11,6",185,2,Ferro Fibroso,Double,22,,20,25,Fusion Engine,Compra,NO
Griffin GRF-2N Salazar B Griffin,55,Medio,2751,1583,5782806,5,8,5,Inner Sphere,,,,,,,,,,,,,,,,1,,,,,1,,,,,,,,,,,,,,,,,,,,,,,,,,,,,,,,,12,"10,6",170,2,Ferro Fibroso,Double,24,,20,25,Fusion Engine,Compra,NO
Griffin GRF-2N Salazar Griffin,55,Medio,2751,1631,5804506,5,8,5,Inner Sphere,,,,,,,,,,,,,,,,1,,,,,1,,,,,,,,,,,,,,,,,,,,,,,,,,,,,,,,,11,"11,6",185,2,Ferro Fibroso,Double,22,,20,25,Fusion Engine,Compra,NO
Griffin GRF-2N-BL Griffin,55,Medio,2751,1592,5720806,5,8,5,Inner Sphere,,,,,,,,,,,,,,,,1,,,,,1,,,,,,,,,,,,,,,,,,,,,,,,,,,,,,,,,12,"11,2",179,2,Ferro Fibroso,Double,24,,20,25,Fusion Engine,Compra,NO
Griffin GRF-2N Griffin,55,Medio,2751,1606,5914756,5,8,5,Inner Sphere,,,,,,,,,,,,,,,,1,,,,,,,,,2,,,,,,,,,,,,,,,,,,,,,,,,,,,,,11,"11,2",179,2,Ferro Fibroso,Double,22,,23,34,Fusion Engine,Compra,NO
Griffin GRF-3BL-M Griffin,55,Medio,3052,1668,10488156,5,8,5,Inner Sphere,,,,,,,,,1,,,,,,,1,,,,,,1,,,,,,,,,,,,,,,,,,,,,,,,,,,,,,,,13,"11,5",184,2,Estandar,Double,26,,23,33,XL Engine,Compra,NO
Griffin GRF-3BM Griffin,55,Medio,3052,1416,10132106,5,8,5,Inner Sphere,,,,,,,,,,,,,,,,1,,,,,1,,,,,,,,,,,,,,,,,,,,,,,,,,,,,,,,,17,"9,5",152,2,Estandar,Single,17,,20,25,XL Engine,Compra,NO
Griffin GRF-3M Griffin,55,Medio,3049,1521,10217744,5,8,5,Inner Sphere,,,1,,,,,,,,,,,,,1,,,,,,1,,,,,,,,,,,,,,,,,,,,,,,,,,,,,,,,13,"10,0",160,2,Estandar,Double,26,,22,33,XL Engine,Compra,NO
Griffin GRF-3N Griffin,55,Medio,3093,1560,5969256,5,8,5,Inner Sphere,,,,,,,,,,,,,,,,1,,,,1,,,,,,,,,,,,,,,,,,,,,,,,,,,,,,,,,,11,"11,2",179,2,Ferro Fibroso,Double,22,,19,20,Fusion Engine,Compra,NO
Griffin GRF-4N Griffin,55,Medio,3083,1591,14555590,6,9,6,Inner Sphere,,,,,,,3,,,,,,,,,,,,,,,,,,,,,,,,,,,,,,,,,,,,,,,,,,,,,,1,10,"9,5",152,2,Ferro Fibroso,Double,20,,25,25,Light Fusion Engine,Compra,NO
Griffin GRF-4R Griffin,55,Medio,3076,1412,14805715,6,9,9,Inner Sphere,,,,,,,1,,,,,,,,,,1,,,,,,,,,,,,,,,,,,,,,,,,,,,,,,,,,,,,,11,"10,5",168,2,Estandar,Double,22,,15,15,XL Engine,Compra,NO
Griffin GRF-5K Griffin,55,Medio,3071,1390,13872740,5,8,8,Inner Sphere,,,,,,,1,,,,,,,,1,,,,,1,,,,,,,,,,,,,,,,,,,,,,,,,,,,,,,,,,10,"10,6",169,2,Ferro Fibroso,Double,20,,19,25,Light Fusion Engine,Compra,NO
Griffin GRF-5L Griffin,55,Medio,3070,1742,11048106,5,8,5,Inner Sphere,,,,3,,,,,,,,,,,,,,,,,,,,,,,,,,,,,,,,,,,,,,,,,,,,,,,,,1,14,"11,5",184,2,Furtivo,Double,28,,19,25,XL Engine,Compra,NO
Griffin GRF-5M Griffin,55,Medio,3066,1224,9936494,5,8,5,Inner Sphere,,,1,,,,,,,,,,,,,,,,,1,,,,,,,,,,,,,,,,,,,,,,,,,,,,,,,1,,,13,"10,0",160,2,Estandar,Double,26,,6,28,XL Engine,Compra,NO
Griffin GRF-6BL Griffin,55,Medio,3067,1828,10982606,5,8,5,Inner Sphere,,,,,,,2,,,,,,,,,1,,,,,1,,,,,,,,,,,,,,,,,,,,,,,,,,,,,,,,,13,"11,5",184,2,Estandar,Double,26,,30,35,XL Engine,Compra,NO
Griffin GRF-6CS Griffin,55,Medio,3067,1695,12112556,5,8,5,Inner Sphere,,,,,,,2,,,,,,,,,1,,,,,1,,,,,,,,,,,,,,,,,,,,,,,,,,,,,,,,,12,"10,0",160,2,Estandar,Double,24,,30,35,XL Engine,Compra,NO
Griffin GRF-6S (Francine II) Griffin,55,Medio,3071,2249,13609790,5,8,5,Inner Sphere,,,,,,,3,,,,,,,,,,1,,,,1,,,,,,,,,,,,,,,,,,,,,,,,,,,,,,,,,10,"11,5",184,2,Estandar,Double,20,,30,40,Light Fusion Engine,Compra,NO
Griffin GRF-6S (Francine) Griffin,55,Medio,3070,1778,9223227,5,8,5,Inner Sphere,,,1,,,,3,,,,,,,,,,1,,,,1,,,,,,,,,,,,,,,,,,,,,,,,,,,,,,,,,10,"11,5",184,2,Estandar,Double,20,,31,43,Light Fusion Engine,Compra,NO
Griffin GRF-6S Griffin,55,Medio,3066,1781,9089540,5,8,5,Inner Sphere,,,,,,,2,,,,,,,,,1,,,,,1,,,,,,,,,,,,,,,,,,,,,,,,,,,,,,,,,10,"11,6",185,2,Estandar,Double,20,,30,35,Light Fusion Engine,Compra,NO
Griffin GRF-6S2 Griffin,55,Medio,3123,1870,9750290,5,8,5,Mixed,,,,,,,1,,,,,,,,,1,,,,,1,,,,,,,,,,,,,,,,,,,,,,,,,,,,,,,,,10,"11,6",185,2,Estandar,Double,20,,25,30,Light Fusion Engine,Compra,NO
Griffin IIC 2 Griffin IIC,40,Medio,2973,1516,4195510,6,9,6,Clan,,,,,,1,,1,,,,,,,,,,,,,,,,,,4,,,,,,,,,,,,,,,,,,,,,,,,,,,,10,"8,4",134,2,Ferro Fibroso,Double,20,,22,27,Fusion Engine,Compra,NO
Griffin IIC 3 Griffin IIC,40,Medio,3056,1532,4445760,6,9,6,Clan,,,,,,,,1,,,,1,2,,,,,,,,,,,,,2,,,,,,,,,,,,,,,,,,,,,,,,,,,,10,"8,4",134,2,Ferro Fibroso,Double,20,,33,42,Fusion Engine,Compra,NO
Griffin IIC 4 Griffin IIC,40,Medio,3058,1475,4368510,6,9,6,Clan,,,,,,1,,1,,,,,,,,,,,,,,,,,,,,,,,,,2,,,,,,,,,,,,,,,,,,,,,10,"8,4",134,2,Ferro Fibroso,Double,20,,18,23,Fusion Engine,Compra,NO
Griffin IIC 5 Griffin IIC,40,Medio,3071,1344,4944560,6,9,7,Clan,,6,,,,1,,1,,,,,,,,,,,,,,,,,,,,,,,,,,,,,,,,,,,,,,,,,,,,,,10,"8,4",134,2,Ferro Fibroso,Double,20,,14,23,Fusion Engine,Compra,NO
Griffin IIC 6 Griffin IIC,40,Medio,3073,1468,5144226,5,8,8,Clan,,,,,,,,,,,,,,1,,,,,,,,,,,,,,,,,,,2,,,,,,,,,,,,,,,,,,,,,10,"6,6",105,2,Ferro Fibroso,Double,20,,22,28,Fusion Engine,Compra,NO
Griffin IIC 7 Griffin IIC,40,Medio,3083,1952,8141693,7,11,7,Clan,,,,,,,,,,2,,,,,,,,,,1,,,,,,,,1,,,,,,,,,,,,,,,,,,,,,,,,,,10,"7,8",124,2,Ferro Fibroso,Double,20,,16,34,XL Engine,Compra,NO
Griffin IIC 8 Griffin IIC,40,Medio,3078,1736,9126560,6,9,9,Clan,,,,,,,,1,,,,,2,,,,,,,,,,,,,2,,,,,,,,,,,,,,,,,,,,,,,,,,,,10,"8,4",134,2,Ferro Fibroso,Double,20,,30,36,XL Engine,Compra,NO
Griffin IIC  Griffin IIC,40,Medio,2852,1608,4231510,6,9,6,Clan,,,,,,1,,1,,,,,,,,,,,4,,,,,,,,,,,,,,,,,,,,,,,,,,,,,,,,,,,10,"8,4",134,2,Ferro Fibroso,Double,20,,22,31,Fusion Engine,Compra,NO
Grigori C-GRG-O Grigori,60,Pesado,3069,1245,12456600,4,6,4,Inner Sphere,,,,,,7,13,,,3,,,,,3,2,1,3,,1,1,,,,,,1,3,3,1,,,,,,,,,,,,,,,,,,,,,,,1,10,"11,6",186,2,Ferro Fibroso,Double,20,,258,338,Light Fusion Engine,Compra,NO
Grim Reaper GRM-R-PR29 Grim Reaper,55,Medio,3052,1469,10162656,5,8,0,Inner Sphere,,,,,,,,1,,1,,,,,,,,,,,,1,,,1,,,,,,,,,,,,,,,,,,,,,,,,,,,,,10,"11,6",185,2,Ferro Fibroso,Double,20,,26,46,XL Engine,Compra,NO
Grim Reaper GRM-R-PR30 Grim Reaper,55,Medio,3066,1673,11960406,5,8,0,Inner Sphere,,,,,,,1,,,,,,,,,1,,,,,1,,,,,,,1,,,,,,,,,,,,,,,,,,,,,,,,,,10,"11,6",185,2,Ferro Fibroso,Double,20,,29,42,XL Engine,Compra,NO
Grim Reaper GRM-R-PR31 Grim Reaper,55,Medio,3066,1655,11872694,5,8,0,Inner Sphere,,,,,,1,1,,,,,,,,,1,,,,,,1,,,,,,,,,,,,,,,,,,,,,,,,,,,,,,,,12,"11,6",185,2,Ferro Fibroso,Double,24,,28,38,XL Engine,Compra,NO
Grizzly 2 Grizzly,70,Pesado,3063,2195,7379753,4,6,4,Clan,,,,,,,,1,,,,,,,,,,,,,,,,,,,,,,,,,,,1,,,,,,,,,,,,,,,,1,,,11,"13,0",208,2,Estandar,Double,22,,19,41,Fusion Engine,Compra,NO
Grizzly  Grizzly,70,Pesado,2997,2219,7031953,4,6,4,Clan,,,,,,,,,1,1,1,,,,,,,,,1,,,,,,,,,,,,,,,,,,,,,,,,,,,,,,,1,,,11,"13,0",208,2,Estandar,Double,22,,21,43,Fusion Engine,Compra,NO
Grommet D90 MilitiaMech Grommet,75,Pesado,3039,836,3857375,3,5,0,Inner Sphere,3,,,,1,,,,,,,,,,,,,,,,,,,,,,,,,,,,,,,,,1,,,,,,,,,,,,,,,,11,"9,5",152,2,Estandar,Single,11,,18,19,Fusion Engine,Compra,NO
Guillotine GLT-3N Guillotine,70,Pesado,2499,1418,6281583,4,6,4,Inner Sphere,,,,4,1,,,,,,,,,,,,,,,,,,,,1,,,,,,,,,,,,,,,,,,,,,,,,,,,,,25,"12,0",192,2,Estandar,Single,25,,24,40,Fusion Engine,Compra,NO
Guillotine GLT-4L Salazar Mk II Guillotine,70,Pesado,3070,1709,6604783,4,6,4,Inner Sphere,,,,7,,,,,,,,,,,,1,,,,,,,,,,,,,,,,,,,,,,,,,,,,,,,,,,,,,,20,"13,0",208,2,Estandar,Double,40,,36,45,Fusion Engine,Compra,NO
Guillotine GLT-4L Salazar Mk III Guillotine,70,Pesado,3070,1709,6519783,4,6,4,Inner Sphere,,,,8,,,,1,,,,,,,,,,,,,,,,,,,,,,,,,,,,,,,,,,,,,,,,,,,,,,20,"13,6",217,2,Estandar,Double,40,,36,48,Fusion Engine,Compra,NO
Guillotine GLT-4L Salazar Guillotine,70,Pesado,2825,1454,6060583,4,6,4,Inner Sphere,,,,6,1,,,,,,,,,,,,,,,,,,1,,,,,,,,,,,,,,,,,,,,,,,,,,,,,,,22,"12,0",192,2,Estandar,Single,22,,28,42,Fusion Engine,Compra,NO
Guillotine GLT-4L Guillotine,70,Pesado,2825,1400,6043583,4,6,4,Inner Sphere,,,,4,1,,,,,,,,,,,,,,,,,,,,1,,,,,,,,,,,,,,,,,,,,,,,,,,,,,22,"12,0",192,2,Estandar,Single,22,,24,40,Fusion Engine,Compra,NO
Guillotine GLT-4LN Salazar Guillotine,70,Pesado,2825,1501,6036983,4,6,4,Inner Sphere,,,,6,1,,,,,,,,,,,,,,,,,,,,,,,,,,,,,,,,,,,,,,,,,,,,,,,,,23,"13,0",208,2,Estandar,Single,23,,26,38,Fusion Engine,Compra,NO
Guillotine GLT-4P Guillotine,70,Pesado,2833,1376,6179583,4,6,4,Inner Sphere,,,,4,,,,,,,,,,,1,,,,,,,,,,1,,,,,,,,,,,,,,,,,,,,,,,,,,,,,22,"10,0",160,2,Estandar,Single,22,,26,42,Fusion Engine,Compra,NO
Guillotine GLT-5M Guillotine,70,Pesado,3049,1472,6451583,4,6,4,Inner Sphere,,,,4,,,,1,,,,,,,,,,,,,,,,,1,,,,,,,,,,,,,,,,,,,,,,,,,,,,,25,"12,0",192,2,Estandar,Single,25,,28,40,Fusion Engine,Compra,NO
Guillotine GLT-6WB Guillotine,70,Pesado,3068,1672,9738983,4,6,4,Inner Sphere,,,,,,,4,,,,,,,,,,,1,,,1,,,,,,,,,,,,,,,,,,,,,,,,,,,,,,,,,11,"12,3",197,2,Ferro Fibroso,Double,22,,40,50,Fusion Engine,Compra,NO
Guillotine GLT-6WB2 Guillotine,70,Pesado,3070,1635,18414783,4,6,6,Inner Sphere,,,,,,,2,,,,,,,,2,,,,1,,,,,,,,,,,,,,,,,,,,,,,,,,,,,,,,1,,,10,"11,5",184,2,Estandar,Double,20,,33,50,XL Engine,Compra,NO
Guillotine GLT-6WB3 Guillotine,70,Pesado,3080,1741,9228983,4,6,4,Inner Sphere,,,,,,,4,,,,,,,,,,,1,,,1,,,,,,,,,,,,,,,,,,,,,,,,,,,,,,,,,11,"12,3",197,2,Ferro Fibroso,Double,22,,40,50,Fusion Engine,Compra,NO
Guillotine GLT-8D Guillotine,70,Pesado,3062,1891,7326883,4,6,4,Inner Sphere,,,,,,,4,2,,,,,,,,,,,,,,,,,,,,1,,,,,,,,,,,,,,,,,,,,,,,,,,14,"12,5",200,2,Estandar,Double,28,,48,48,Fusion Engine,Compra,NO
Guillotine IIC 2 Guillotine IIC,70,Pesado,3070,2721,9031983,4,6,6,Clan,,,,,,,4,,,,,,,,,1,,,,,,,,,,,1,,,,,,,,,,,,,,,,,,,,,,,,,,,16,"13,6",217,2,Ferro Fibroso,Double,32,,38,38,Fusion Engine,Compra,NO
Guillotine IIC  Guillotine IIC,70,Pesado,2889,2377,7334733,4,6,4,Clan,,,,,,,2,,,,2,,,,,1,,,,,,,,,1,,,,,,,,,,,,,,,,,,,,,,,,,,,,,16,"12,0",192,2,Estandar,Double,32,,49,50,Fusion Engine,Compra,NO
Gùn GN-2O Gùn,20,Ligero,3134,775,2087500,5,8,0,Inner Sphere,,,,,,,2,1,,,,,,,,,,1,,,,,,,,,,,,,,,,,,,,,,,,,,,,,,,,,,,1,10,"3,5",56,2,Estandar,Double,20,,47,43,Fusion Engine,Compra,NO
Gunslinger GUN-1ERD (Jared) Gunslinger,85,Asalto,3063,1813,17017512,3,5,0,Inner Sphere,,,1,4,,,,,,2,,,,,,,,,,,2,,,,,,4,,,,,,,,,,,,,,,,,,,,,,,,,,,13,"16,4",263,2,Estandar,Double,26,,43,97,XL Engine,Compra,NO
Gunslinger GUN-1ERD Gunslinger,85,Asalto,3053,2286,16682012,3,5,2,Inner Sphere,,,1,4,,,,,,2,,,,,,,,,,,,,,,,,,,,,,,,,,,,,,,,,,,,,,,,,2,,,10,"15,5",248,2,Estandar,Double,20,,23,65,XL Engine,Compra,NO
Gunslinger GUN-2ERD Gunslinger,85,Asalto,3062,2423,19297450,3,5,3,Inner Sphere,,,,,,,4,,,,,,,,,,,,,,,,,,,,,,,,,,,,,,,,,,,,,,,,,,,,2,,,10,"15,5",248,2,Estandar,Double,20,,22,50,XL Engine,Compra,NO
Gunslinger GUN-2ERDr Gunslinger,85,Asalto,3078,2371,21723262,3,5,3,Inner Sphere,,,,,,1,4,,,,,,,,,,,,,,,,,,,,,,,,,,,,,,,,,,,,,,,,,,,,2,,,10,"15,5",248,2,Estandar,Double,20,,24,53,XL Engine,Compra,NO
Gunsmith CH11-NG Gunsmith,25,Ligero,3131,1465,15641666,10,15,0,Inner Sphere,,,,,,,,,,,,,,,,,,,,,,,,,,,,,,,,,,,,,,,,,,,,,,,,,,,,,,10,"5,5",88,2,Estandar,Double,20,,0,0,XXL Engine,Compra,NO
Gurkha GUR-2G Gurkha,35,Ligero,3063,1101,6646410,7,11,0,Inner Sphere,,,,,,4,,,,,,,,,,1,,,,,,,,,,,,,,,,,,,,,,,,,,,,,,,,,,,,,,10,"7,4",119,2,Estandar,Double,20,,23,22,XL Engine,Compra,NO
Gurkha GUR-4G Gurkha,35,Ligero,3065,908,6477660,7,11,0,Inner Sphere,,,,,,4,,,,,1,,,,,,,,,,,,,,,,,,,,,,,,,,,,,,,,,,,,,,,,,,,10,"7,4",119,2,Estandar,Double,20,,18,21,XL Engine,Compra,NO
Gurkha GUR-6G Gurkha,35,Ligero,3067,1134,6713572,7,11,0,Inner Sphere,,,,,,3,2,1,,,,,,,,,,,,,,,,,,,,,,,,,,,,,,,,,,,,,,,,,,,,,,11,"7,0",112,2,Estandar,Double,22,,28,27,XL Engine,Compra,NO
Gurkha GUR-8G Gurkha,35,Ligero,3069,1241,7572847,7,11,0,Inner Sphere,,,,,,1,3,,,,,,,,,,1,,,,,,,,,,,,,,,,,,,,,,,,,,,,,,,,,,,,,10,"7,4",119,2,Estandar,Double,20,,27,28,XL Engine,Compra,NO
Gyrfalcon 2 Gyrfalcon,55,Medio,3112,2105,11698241,5,8,5,Clan,,,,,,,,2,,,,,,,,,,,,,,,,,,,,,,,,,,,,,,,,,,,,,2,,,,,,,,,13,"9,0",144,2,Ferro Fibroso,Single,13,,26,20,XL Engine,Compra,NO
Gyrfalcon 3 Gyrfalcon,55,Medio,3112,2228,11690291,5,8,5,Mixed,,,,,,,,2,,,,,,,,,,,,,,,,,,,,,,,,,,,,,,,,,2,,,,,,,,,,,,,10,"9,0",144,2,Ferro Fibroso,Single,10,,26,20,XL Engine,Compra,NO
Gyrfalcon 4 Gyrfalcon,55,Medio,3112,3716,13800941,5,8,5,Mixed,,,,,,,,2,,,,,,,,,,,,,,,,,,,,,,,,,,,,,,,,,,,,,,,,,,,,,,13,"9,0",144,2,Ferro Fibroso,Single,13,,24,16,XL Engine,Compra,NO
Gyrfalcon  Gyrfalcon,55,Medio,3112,2367,11943141,5,8,5,Clan,,,,,,,,2,,,,,,,,,,,,,,,,,,,,,,,,,,,,,,,,,,,,,2,,,,,,,,,11,"9,0",144,2,Estandar,Single,11,,26,20,XL Engine,Compra,NO
Ha Otoko 2 Ha Otoko,65,Pesado,3074,2348,12658010,4,6,0,Clan,,,,,,,4,,,,,,,,,,,,,1,,,,,,,,,,,,,,,,,,,,,,,,,,,,,,,,,1,13,"13,0",208,2,Estandar,Double,26,,31,30,XL Engine,Compra,NO
Ha Otoko 3 Ha Otoko,65,Pesado,3082,2206,7497710,4,6,0,Clan,,,,,,,1,1,,,,,,,,,,,,,,2,,,,,,,,,,,,,,,,,,,,,,,,,,,,,2,,,13,"13,0",208,2,Estandar,Double,26,,31,83,Fusion Engine,Compra,NO
Ha Otoko HKO-1C Ha Otoko,65,Pesado,3060,1288,11520560,4,6,0,Inner Sphere,,,,,,,,,,,,,,,,,,,,2,,2,,,,,,,,,,,,,,,,,,,,,,,,,,,,,,,,10,"9,5",152,2,Estandar,Double,20,,20,60,XL Engine,Compra,NO
Ha Otoko  Ha Otoko,65,Pesado,3060,1873,6302210,4,6,0,Clan,,,,,,,,,,,,,,,,,,,,2,,2,,,,,,,,,,,,,,,,,,,,,,,,,,,,,,,,13,"13,0",208,2,Estandar,Single,13,,20,60,Fusion Engine,Compra,NO
Hammer HMR-3C 'Claw-Hammer' Hammer,30,Ligero,3056,976,2515440,5,8,0,Inner Sphere,,,,7,,,,,,,,,,,,,,,1,,,,,,,,,,,,,,,,,,,,,,,,,,,,,,,,,,,11,"6,0",96,2,Estandar,Double,22,,23,40,Fusion Engine,Compra,NO
Hammer HMR-3M Hammer,30,Ligero,3053,787,2453240,5,8,0,Inner Sphere,,,,3,,,,,,,,,,,,,,,2,,,,,,,,,,,,,,,,,,,,,,,,,,,,,,,,,,,11,"6,0",96,2,Estandar,Single,11,,13,25,Fusion Engine,Compra,NO
Hammer HMR-3P 'Pein-Hammer' Hammer,30,Ligero,3060,827,2517240,5,8,0,Inner Sphere,,,,,,,2,,2,,,,,,,,,,,,,,,,,,2,,,,,,,,,,,,,,,,,,,,,,,,,,,10,"6,0",96,2,Estandar,Double,20,,20,32,Fusion Engine,Compra,NO
Hammer HMR-3S 'Slammer' Hammer,30,Ligero,3054,638,2469240,5,8,0,Inner Sphere,,,,1,,,,,,,,,,,,,,,2,,,,,,,,,,,,,,,,,,,,,,,,,,,,,,,,,,,11,"6,0",96,2,Estandar,Single,11,,7,15,Fusion Engine,Compra,NO
Hammerhands HMH-3D Hammerhands,75,Pesado,2475,1381,6169000,3,5,3,Inner Sphere,,,,2,,,,,,,,,,,,,,,,,,,,,1,,,,,,,,,,,,,,2,,,,,,,,,,,,,,,13,"11,5",184,2,Estandar,Single,13,,16,42,Fusion Engine,Compra,NO
Hammerhands HMH-4D-BL Hammerhands,75,Pesado,3070,1577,7315250,3,5,0,Inner Sphere,,,,,,,2,,,,,,,,,1,,,,,,,,,,,,,,,,,,,,,,,,,,,,,,,2,,,,,,,15,"12,5",200,2,Estandar,Double,30,,29,40,Fusion Engine,Compra,NO
Hammerhands HMH-4D Hammerhands,75,Pesado,2492,1356,6115750,3,5,0,Inner Sphere,,,,2,,,,,,,,,,,1,,,,,,,,,,,,,,,,,,,,,,,,2,,,,,,,,,,,,,,,13,"11,5",184,2,Estandar,Single,13,,22,40,Fusion Engine,Compra,NO
Hammerhands HMH-5D Hammerhands,75,Pesado,3071,1496,8244625,3,5,5,Inner Sphere,,,,,,,2,,,,,,,,,,,,,,,,,,,,,,,,,,,,,,,,2,,,,,,,,,,,,,,,10,"11,8",188,2,Ferro Fibroso,Double,20,,16,30,Fusion Engine,Compra,NO
Hammerhands HMH-6D Hammerhands,75,Pesado,3072,2139,10125875,3,5,5,Inner Sphere,,,,2,,,,,,,,,,,,,,,,,,,,,,,,,,,,,,,,,,,,,,,,,,,,,,2,,,,10,"10,5",168,2,Estandar,Double,20,,8,20,Fusion Engine,Compra,NO
Hammerhands HMH-6E Hammerhands,75,Pesado,3077,2204,10506375,3,5,5,Inner Sphere,,,,2,,,,,,,,,,,,,,,,,,,,,,,,,,,,,,,,,,,,,,,,,,,,,,2,,,,10,"10,5",168,2,Estandar,Double,20,,8,20,Fusion Engine,Compra,NO
Hammerhead  Hammerhead,45,Medio,3150,1686,7981440,6,9,0,Clan,,,,,,,1,,,,1,,,,,,,,,,,,,,,,,1,,,,,,,,,,,,,,,,,,,,,,,,,,10,"7,5",120,2,Estandar,Double,20,,19,26,XL Engine,Compra,NO
Hankyu (Arctic Cheetah)  Hankyu (Arctic Cheetah),30,Ligero,3037,1334,7220237,8,12,6,Clan,8,2,,,,,7,1,1,5,,2,3,,,,,,4,2,,,,,,,,2,,,,,,,,,,,,,,,,,1,,,,,,,,,10,"4,8",76,2,Ferro Fibroso,Double,20,,145,204,XL Engine,Compra,NO
Haptmann SLZ Mk I Haptmann SLZ,95,Asalto,3070,2231,13057953,3,5,0,Inner Sphere,,,,,,1,,,,2,,,,,,2,,,,,,,,,,,,,,,,,,,,,,,,,,,,,,,,1,,,,,,11,"18,3",293,2,Estandar,Double,22,,46,55,Fusion Engine,Compra,NO
Haptmann SLZ Mk II Haptmann SLZ,95,Asalto,3070,2231,11858593,3,5,3,Inner Sphere,,,,,,1,4,,,2,,,,,,2,,,,,,,,,,,,2,,,,,,,,,,,,,,,,,,,,1,,,1,,,11,"18,3",293,2,Estandar,Double,22,,75,114,Fusion Engine,Compra,NO
Haptmann SLZ Mk III Haptmann SLZ,95,Asalto,3070,2171,9041906,3,5,3,Inner Sphere,,,,4,,2,4,2,,4,,,,,,,,,,,,1,,,,,,2,,,,,,,,,,,,,,,,,,,,1,,,1,1,,11,"18,3",293,2,Estandar,Double,22,,98,190,Fusion Engine,Compra,NO
Harvester Ant KIC-3 (LRM) Harvester Ant,20,Ligero,2801,214,821700,3,5,0,Inner Sphere,,,,,,,,,,,,,,,,,,,2,,,,,,,,,,,,,,,,,,,,,,,,,,,,,,,,,,,2,"3,0",48,4,Estandar,Single,2,,4,10,I.C.E. Engine,Compra,NO
Harvester Ant KIC-3 (MG) Harvester Ant,20,Ligero,2801,127,788200,3,5,0,Inner Sphere,,4,,,,,,,,,,,,,,,,,,,,,1,,,,,,,,,,,,,,,,,,,,,,,,,,,,,,,2,"3,0",48,4,Estandar,Single,2,,2,12,I.C.E. Engine,Compra,NO
Harvester Ant KIC-3 AgroMech Harvester Ant,20,Ligero,2650,143,777000,3,5,0,Inner Sphere,,,,,,,,,,,,,,,,,,,,,,,,,,,,,,,,,,,,,,,,,,,,,,,,,,,,,,0,"3,0",48,4,Estandar,Single,0,,0,0,I.C.E. Engine,Compra,NO
Harvester Ant KIC-3 Harvester Ant,20,Ligero,2650,143,777000,3,5,0,Inner Sphere,,,,,,,,,,,,,,,,,,,,,,,,,,,,,,,,,,,,,,,,,,,,,,,,,,,,,,0,"3,0",48,4,Estandar,Single,0,,0,0,I.C.E. Engine,Compra,NO
Harvester Ant KIC-3M AgroMech MOD Harvester Ant,20,Ligero,2801,127,788200,3,5,0,Inner Sphere,,4,,,,,,,,,,,,,,,,,,,,,1,,,,,,,,,,,,,,,,,,,,,,,,,,,,,,,2,"3,0",48,4,Estandar,Single,2,,2,12,I.C.E. Engine,Compra,NO
Harvester Ant KIC-3M-B AgroMech MOD Harvester Ant,20,Ligero,2801,214,821700,3,5,0,Inner Sphere,,,,,,,,,,,,,,,,,,,2,,,,,,,,,,,,,,,,,,,,,,,,,,,,,,,,,,,2,"3,0",48,4,Estandar,Single,2,,4,10,I.C.E. Engine,Compra,NO
Harvester HVR-99 AgroMech Harvester,30,Ligero,3049,339,1232380,4,6,0,Inner Sphere,,,,,,,,,,,,,,,,,,,,,,,,,,,,,,,,,,,,,,,,,,,,,,,,,,,,,,0,"5,0",80,2,Estandar,Single,0,,0,0,I.C.E. Engine,Compra,NO
Hatamoto-Chi HTM-26T Hatamoto-Chi,80,Asalto,3039,1536,7792320,4,6,0,Inner Sphere,,,,,,,,,,,,,,,2,,,,,,,,,,2,,,,,,,,,,,,,,,,,,,,,,,,,,,,,17,"14,5",232,2,Estandar,Single,17,,28,44,Fusion Engine,Compra,NO
Hatamoto-Chi HTM-27T (Daniel II) Hatamoto-Chi,80,Asalto,3052,1661,10538920,3,5,0,Inner Sphere,,,,,,,,,,,,,,,,,,,,,,,,,,,,2,,,,,,,,,,,,,,,,,,,2,,,,,,,10,"15,4",247,2,Estandar,Single,10,,12,44,Fusion Engine,Compra,NO
Hatamoto-Chi HTM-27T Hatamoto-Chi,80,Asalto,3042,1607,8193720,4,6,0,Inner Sphere,,,,,,,,,,,,,,,2,,,,,,,,,,2,,,,,,,,,,,,,,,,,,,,,,,,,,,,,18,"15,4",247,2,Estandar,Single,18,,28,44,Fusion Engine,Compra,NO
Hatamoto-Chi HTM-28T (Shin) Hatamoto-Chi,80,Asalto,3060,2213,9775320,3,5,3,Inner Sphere,,,,,,,,,,6,,,,,,,,,,,,,,,,,,,,,,,,,,,,,,,,,,,,,,,,,1,,,10,"15,4",247,2,Estandar,Double,20,,25,51,Fusion Engine,Compra,NO
Hatamoto-Chi HTM-28T Hatamoto-Chi,80,Asalto,3059,2039,8397000,3,5,3,Inner Sphere,,,,,,,2,,,,,,,,,2,,,,,,,,,,,,2,,,,,,,,,,,,,,,,,,,,,,,,,,17,"15,4",247,2,Estandar,Double,34,,48,54,Fusion Engine,Compra,NO
Hatamoto-Chi HTM-28Tr Hatamoto-Chi,80,Asalto,3071,2034,8703000,3,5,3,Inner Sphere,,,,,,,2,,,,,,,,,2,,,,,,,,,,,1,1,,,,,,,,,,,,,,,,,,,,,,,,,,17,"15,4",247,2,Estandar,Double,34,,47,50,Fusion Engine,Compra,NO
Hatamoto-Godai HTM-30Z Hatamoto-Godai,80,Asalto,3140,1899,21391620,3,5,0,Mixed,,,,,,,2,,,,,,,,,,,,,,1,,,,,,,,,,,,,,,,,,,,,,,,,,,,,,,,,10,"13,1",210,2,Estandar,Double,20,,15,25,Fusion Engine,Compra,NO
Hatamoto-Hi HTM-27U Hatamoto-Hi,80,Asalto,3047,1627,8107320,4,6,0,Inner Sphere,,,,,,,,,,4,,,,,2,,,,,,,,,,,,,,,,,,,,,,,,,,,,,,,,,,,,,,,19,"15,4",247,2,Estandar,Single,19,,36,44,Fusion Engine,Compra,NO
Hatamoto-Hi HTM-C Hatamoto-Hi,80,Asalto,3050,1627,8553720,4,6,0,Inner Sphere,,,,,,,,,,4,,,,,2,,,,,,,,,,,,,,,,,,,,,,,,,,,,,,,,,,,,,,,18,"15,4",247,2,Estandar,Single,18,,36,44,Fusion Engine,Compra,NO
Hatamoto-Hi HTM-CM Hatamoto-Hi,80,Asalto,3050,1573,10587720,4,6,0,Inner Sphere,,,,,,,,,,2,,,,,2,,,,,,,,,,,,,,,,,,,,,,,,,,,,,,,,,,,,,,,18,"15,4",247,2,Estandar,Single,18,,28,32,Fusion Engine,Compra,NO
Hatamoto-Kaeru HTM-35K Hatamoto-Kaeru,80,Asalto,3076,1906,22429440,4,6,4,Inner Sphere,,,,5,,,,,,,,,,,,,2,,,,2,,,,,,,,,,,,,,,,,,,,,,,,,,,,,,,,,10,"15,4",247,2,Ferro Fibroso,Double,20,,45,75,XL Engine,Compra,NO
Hatamoto-Kaze HTM-27V Hatamoto-Kaze,80,Asalto,3048,1595,8079720,4,6,0,Inner Sphere,,,,,,,,,,,,,,,2,,,,2,,,,,,,,,,,,,,,,,,,,,,,,,,,,,,,,,,,18,"15,4",247,2,Estandar,Single,18,,24,30,Fusion Engine,Compra,NO
Hatamoto-Ku HTM-27W Hatamoto-Ku,80,Asalto,3048,1563,7901220,4,6,0,Inner Sphere,,,,,,,,,,,,,,,2,,,,,,,,,,,,,,,,,,,,,,,1,,,,,,,,,,,,,,,,18,"15,4",247,2,Estandar,Single,18,,21,25,Fusion Engine,Compra,NO
Hatamoto-Mizo HTM-27Y Hatamoto-Mizo,80,Asalto,3050,1675,8046120,4,6,0,Inner Sphere,,,,,,,,1,,,,,,,2,,,,,,,,,,,,,,,,,,,,,,,,,,,,,,,,,,,,,,,22,"15,4",247,2,Estandar,Single,22,,32,28,Fusion Engine,Compra,NO
Hatamoto-Suna HTM-30S Hatamoto-Suna,80,Asalto,3138,2086,8212620,3,5,0,Inner Sphere,,,,,,,1,,,,,,,,,,,,,,,,,,,,,,,2,,,,,,,,,,,,,,,,,,,,,1,,,10,"13,1",210,2,Estandar,Double,20,,18,60,Fusion Engine,Compra,NO
Hatchetman HCT-3F Salazar Mk II Hatchetman,45,Medio,3056,1082,3719640,4,6,4,Inner Sphere,,,,2,,,,,,,,,,,,,,,,,,,,,,,,,,,,,,,,,,,,,,,,,,,1,,,,,,,10,"9,6",153,2,Estandar,Double,20,,8,20,Fusion Engine,Compra,NO
Hatchetman HCT-3F Salazar Mk III Hatchetman,45,Medio,3056,1201,3477390,4,6,4,Inner Sphere,,,,3,,,,,,,,,,,,1,,,,,,,,,,,,,,,,,,,,,,,,,,,,,,,,,,,,,,14,"9,5",152,2,Estandar,Double,28,,24,25,Fusion Engine,Compra,NO
Hatchetman HCT-3F Salazar Hatchetman,45,Medio,3023,854,3123990,4,6,4,Inner Sphere,,,,2,,,,,,,,,,,,,,,,,,,,,,,,,,,,,,,,,,,1,,,,,,,,,,,,,,,11,"6,5",104,2,Estandar,Single,11,,9,20,Fusion Engine,Compra,NO
Hatchetman HCT-3F Hatchetman,45,Medio,3023,854,3123990,4,6,4,Inner Sphere,,,,2,,,,,,,,,,,,,,,,,,,,,,,,,,,,,,,,,,,1,,,,,,,,,,,,,,,11,"6,5",104,2,Estandar,Single,11,,9,20,Fusion Engine,Compra,NO
Hatchetman HCT-3NH Hatchetman,45,Medio,3023,835,3110940,4,6,4,Inner Sphere,,,,2,,,,,,,,,,,,,,,,,,,,,,,,,,,,,,,,,,,1,,,,,,,,,,,,,,,14,"6,5",104,2,Estandar,Single,14,,9,20,Fusion Engine,Compra,NO
Hatchetman HCT-5D Hatchetman,45,Medio,3062,1012,5808340,4,6,4,Inner Sphere,,,,,,,1,,,,,,,,,,,,,,,,,,,,,,,,,,,,,,,,,,,,1,,,,,,,,,,,10,"7,0",112,2,Estandar,Double,20,,9,15,XL Engine,Compra,NO
Hatchetman HCT-5DD Hatchetman,45,Medio,3065,1112,6944540,5,8,5,Inner Sphere,,,,,,,1,,,,,,,,,,,,,,,,,,,,,,,,,,,,,,,,,,,,,,,,,,1,,,,,10,"9,6",153,2,Estandar,Double,20,,6,7,XL Engine,Compra,NO
Hatchetman HCT-5K Hatchetman,45,Medio,3075,1070,6251090,4,6,4,Inner Sphere,,,,,,,1,,,2,,,,,,,,,,,,,,,,,,,,,1,,,,,,,,,,,,,,,,,,,,,,,10,"9,0",144,2,Estandar,Double,20,,23,47,XL Engine,Compra,NO
Hatchetman HCT-5S (Austin) Hatchetman,45,Medio,3059,1174,5540840,4,6,4,Inner Sphere,,,,,,,3,,,,,,,,,,,,,,,,,,,,,,,,,,,,,,,,,,,,,,,,1,,,,,,,10,"9,5",152,2,Ferro Fibroso,Double,20,,17,25,Light Fusion Engine,Compra,NO
Hatchetman HCT-5S Hatchetman,45,Medio,3049,1039,6129840,4,6,4,Inner Sphere,,,,,,,,,,3,,,,,,,,,,,,,,,,,,,,,,,,,,,,,,,,,,,,,1,,,,,,,10,"9,5",152,2,Ferro Fibroso,Single,10,,14,28,XL Engine,Compra,NO
Hatchetman HCT-6D Hatchetman,45,Medio,3062,1611,7657090,5,8,5,Inner Sphere,,,,,,,3,,,,,,,,,,,,,,,,,,,,,,,,,,,,,,,,,,,,,,,,,,,1,,,,10,"9,5",152,2,Estandar,Double,20,,16,20,XL Engine,Compra,NO
Hatchetman HCT-6M Hatchetman,45,Medio,3084,1274,6208320,4,6,4,Inner Sphere,,,,,,,,,,3,,,,,,,,1,,,,,,,,,,,,,,,,,,,,,,,,,,,,,,,,,,,,11,"9,5",152,2,Ferro Fibroso,Double,22,,27,33,XL Engine,Compra,NO
Hatchetman HCT-6S Hatchetman,45,Medio,3064,1174,5540840,4,6,4,Inner Sphere,,,,,,,3,,,,,,,,,,,,,,,,,,,,,,,,,,,,,,,,,,,,,,,,1,,,,,,,10,"9,5",152,2,Ferro Fibroso,Double,20,,17,25,Light Fusion Engine,Compra,NO
Hatchetman HCT-7S Hatchetman,45,Medio,3084,1243,9009040,5,8,5,Inner Sphere,,,,,,,2,,,,,,,,,,,,,,,,,,,,,,,,,,,,,,,,,,,,,,,,,,,,,,,10,"9,5",152,2,Ferro Fibroso,Double,20,,10,10,Light Fusion Engine,Compra,NO
Hauptmann HA1-BL Hauptmann,95,Asalto,3060,2157,12720734,3,5,3,Inner Sphere,,,,,,3,10,2,,5,,,,,,3,,2,,,3,1,,,,2,,2,,,,,,,,,,,,,,,,3,,,,1,,,3,2,2,11,"18,3",293,2,Estandar,Double,22,,263,457,Fusion Engine,Compra,NO
Hauptmann HA1-O Hauptmann,95,Asalto,3060,2157,12720734,3,5,3,Inner Sphere,,,,,,3,8,2,,6,,,,,,3,,2,,,3,1,,,2,2,,,,,,,,,,,,,,,,,,3,,,,1,,,3,2,2,11,"18,3",293,2,Estandar,Double,22,,257,453,Fusion Engine,Compra,NO
Hauptmann Salazar Prime Hauptmann Salazar,95,Asalto,3070,2171,10337687,3,5,0,Inner Sphere,,,,,,1,,2,,4,,,,,,,,,,,,,,,,,,,,,,,,,,,,,,,,,,,,,,1,,,,,,17,"18,3",293,2,Estandar,Double,34,,48,63,Fusion Engine,Compra,NO
Havoc HVC-P6 Havoc,35,Ligero,3112,1255,6704010,8,12,5,Inner Sphere,,,,,,,4,,,,,,,,,,,,,,,,,1,,,,,,,,,,,,,,,,,,,,,,,,,,,,,,11,"7,2",116,2,Ferro Fibroso,Double,22,,23,28,XL Engine,Compra,NO
HawkWolf HWK-4F HawkWolf,80,Asalto,3100,1428,7842600,4,6,0,Inner Sphere,,,,,,,,,,,,,,,,,,,,,2,,,,,,,,,,,,,,,,,,,,,,,,,,,,,,,,,14,"12,0",192,2,Estandar,Single,14,,10,30,Fusion Engine,Compra,NO
Heavy Lifter HCL-1 CargoMech Heavy Lifter,60,Pesado,3066,667,3617899,4,6,0,Inner Sphere,,,,,,,,,,,,,,,,,,,,,,,,,,,,,,,,,,,,,,,,,,,,,,,,,,,,,,10,"9,7",155,4,Estandar,Single,10,,0,0,Fusion Engine,Compra,NO
Hector HOR-1B Hector,70,Pesado,2471,949,5986133,4,6,0,Inner Sphere,,2,,,2,,,,,,,,,,,,,,,,,,,,,,,,,,,,,,,,,,,,,,,,,,,,,,,,,13,"8,0",128,2,Estandar,Single,13,,16,20,Primitive Fusion Engine,Compra,NO
Hector HOR-1C Hector,70,Pesado,2476,993,6009783,4,6,0,Inner Sphere,,,2,,2,,,,,,,,,,,,,,,,,,,,,,,,,,,,,,,,,,,,,,,,,,,,,,,,,14,"8,0",128,2,Estandar,Single,14,,18,22,Primitive Fusion Engine,Compra,NO
Helepolis HEP-2H Helepolis,75,Pesado,2488,1369,6267937,3,5,0,Inner Sphere,,,,1,1,,,,,,,,,,,,,,,1,,,,,1,,,,,,,,,,,,,,,,,,,,,,,,,,,,,10,"13,0",208,2,Estandar,Double,20,,19,35,Fusion Engine,Compra,NO
Helepolis HEP-3H Helepolis,75,Pesado,2625,1380,6442937,3,5,0,Inner Sphere,,,,1,,,,1,,,,,,,,,,,,1,,,,,1,,,,,,,,,,,,,,,,,,,,,,,,,,,,,10,"13,0",208,2,Estandar,Double,20,,23,35,Fusion Engine,Compra,NO
Helepolis HEP-4H Helepolis,75,Pesado,3074,1366,12426187,4,6,0,Inner Sphere,,,,1,,,,1,,,,,,,,,,,2,,,,,,1,,,,,,,,,,,,,,,,,,,,,,,,,,,,,10,"13,0",208,2,Estandar,Double,20,,23,35,Light Fusion Engine,Compra,NO
Helios HEL-3D Helios,60,Pesado,3058,1618,5695800,4,6,4,Inner Sphere,,,,,,,2,,,,,,,,,,,,,,,,,,2,,,,,,,,,,,,,,,,,,,,,,,,,,1,,,10,"9,0",144,2,Estandar,Double,20,,19,49,Fusion Engine,Compra,NO
Helios HEL-4A Helios,60,Pesado,3060,1519,5598800,4,6,4,Inner Sphere,,,,3,,,,,,,,,,,,1,,,,,,,,,,,,,,1,,,,,,,,,,,,,,,,,,,,,,,,15,"11,0",176,2,Estandar,Double,30,,30,45,Fusion Engine,Compra,NO
Helios HEL-6X Helios,60,Pesado,3072,1761,12793600,5,8,5,Inner Sphere,,,,,,,2,,,,,,,,,,,1,,,,,,,,,,,,,,,,,,,,,,,,,,,,,,,,,,,,10,"9,0",144,2,Estandar,Double,20,,25,25,Light Fusion Engine,Compra,NO
Helios HEL-C Helios,60,Pesado,3060,1533,5967800,4,6,4,Inner Sphere,,,,,,,1,,,,,,,,,,,,,,,,,,2,,,,,,,,,,,,,,,,,,,,,,,,,,1,,,10,"9,0",144,2,Estandar,Double,20,,14,44,Fusion Engine,Compra,NO
Hellbringer (Loki)  Hellbringer (Loki),65,Pesado,2926,2654,19014656,5,8,5,Clan,,4,,,,6,17,7,,4,,4,,2,,6,,,,1,1,1,,,4,,1,2,,,,,,2,,,,,,,,3,,,,1,2,1,,,4,1,4,13,"8,0",128,2,Estandar,Double,26,,432,601,XL Engine,Compra,NO
Hellbringer Mk II (Loki Mk II)  Hellbringer Mk II (Loki Mk II),65,Pesado,3121,2189,15698593,4,6,0,Mixed,,,,,,,,3,,6,,,2,,,2,,,,,,,,,,,1,,,,,,,,,,,,,,,,,,,,1,,,,4,,,10,"11,4",182,2,Ferro Fibroso,Double,20,,113,178,XL Engine,Compra,NO
Hellfire 2 Hellfire,60,Pesado,3067,2370,13328560,5,8,0,Clan,,,,,,1,2,,,,,,2,1,,,,,,,,,,,,,,,,,,,,2,,,,,,,,,,,,,,,,,,,,18,"10,8",172,2,Ferro Fibroso,Double,36,,52,73,XL Engine,Compra,NO
Hellfire 3 Hellfire,60,Pesado,3072,2138,12494760,4,6,0,Clan,4,,,,,,,,,,,,,,,,,,,,,,,,2,,,,,,,,,,,,,,,,,,,,,,,,,,,,4,15,"12,0",192,2,Ferro Fibroso,Double,30,,48,32,XL Engine,Compra,NO
Hellfire  Hellfire,60,Pesado,3058,2114,6788960,4,6,0,Clan,,,,,,,2,,,,,2,2,1,,,,,,3,,,,,,,,,,,,,,,,,,,,,,,,,,,,,,,,,,17,"10,8",172,2,Ferro Fibroso,Double,34,,60,88,Fusion Engine,Compra,NO
Hellhound (Conjurer) 2 Hellhound (Conjurer),50,Medio,3062,2097,11603500,7,11,7,Clan,,,,,,,,,,2,,,,,,,,,,,,,,,,,,,,,,,,,1,,,,,,,,,,,,,,,,,,,10,"10,6",169,2,Ferro Fibroso,Double,20,,14,30,XL Engine,Compra,NO
Hellhound (Conjurer) 3 Hellhound (Conjurer),50,Medio,3064,1764,5274000,6,9,6,Clan,,,,,,,,1,,,,,2,,,,,,,,,,,,,,,,,,,,,,,,,,,,,,,,,,,,,,,,,13,"10,2",163,2,Ferro Fibroso,Double,26,,26,28,Fusion Engine,Compra,NO
Hellhound (Conjurer) 4 Hellhound (Conjurer),50,Medio,3065,2164,10446500,6,9,6,Clan,,2,,,,,,,,1,,,4,,,,,,,,,,,,,,,2,,,,,,,,,,,,,,,,,,,,,,,,,,14,"10,2",163,2,Ferro Fibroso,Double,28,,40,74,XL Engine,Compra,NO
Hellhound (Conjurer) 5 Hellhound (Conjurer),50,Medio,3067,1722,5532000,6,9,6,Clan,,,,,,,2,,,,,,,,,,,,,,,,,,,,,,,,,,,2,,,,,,,,,,,,,,,,,,,,10,"10,2",163,2,Ferro Fibroso,Double,20,,18,34,Fusion Engine,Compra,NO
Hellhound (Conjurer) 7 Hellhound (Conjurer),50,Medio,3150,1845,5314500,6,9,6,Clan,,,,,,,2,,,,1,,,,,,,,2,,,,,,,,,,,,,,,,,,,,,,,,,,,,,,,,,,,10,"10,2",163,2,Ferro Fibroso,Double,20,,24,29,Fusion Engine,Compra,NO
Hellhound (Conjurer) 8 Hellhound (Conjurer),50,Medio,3150,2197,9801500,5,8,5,Mixed,,,,,,,,,,2,,,,,,,,,,,,,,,,,,1,,,,,,,,,,,,,,,,,,,,,,1,,,,10,"10,2",163,2,Ferro Fibroso,Double,20,,13,29,XL Engine,Compra,NO
Hellhound (Conjurer)  Hellhound (Conjurer),50,Medio,2826,1813,5293500,6,9,6,Clan,,,,,,,2,,,,1,,,,,,,,,,,,,,,2,,,,,,,,,,,,,,,,,,,,,,,,,,,,10,"10,2",163,2,Ferro Fibroso,Double,20,,24,27,Fusion Engine,Compra,NO
Hellion  Hellion,30,Ligero,3059,1873,6547925,7,11,5,Clan,5,,,,,,10,2,,,,1,11,1,,,,,,5,1,,,1,1,3,,,,,,,,1,,,,,,,,,,,,,,,,,4,,,10,"6,6",105,2,Ferro Fibroso,Double,20,,233,377,XL Engine,Compra,NO
Hellspawn HSN-10G Hellspawn,45,Medio,3076,1188,8155525,6,9,5,Inner Sphere,,,,,,,,,,2,,,,,1,,,,,,,,,,,,,,,,,,,,,,,,,,,,,,,,,,,,,,,10,"7,9",127,2,Ferro Fibroso,Double,20,,18,22,XL Engine,Compra,NO
Hellspawn HSN-10SR Hellspawn,45,Medio,3081,1411,10421150,6,9,8,Inner Sphere,,,,,,,2,,,,,,,,2,,,,,,,,,,,,,,,,,,,,,,,,,,,,,,,,,,,,,,,10,"9,0",144,2,Estandar,Double,20,,30,30,XL Engine,Compra,NO
Hellspawn HSN-7D Hellspawn,45,Medio,3062,1220,8348200,6,9,6,Inner Sphere,,,,,,,,,,3,,,,,,,,,,2,,,,,,,,,,,,,,,,,,,,,,,,,,,,,,,,,,10,"6,5",104,2,Estandar,Double,20,,20,38,XL Engine,Compra,NO
Hellspawn HSN-8E Hellspawn,45,Medio,3068,1341,8756200,6,9,6,Inner Sphere,,,,,,,2,,,1,,,,,,,,,,2,,,,,,,,,,,,,,,,,,,,,,,,,,,,,,,,,,10,"6,5",104,2,Estandar,Double,20,,22,36,XL Engine,Compra,NO
Hellspawn HSN-9F Hellspawn,45,Medio,3068,1118,7986450,6,9,6,Inner Sphere,,,,,,,,,,2,,,,,,,,,,,,,,,,,,,,2,,,,,,,,,,,,,,,,,,,,,,,,10,"6,0",96,2,Estandar,Double,20,,20,52,XL Engine,Compra,NO
Hellstar 2 Hellstar,95,Asalto,3079,3545,25912900,4,6,0,Clan,,,,,,,,,,,,,,,,4,,,,,,,,,,,,,,,,,,,,,,,,,,,,,,,,,,,,,,25,"18,3",293,2,Estandar,Double,50,,60,40,XL Engine,Compra,NO
Hellstar 3 Hellstar,95,Asalto,3079,3025,26162500,4,6,0,Clan,,,,,,,,4,,2,,,,,,,,,,,,,,,,,,,,,,,,,,,,,,,,,,,,,,,,,,,,28,"18,3",293,2,Estandar,Double,56,,56,44,XL Engine,Compra,NO
Hellstar  Hellstar,95,Asalto,3079,3084,25873900,4,6,0,Clan,,,,,,,,,,,,,,,,4,,,,,,,,,,,,,,,,,,,,,,,,,,,,,,,,,,,,,,30,"18,3",293,2,Estandar,Double,60,,60,40,XL Engine,Compra,NO
Hercules HRC-LS-9000 (Julius) Hercules,70,Pesado,3065,1644,16513586,5,8,0,Inner Sphere,,,,2,,,,,2,2,,,,,,,,,,,,,,,,,,,,,,,,,,,,,,,,,,,,,,1,,,,,,12,"13,4",215,2,Ferro Fibroso,Double,24,,24,48,XL Engine,Compra,NO
Hercules HRC-LS-9000 Hercules,70,Pesado,3054,1561,16350086,5,8,0,Inner Sphere,,,,,,,,,2,1,,,,,,1,,,,,,,,,,1,,,,,,,,,,,,,,,,,,,,,1,,,,,,,12,"12,3",197,2,Ferro Fibroso,Double,24,,27,36,XL Engine,Compra,NO
Hercules HRC-LS-9001 Hercules,70,Pesado,3056,1566,16203586,5,8,0,Inner Sphere,,,,,,,,,2,1,,,,,,1,,,,,,,,,,2,,,,,,,,,,,,,,,,,,,,,1,,,,,,,12,"12,3",197,2,Ferro Fibroso,Double,24,,29,40,XL Engine,Compra,NO
Hermes HER-1A Hermes,30,Ligero,2856,601,2569970,9,14,0,Inner Sphere,1,,,2,,,,,,,,,,,,,,,,,,,,,,,,,,,,,,,,,,,,,,,,,,,,,,,,,,10,"3,5",56,2,Estandar,Single,10,,9,12,Fusion Engine,Compra,NO
Hermes HER-1B Hermes,30,Ligero,2856,687,2612220,9,14,0,Inner Sphere,,,,3,,,,,,,,,,,,,,,,,,,,,,,,,,,,,,,,,,,,,,,,,,,,,,,,,,10,"3,5",56,2,Estandar,Single,10,,9,15,Fusion Engine,Compra,NO
Hermes HER-1S Hermes,30,Ligero,2632,716,2701270,9,14,0,Inner Sphere,1,,,2,,,,,,,,,,,,,,,,,,,,,,,,,,,,,,,,,,,,,,,,,,,,,,,,,,10,"5,6",89,2,Ferro Fibroso,Single,10,,9,12,Fusion Engine,Compra,NO
Hermes HER-1Sb Hermes,30,Ligero,2750,1112,5991895,9,14,0,Inner Sphere,1,,1,4,,,,,,,,,,,,,,,,,,,,,,,,,,,,,,,,,,,,,,,,,,,,,,,,,,10,"6,6",105,2,Ferro Fibroso,Double,20,,16,25,XL Engine,Compra,NO
Hermes HER-3S Hermes,30,Ligero,3047,649,3588520,9,14,0,Inner Sphere,,,,2,,,,,,,,,,,,,,,,,,,,,,,,,,,,,,,,,,,,,,,,,,,,,,,,,,10,"2,8",44,2,Ferro Fibroso,Single,10,,6,10,Fusion Engine,Compra,NO
Hermes HER-3S1 Hermes,30,Ligero,3049,726,3588520,9,14,0,Inner Sphere,,,,2,,,,,,,,,,,,,,,,,,,,,,,,,,,,,,,,,,,,,,,,,,,,,,,,,,10,"2,8",44,2,Ferro Fibroso,Single,10,,6,10,Fusion Engine,Compra,NO
Hermes HER-3S2 Hermes,30,Ligero,3049,600,3601520,9,14,0,Inner Sphere,,,,1,,,,,,,,,,,,,,,,,,,,,,,,,,,,,,,,,,,,,,,,,,,,,,,,,,10,"2,8",44,2,Ferro Fibroso,Single,10,,3,5,Fusion Engine,Compra,NO
Hermes HER-4K Hermes,30,Ligero,3058,1470,6671145,9,14,0,Inner Sphere,,,,,,1,6,,,,,,,,,,,,,,,,,,,,,,,,,,,,,,,,,,,,,,,,,,,,,,,10,"4,4",71,2,Ferro Fibroso,Double,20,,32,33,XL Engine,Compra,NO
Hermes HER-4M Hermes,30,Ligero,3058,1362,7202520,9,14,0,Inner Sphere,,,,,,,5,,,,,,,,,,,,,,,,,,,,,,,,,,,,,,,,,,,,,,,,,,,,,,,10,"4,4",71,2,Ferro Fibroso,Double,20,,25,25,XL Engine,Compra,NO
Hermes HER-4S-BL Hermes,30,Ligero,3057,1017,5785520,9,14,0,Inner Sphere,,,,,,,,,,4,,,,,,,,,,,,,,,,,,,,,,,,,,,,,,,,,,,,,,,,,,,,10,"5,6",89,2,Ferro Fibroso,Double,20,,16,24,XL Engine,Compra,NO
Hermes HER-4S Hermes,30,Ligero,3057,1012,5980520,9,14,0,Inner Sphere,,,,,,,,,,3,,,,,,,,,,,,,,,,,,,,,,,,,,,,,,,,,,,,,,,,,,,,10,"6,1",98,2,Ferro Fibroso,Double,20,,12,18,XL Engine,Compra,NO
Hermes HER-4WB Hermes,30,Ligero,3068,1042,6195020,9,14,0,Inner Sphere,,,,,,,,,,3,,,,,,,,,,,,,,,,,,,,,,,,,,,,,,,,,,,,,,,,,,,,10,"5,5",88,2,Furtivo,Double,20,,12,18,XL Engine,Compra,NO
Hermes II HER-2M 'Mercury' Hermes II,40,Medio,2802,910,3263013,7,11,0,Inner Sphere,1,2,,3,,,,,,,,,,,,,,,,,,,,,,,,,,,,,,,,,,,,,,,,,,,,,,,,,,11,"7,5",120,2,Estandar,Single,11,,12,21,Fusion Engine,Compra,NO
Hermes II HER-2S Hermes II,40,Medio,2798,784,3163880,6,9,0,Inner Sphere,1,,,1,,,,,,,,,,,,,,,,,,,,,,,,,,,,,,,,,,1,,,,,,,,,,,,,,,,10,"7,5",120,2,Estandar,Single,10,,7,12,Fusion Engine,Compra,NO
Hermes II HER-4K 'Hermes III' Hermes II,40,Medio,3025,976,3200680,6,9,0,Inner Sphere,,,,,2,,,,,,,,,,,,,,,,,,,,,,,,,,,,,,,,,,,,,,,,,,,,,,,,,11,"7,5",120,2,Estandar,Single,11,,16,16,Fusion Engine,Compra,NO
Hermes II HER-5C Hermes II,40,Medio,3062,1119,7795579,6,9,0,Inner Sphere,,,,,,,3,1,,,,,,,,,,,,,,,,,,,,,,,,,,,,,,,,,,,,,,,,,,,,,,10,"7,5",120,2,Estandar,Double,20,,27,23,XL Engine,Compra,NO
Hermes II HER-5ME 'Mercury Elite' Hermes II,40,Medio,3056,847,3484560,6,9,0,Inner Sphere,,,,,,,,,,,,,,,,,,,,,,,,,,,,,,,,,,,,,,,,,,,,,,,,,,,1,,,10,"6,5",104,2,Estandar,Double,20,,1,15,Fusion Engine,Compra,NO
Hermes II HER-5S Hermes II,40,Medio,3050,857,3452580,6,9,0,Inner Sphere,1,,,,,,,,,1,,,,,,,,,,,,,,,,,,,,,,,,,,,,,,,,1,,,,,,,,,,,,10,"7,5",120,2,Estandar,Double,20,,8,13,Fusion Engine,Compra,NO
Hermes II HER-5SA Hermes II,40,Medio,3068,924,6308580,6,9,0,Inner Sphere,1,,,,,,,,,,1,,,,,,,,,,,,,,,,,,,,,,,,,,,,,,,1,,,,,,,,,,,,10,"8,0",128,2,Estandar,Double,20,,14,16,XL Engine,Compra,NO
Hermes II HER-5Sr Hermes II,40,Medio,3074,1242,4108579,6,9,0,Inner Sphere,1,,,,,,,,,1,,,,,,,,1,,,,,,,,,,,,,,,,,,,,,,,,,,,,,,,,,,,,10,"7,5",120,2,Estandar,Double,20,,22,23,Fusion Engine,Compra,NO
Hermes II HER-6D Hermes II,40,Medio,3062,1106,3588580,6,9,0,Inner Sphere,1,,,,,,1,,,,,,,,,,,,,,,,,,,,,,,,,,,,,,,,,,,,,,,,,,,1,,,,10,"7,5",120,2,Estandar,Double,20,,9,12,Fusion Engine,Compra,NO
Hermit Crab HMC-13 Hermit Crab,25,Ligero,3150,731,2244583,7,11,7,Inner Sphere,,,,,,,2,,,,,,,,,,,,,,,,,,,,,,,,,,,,,,,,,,,,,,,,,,,,,,,10,"5,0",80,2,Estandar,Double,20,,10,10,Fusion Engine,Compra,NO
Hermit Crab HMC-14 Hermit Crab,25,Ligero,3150,844,2313333,7,11,6,Inner Sphere,,,,,,,3,,,,,,,,,,,,,,,,,,,,,,,,,,,,,,,,,,,,,,,,,,,,,,,10,"5,0",80,2,Ferro Fibroso,Double,20,,15,15,Fusion Engine,Compra,NO
Hermit Crab HMC-15 Hermit Crab,25,Ligero,3150,742,2163333,7,11,0,Inner Sphere,,,,,,,,,,,,,,,2,,,,,,,,,,,,,,,,,,,,,,,,,,,,,,,,,,,,,,,10,"5,0",80,2,Ferro Fibroso,Double,20,,20,20,Fusion Engine,Compra,NO
Hierofalcon  Hierofalcon,45,Medio,3150,1878,11644593,6,9,6,Clan,2,,,,,2,5,,,2,1,,2,,,1,,,,,,,,,6,,,,,,,,,2,,,,,,,,,,,,,,,1,,2,,,10,"9,0",144,2,Ferro Fibroso,Double,20,,117,214,XL Engine,Compra,NO
Highlander HGN-694 Highlander,90,Asalto,3062,2358,15229230,3,5,0,Inner Sphere,,,,,2,,,,,,,,,,,,,,,,,,,,,,,,,,,,,,,,,,,,,,,,,,,,,,1,1,,10,"17,4",279,2,Estandar,Double,20,,18,56,Light Fusion Engine,Compra,NO
Highlander HGN-732 (Colleen) Highlander,90,Asalto,2820,2164,9216480,3,5,3,Inner Sphere,,,,,,,,,,2,,,,,,1,,,,,2,,,,,,,1,,,,,,,,,,,,,,,,,,,,,,,,,,14,"17,3",277,2,Ferro Fibroso,Double,28,,37,64,Fusion Engine,Compra,NO
Highlander HGN-732 Highlander,90,Asalto,2592,2227,8797480,3,5,3,Inner Sphere,,,,2,,,,,,,,,,,,,,,,,,1,,,1,,,,,,,,,,,,,,,,,,,,,,,,,,1,,,12,"17,3",277,2,Ferro Fibroso,Single,12,,17,57,Fusion Engine,Compra,NO
Highlander HGN-732b Highlander,90,Asalto,2598,2335,9419880,3,5,3,Inner Sphere,,,,3,,,,,,,,,,,,,,,,,,1,,,1,,,,,,,,,,,,,,,,,,,,,,,,,,1,,,10,"17,3",277,2,Ferro Fibroso,Double,20,,20,62,Fusion Engine,Compra,NO
Highlander HGN-733 Highlander,90,Asalto,2866,1801,8166780,3,5,3,Inner Sphere,,,,2,,,,,,,,,,,,,,,,,,1,,,1,,,,,,,,,,,,,,1,,,,,,,,,,,,,,,13,"17,4",279,2,Estandar,Single,13,,19,52,Fusion Engine,Compra,NO
Highlander HGN-733C Salazar Highlander,90,Asalto,2866,1907,8279830,3,5,3,Inner Sphere,,,,4,,,,,,,,,,,,,,,,,,1,,,,,,,,,,,,,,,,,,1,,,,,,,,,,,,,,15,"17,4",279,2,Estandar,Single,15,,25,60,Fusion Engine,Compra,NO
Highlander HGN-733C Highlander,90,Asalto,2866,1857,8299230,3,5,3,Inner Sphere,,,,2,,,,,,,,,,,,,,,,,,1,,,1,,,,,,,,,,,,,,,1,,,,,,,,,,,,,,13,"17,4",279,2,Estandar,Single,13,,23,62,Fusion Engine,Compra,NO
Highlander HGN-733P Highlander,90,Asalto,2866,1865,8181380,3,5,3,Inner Sphere,,,,2,,,,,,,,,,,1,,,,,,,1,,,1,,,,,,,,,,,,,,,,,,,,,,,,,,,,,20,"17,4",279,2,Estandar,Single,20,,26,52,Fusion Engine,Compra,NO
Highlander HGN-734 Highlander,90,Asalto,3062,2214,15772980,3,5,3,Inner Sphere,,,,,,,2,1,,1,,,,,,,,,,,,,,,,,,2,,,,,,,,,,,,,,,,,,,,1,,,,,,14,"17,4",279,2,Estandar,Double,28,,40,68,Light Fusion Engine,Compra,NO
Highlander HGN-736 Highlander,90,Asalto,3062,2255,10502880,3,5,3,Inner Sphere,,,,2,,,,,,,,,,,,,,,,,,1,,,,,1,,,,,,,,,,,,,,,,,,,,,,,,1,,,10,"17,3",277,2,Ferro Fibroso,Double,20,,16,53,Fusion Engine,Compra,NO
Highlander HGN-738 Highlander,90,Asalto,3069,2413,9756080,3,5,3,Inner Sphere,,,,,,,2,1,,,,,,,,,,,,,1,,,,,,1,,,,,,,,,,,,,,,,,,,,,,,,,1,,10,"17,4",279,2,Estandar,Double,20,,31,66,Fusion Engine,Compra,NO
Highlander HGN-740 Highlander,90,Asalto,3132,2232,9738980,3,5,3,Inner Sphere,,,,,,,2,,,,,,,,,1,,,,,,1,,,,,,1,,,,,,,,,,,,,,,,,,,,,,,,,,15,"16,9",271,2,Ferro Fibroso,Double,30,,35,52,Fusion Engine,Compra,NO
Highlander IIC 2 Highlander IIC,90,Asalto,3072,2928,10409480,3,5,3,Clan,,,,,,,3,,,,,,,,,,,,,,,,,,,,,1,,,,,,3,,,,,,,,,,,,,,,,,7,,,11,"16,5",264,2,Estandar,Single,11,,38,168,Fusion Engine,Compra,NO
Highlander IIC 3 Highlander IIC,90,Asalto,3077,3001,10402680,3,5,3,Clan,,,,,,,,,,3,,,,,,,,,,,,1,,,,,,2,,,,,,,,,,,,,,,,,,,,,,,,,,12,"17,4",278,2,Ferro Fibroso,Double,24,,26,62,Fusion Engine,Compra,NO
Highlander IIC  Highlander IIC,90,Asalto,2858,2979,9772680,3,5,3,Clan,,,,,,,,,,3,,,,,,,,,,,,1,,,,,,2,,,,,,,,,,,,,,,,,,,,,,,1,,,12,"17,4",278,2,Ferro Fibroso,Double,24,,27,77,Fusion Engine,Compra,NO
Hitman HM-1 Hitman,30,Ligero,3055,925,5520520,7,11,0,Inner Sphere,,,,3,,,,,,,,,,,,,,,1,,,,,,,,,,,,,,,,,,,,,,,,,,,,,,,,,,,10,"5,0",80,2,Estandar,Single,10,,11,20,XL Engine,Compra,NO
Hitman HM-1r Hitman,30,Ligero,3069,938,5862020,7,11,0,Inner Sphere,,,,,,,2,,,,,,,,,,,,,,,,,,,,,,,,,,,,,,,,,,,,,,,,,,,,,,,10,"5,2",84,2,Ferro Fibroso,Single,10,,10,10,XL Engine,Compra,NO
Hitman HM-2 Hitman,30,Ligero,3056,861,5687520,7,11,0,Inner Sphere,,,,3,,,,,,,,,,,,,,,,,,,,,,,,,,,,,,,,,,,,,,,,,,,,,,,,,,10,"5,0",80,2,Estandar,Single,10,,9,15,XL Engine,Compra,NO
Hitotsume Kozo HKZ-1F Hitotsume Kozo,55,Medio,3136,1998,13372315,6,9,4,Inner Sphere,,,,,,,2,,,,,,,,,,,1,,,,,,,,,,,,,,,,,,,,,,,,,,,,,,,,,,,,12,"7,2",116,2,Estandar,Double,24,,25,25,XL Engine,Compra,NO
Hitotsume Kozo HKZ-1P Hitotsume Kozo,55,Medio,3136,1611,11592631,5,8,4,Inner Sphere,,,,,,,,,,2,,,,,,,,,,,,,,,,,,,,,,,,,,,,,,,,,1,,,,,,,,,,,10,"7,2",116,2,Estandar,Double,20,,12,22,XL Engine,Compra,NO
Hollander BZK-BL Hollander,35,Ligero,3054,1096,4420660,5,8,5,Inner Sphere,,,,,,,,,,,,,,,,,,,,,,,,,,,,,,,,,,,,,,,,,,,,,,,,,,,1,,,10,"5,0",80,2,Estandar,Single,10,,1,15,XL Engine,Compra,NO
Hollander BZK-F3 Salazar Hollander,35,Ligero,3054,953,2652160,5,8,0,Inner Sphere,,,,,,,,,,,,,,,,,,,,,,,,,,,,,,,,,,,,,,,,,,,,,,,,,,,1,,,10,"4,4",71,2,Ferro Fibroso,Double,20,,1,15,Fusion Engine,Compra,NO
Hollander BZK-F3 Hollander,35,Ligero,3054,953,2571160,5,8,0,Inner Sphere,,,,,,,,,,,,,,,,,,,,,,,,,,,,,,,,,,,,,,,,,,,,,,,,,,,1,,,10,"4,4",71,2,Ferro Fibroso,Single,10,,1,15,Fusion Engine,Compra,NO
Hollander BZK-G1 Hollander,35,Ligero,3056,873,2860160,5,8,0,Inner Sphere,,,,2,,,,,,,,,,,,,,,,,,,,,,,,,,,,,,,,,,,,,,,,,,,1,,,,,,,10,"6,7",107,2,Ferro Fibroso,Single,10,,8,20,Fusion Engine,Compra,NO
Hollander II BZK-F5 Salazar Hollander II,45,Medio,3058,1338,3982840,5,8,0,Inner Sphere,,,,2,,,,,,,,,,,,,,,,,,,,,,,,,,,,,,,,,,,,,,,,,,,,,,,1,,,10,"8,4",134,2,Ferro Fibroso,Double,20,,7,25,Fusion Engine,Compra,NO
Hollander II BZK-F5 Hollander II,45,Medio,3058,1214,3870090,5,8,0,Inner Sphere,,,,1,,,,,,,,,,,,,,,,,,,,,,1,,,,,,,,,,,,,,,,,,,,,,,,,1,,,10,"6,7",107,2,Ferro Fibroso,Single,10,,6,24,Fusion Engine,Compra,NO
Hollander II BZK-F7 Hollander II,45,Medio,3061,1192,4031840,5,8,0,Inner Sphere,,,,,,,,,,,,,,,,,,,,,,,,,,,,,,,,,,,,,,,,,,,,,,,,,,,,1,,10,"6,1",98,2,Ferro Fibroso,Single,10,,1,25,Fusion Engine,Compra,NO
Hollander III BZK-D1 Hollander III,35,Ligero,3114,1116,10195267,5,8,0,Inner Sphere,,,,,,,,,,,,,,,,,,,,,,,,,,,,,,,,,,,,,,,,,,,1,,,,,,,,,,,10,"6,0",96,2,Estandar,Double,20,,4,10,XL Engine,Compra,NO
Hollander III BZK-D2 Hollander III,35,Ligero,3115,1270,9915517,5,8,0,Inner Sphere,,,,,,,,,,,,,,,,,,,,,,,,,,,,,,,,,,,,,,,,,,,,,,,,,,,1,,,10,"5,0",80,2,Estandar,Double,20,,1,15,XL Engine,Compra,NO
Hollander III BZK-D3 Hollander III,35,Ligero,3118,1575,12795705,6,9,0,Inner Sphere,,,1,2,,,,,,,,,,,,1,,,,,,,,,,,,,,,,,,,,,,,,,,,,,,,,,,,,,,10,"6,0",96,2,Estandar,Double,20,,22,23,XL Engine,Compra,NO
Hoplite C Hoplite,55,Medio,2840,1736,5138408,4,6,0,Clan,,,,,,,1,,,2,,,,,,,,,,,1,,,,,,,,,,,,,,,,,,,,,,1,,,,,,,,,,,10,"11,6",185,2,Ferro Fibroso,Double,20,,22,42,Fusion Engine,Compra,NO
Hoplite HOP-4B Hoplite,55,Medio,2682,1162,4322758,4,6,0,Inner Sphere,,,,,,,,,,,,,,,1,,,,,,1,,,,,,,,,,,,,,,,,,,,,,,,,,,,,,,,,16,"11,5",184,2,Estandar,Single,16,,15,25,Fusion Engine,Compra,NO
Hoplite HOP-4Bb Hoplite,55,Medio,2801,1413,5398458,4,6,0,Inner Sphere,,,,,,,,,,,,,,,,1,,,,,1,,,,,,,,,,,,,,,,,,,,,,,,,,,,,,,,,11,"11,5",184,2,Estandar,Double,22,,20,25,Fusion Engine,Compra,NO
Hoplite HOP-4C Hoplite,55,Medio,2584,986,4074008,4,6,0,Inner Sphere,,,,,,,,,,,,,,,,,,,1,,,,,,,,,,,,,,,,,,,,1,,,,,,,,,,,,,,,16,"11,5",184,2,Estandar,Single,16,,5,15,Fusion Engine,Compra,NO
Hoplite HOP-4Cb Hoplite,55,Medio,2821,1377,4734158,4,6,0,Inner Sphere,,,,,,,,,,,,,,,,,,,,,,,,,1,,,,,,,,,,,,,,,,,,,,,,,,,,1,,,10,"11,5",184,2,Ferro Fibroso,Double,20,,5,27,Fusion Engine,Compra,NO
Hoplite HOP-4D Hoplite,55,Medio,3050,1022,4410008,4,6,0,Inner Sphere,,,,,,,,,,,,,,,,,,,1,,,,,,,,,,,,,,,,,,,,,,,,,,,,1,,,,,,,16,"11,5",184,2,Estandar,Single,16,,4,15,Fusion Engine,Compra,NO
Horned Owl (Peregrine) 2 Horned Owl (Peregrine),35,Ligero,2856,1191,3587610,6,9,6,Clan,,,,,,,,,,,,,,,,,,,6,,,,,,,,,,,,,,,,,,,,,,,,,,,,,,,,,,,10,"6,0",96,2,Ferro Fibroso,Double,20,,12,30,Fusion Engine,Compra,NO
Horned Owl (Peregrine) 3 Horned Owl (Peregrine),35,Ligero,3061,1545,3629860,6,9,6,Clan,,6,,,,,,,,,,,,,,1,,,,,,,,,,,,,,,,,,,,,,,,,,,,,,,,,,,,,,10,"6,0",96,2,Ferro Fibroso,Double,20,,15,22,Fusion Engine,Compra,NO
Horned Owl (Peregrine) 4 Horned Owl (Peregrine),35,Ligero,3064,1198,3827610,6,9,6,Clan,,,,,,,1,,,,,,,,,,,,,,,,,,,,,,,,,,4,,,,,,,,,,,,,,,,,,,,,10,"6,0",96,2,Ferro Fibroso,Double,20,,13,29,Fusion Engine,Compra,NO
Horned Owl (Peregrine) 5 Horned Owl (Peregrine),35,Ligero,3066,1523,3772710,6,9,6,Clan,,,,,,,,2,,,,,1,,,,,,,,,,,,,,,,,,,,,,,,,,,,,,,,,,,,,,,,,11,"6,0",96,2,Ferro Fibroso,Double,22,,31,26,Fusion Engine,Compra,NO
Horned Owl (Peregrine)  Horned Owl (Peregrine),35,Ligero,2835,1434,3487860,6,9,6,Clan,,,,,,,,,,2,1,,,,,,,,,,,,,,,,,,,,,,,,,,,,,,,,,,,,,,,,,,,10,"6,0",96,2,Ferro Fibroso,Double,20,,18,21,Fusion Engine,Compra,NO
Hornet HNT-151 Hornet,20,Ligero,2760,488,1242700,5,8,5,Inner Sphere,,,1,1,,,,,,,,,,,,,,,1,,,,,,,,,,,,,,,,,,,,,,,,,,,,,,,,,,,10,"4,0",64,2,Estandar,Single,10,,6,13,Fusion Engine,Compra,NO
Hornet HNT-152 Hornet,20,Ligero,2997,475,1275700,5,8,5,Inner Sphere,,,1,1,,,,,,,,,,,,,,,,,,,,1,,,,,,,,,,,,,,,,,,,,,,,,,,,,,,10,"4,0",64,2,Estandar,Single,10,,7,16,Fusion Engine,Compra,NO
Hornet HNT-161 Hornet,20,Ligero,3052,511,1397500,5,8,5,Inner Sphere,,,1,1,,,,,,,,,,,,,,,1,,,,,,,,,,,,,,,,,,,,,,,,,,,,,,,,,,,10,"3,9",62,2,Ferro Fibroso,Single,10,,6,13,Fusion Engine,Compra,NO
Hornet HNT-171 Hornet,20,Ligero,3051,535,1429200,5,8,3,Inner Sphere,,,,1,,,,,,,,,,,,,,,1,,,,,,,,,,,,,,,,,,,,,,,,,,,,,,,,,,,10,"3,9",62,2,Ferro Fibroso,Single,10,,5,10,Fusion Engine,Compra,NO
Hound HD-2F Hound,70,Pesado,3098,1389,6494973,4,6,0,Inner Sphere,,,,1,,,,,,,,,,,2,,,,,,,,,1,,,,,,,,,,,,,,,,,,,,,,,1,,,,,,,15,"13,0",208,2,Estandar,Single,15,,28,43,Fusion Engine,Compra,NO
Howler (Baboon) 2 Howler (Baboon),20,Ligero,3063,757,2688240,6,9,0,Clan,,,,,,,,,,,,,,,,,,,,,,,,,,,,,,,,,4,,,,,,,,,,,,,,,,,,,,,10,"3,6",57,2,Ferro Fibroso,Double,20,,8,24,XL Engine,Compra,NO
Howler (Baboon) 3 'Devil' Howler (Baboon),20,Ligero,3066,1277,2622240,6,9,0,Clan,,,,,,,,,,,,,,,,1,,,,,,,,,,,,,,,,,,,,,,,,,,,,,,,,,,,,,,10,"3,6",57,2,Ferro Fibroso,Double,20,,15,10,XL Engine,Compra,NO
Howler (Baboon) 4 Howler (Baboon),20,Ligero,2877,506,1923440,7,11,7,Clan,,,,,,,,,,,,,,,,,,,1,,,,,,,,,,,,,,,,,,,,,,,,,,,,,,,,,,,10,"4,2",67,2,Ferro Fibroso,Double,20,,2,5,Fusion Engine,Compra,NO
Howler (Baboon) 5 Howler (Baboon),20,Ligero,3053,1363,2126240,7,11,0,Clan,,,,,,,6,,,,,,,,,,,,,,,,,,,,,,,,,,,,,,,,,,,,,,,,,,,,,,,10,"3,6",57,2,Ferro Fibroso,Double,20,,30,30,Fusion Engine,Compra,NO
Howler (Baboon) 6 Howler (Baboon),20,Ligero,3086,550,2072240,7,11,0,Clan,,,,,,,,,,,,,,,,,,,,,,,,,2,,,,,,,,,,,,,,,,,,,,,,,,,,,,,10,"3,6",57,2,Ferro Fibroso,Double,20,,8,24,Fusion Engine,Compra,NO
Howler (Baboon)  Howler (Baboon),20,Ligero,2871,645,1808240,7,11,0,Clan,,,,,,,,,,,,,,,,,,,3,,,,,,,,,,,,,,,,,,,,,,,,,,,,,,,,,,,10,"3,6",57,2,Ferro Fibroso,Double,20,,6,15,Fusion Engine,Compra,NO
Hunchback HBK-4G (Hohiro) Hunchback,50,Medio,3056,1126,4154875,4,6,0,Inner Sphere,,,,,,1,,,,2,,,,,,,,,,,,,,,,,,,,,,,,,,,,,,,,,1,,,,,,,,,,,14,"10,6",169,2,Ferro Fibroso,Single,14,,14,25,Fusion Engine,Compra,NO
Hunchback HBK-4G Salazar Hunchback,50,Medio,2572,965,3351000,4,6,0,Inner Sphere,2,,,,,,,,,,,,,,,,,,,,,,,,,,,,,,,,,,,,,,,1,,,,,,,,,,,,,,13,"10,5",168,2,Estandar,Single,13,,13,24,Fusion Engine,Compra,NO
Hunchback HBK-4G Hunchback,50,Medio,2572,1041,3457875,4,6,0,Inner Sphere,,,1,2,,,,,,,,,,,,,,,,,,,,,,,,,,,,,,,,,,,,1,,,,,,,,,,,,,,13,"10,0",160,2,Estandar,Single,13,,14,33,Fusion Engine,Compra,NO
Hunchback HBK-4H Hunchback,50,Medio,2819,1067,3419875,4,6,0,Inner Sphere,,,1,4,,,,,,,,,,,,,,,,,,,,,,,,,,,,,,,,,,,1,,,,,,,,,,,,,,,13,"10,0",160,2,Estandar,Single,13,,16,33,Fusion Engine,Compra,NO
Hunchback HBK-4J Mk II Salazar Hunchback,50,Medio,3070,1239,3686500,4,6,0,Inner Sphere,,,,6,,,,,,,,,,,,,,,,2,,,,,,,,,,,,,,,,,,,,,,,,,,,,,,,,,,13,"10,5",168,2,Estandar,Double,26,,26,50,Fusion Engine,Compra,NO
Hunchback HBK-4J Mk III Salazar Hunchback,50,Medio,3070,1315,4211500,4,6,0,Inner Sphere,,,,6,,,,,,,,,,,,,,,,2,,,,,,,,,,,,,,,,,,,,,,,,,,,,,,,,,,13,"10,5",168,2,Estandar,Double,26,,26,50,Fusion Engine,Compra,NO
Hunchback HBK-4J Salazar Hunchback,50,Medio,2856,1161,3521500,4,6,0,Inner Sphere,,,,5,,,,,,,,,,,,,,,,2,,,,,,,,,,,,,,,,,,,,,,,,,,,,,,,,,,14,"10,5",168,2,Estandar,Single,14,,23,45,Fusion Engine,Compra,NO
Hunchback HBK-4J Hunchback,50,Medio,2856,1143,3530875,4,6,0,Inner Sphere,,,1,5,,,,,,,,,,,,,,,,2,,,,,,,,,,,,,,,,,,,,,,,,,,,,,,,,,,14,"10,0",160,2,Estandar,Single,14,,24,48,Fusion Engine,Compra,NO
Hunchback HBK-4N Hunchback,50,Medio,2920,1087,3419875,4,6,0,Inner Sphere,,,1,4,,,,,,,,,,,,,,,2,,,,,,,,,,,,,,,,,,,1,,,,,,,,,,,,,,,,13,"10,0",160,2,Estandar,Single,13,,18,38,Fusion Engine,Compra,NO
Hunchback HBK-4P Salazar Hunchback,50,Medio,2937,1152,3368500,4,6,0,Inner Sphere,,,,8,,,,,,,,,,,,,,,,,,,,,,,,,,,,,,,,,,,,,,,,,,,,,,,,,,23,"10,5",168,2,Estandar,Single,23,,24,40,Fusion Engine,Compra,NO
Hunchback HBK-4P Hunchback,50,Medio,2937,1138,3377875,4,6,0,Inner Sphere,,,1,8,,,,,,,,,,,,,,,,,,,,,,,,,,,,,,,,,,,,,,,,,,,,,,,,,,23,"10,0",160,2,Estandar,Single,23,,25,43,Fusion Engine,Compra,NO
Hunchback HBK-4SP Hunchback,50,Medio,3025,1043,3419875,4,6,0,Inner Sphere,,,1,4,,,,,,,,,,,,,,,,,,,,,2,,,,,,,,,,,,,,,,,,,,,,,,,,,,,19,"10,0",160,2,Estandar,Single,19,,21,47,Fusion Engine,Compra,NO
Hunchback HBK-5H Hunchback,50,Medio,3064,1097,3814500,4,6,0,Inner Sphere,,,,2,,,,,,,,,,,,,,,,,,,,,,,,,,,,,,,,,,,,1,,,,,,,,,,,,,,10,"9,5",152,2,Ferro Fibroso,Single,10,,13,30,Fusion Engine,Compra,NO
Hunchback HBK-5M Hunchback,50,Medio,3046,1056,3638000,4,6,0,Inner Sphere,,,,2,,,,,1,,,,,,,,,,,,,,,,,,,,,,,,,,,,,,,1,,,,,,,,,,,,,,13,"10,0",160,2,Estandar,Double,26,,15,33,Fusion Engine,Compra,NO
Hunchback HBK-5N Hunchback,50,Medio,3057,1041,3565875,4,6,0,Inner Sphere,,,1,2,,,,,,,,,,,,,,,,,,,,,,,,,,,,,,,,,,,,1,,,,,,,,,,,,,,13,"10,0",160,2,Estandar,Double,26,,14,33,Fusion Engine,Compra,NO
Hunchback HBK-5P Hunchback,50,Medio,3069,1340,4594000,4,6,0,Inner Sphere,,,,,,,6,,,2,,,,,,,,,,,,,,,,,,,,,,,,,,,,,,,,,,,,,,,,,,,,18,"10,6",169,2,Estandar,Double,36,,38,42,Fusion Engine,Compra,NO
Hunchback HBK-5S Hunchback,50,Medio,3058,1350,6556875,4,6,4,Inner Sphere,,,1,,,,,,,2,,,,,,,,,,,,,,,,,,,,,,,,,,,,,,,,,,,,,,1,,,,,,10,"10,6",169,2,Estandar,Double,20,,15,35,Light Fusion Engine,Compra,NO
Hunchback HBK-5SG Hunchback,50,Medio,3068,1577,7750000,4,6,4,Inner Sphere,,,,,,,,,,2,,,,,,,,,,,,,,,,,,,,,,,,,,,,,,,,,,,,,,,,,1,,,10,"10,5",168,2,Furtivo,Double,20,,9,27,Light Fusion Engine,Compra,NO
Hunchback HBK-5SS Hunchback,50,Medio,3068,1342,8665875,4,6,4,Inner Sphere,,,,,,1,3,,,,,,,,,,,,,,,,,,,,,,,,,,,,,,,,,,,,,,,,,,,,,,,10,"10,6",169,2,Estandar,Double,20,,17,18,Light Fusion Engine,Compra,NO
Hunchback HBK-6N Hunchback,50,Medio,3059,1130,3641000,4,6,0,Inner Sphere,,,,2,,,,,1,,,,,,,,,,,,,,,,,,,,,,,,,,,,,,,1,,,,,,,,,,,,,,10,"10,0",160,2,Estandar,Double,20,,15,33,Fusion Engine,Compra,NO
Hunchback HBK-6S Hunchback,50,Medio,3063,1380,9813000,6,9,0,Inner Sphere,,,,,,,2,,,,,,,,,,,,,,,,,,1,,,,,,,,,,,,,,,,,,,,,,,1,,,,,,10,"10,0",160,2,Estandar,Double,20,,20,42,XL Engine,Compra,NO
Hunchback HBK-7R Hunchback,50,Medio,3085,1248,7838499,4,6,0,Inner Sphere,,,,,,,2,,,,,,,,,,,,,,,,,,,,,,,,,,,,,,,,,,,,1,,,,,,,,,,,10,"10,6",169,2,Ferro Fibroso,Double,20,,14,20,XL Engine,Compra,NO
Hunchback IIC 2 Hunchback IIC,50,Medio,3059,1869,7958499,4,6,4,Clan,,,,,,,,,,2,,,,4,,,,,,,,,,,,,,,,,,,,,,,,,,,,,,,,,,,,,,,,19,"7,0",112,2,Estandar,Double,38,,80,76,XL Engine,Compra,NO
Hunchback IIC 3 Hunchback IIC,50,Medio,3060,1951,8530000,4,6,4,Clan,,,,,,,3,,,,,,,,,,,,,,,,,,,,,,,,,,,,,3,,,,,,,,,,,,,,,,,,12,"6,0",96,2,Estandar,Double,24,,39,87,XL Engine,Compra,NO
Hunchback IIC 4 Hunchback IIC,50,Medio,3075,2097,7797999,4,6,4,Clan,,,,,,,2,,,,,,,,,,,,,,,,,,,,,,,,,,,,,,,,,,,,,,,,,,,2,,,,12,"7,0",112,2,Estandar,Double,24,,12,20,XL Engine,Compra,NO
Hunchback IIC  Hunchback IIC,50,Medio,2856,1679,8089999,4,6,4,Clan,,,,,,,2,,,,,,,,,,,,,,,,,,,,,,,,,,,,,,,,,,,,,2,,,,,,,,,,12,"6,0",96,2,Estandar,Double,24,,26,50,XL Engine,Compra,NO
Huntsman (Nobori-nin)  Huntsman (Nobori-nin),50,Medio,3048,2108,12532000,5,8,5,Clan,3,2,,,,3,7,4,3,9,3,1,9,1,,2,,,2,2,2,1,,,,,1,4,,,,,,3,,,,,,,2,1,1,,1,,1,,,,,,1,10,"10,6",169,2,Ferro Fibroso,Double,20,,360,511,XL Engine,Compra,NO
Huron Warrior HUR-WO-R4L Huron Warrior,50,Medio,3055,1530,8259000,5,8,0,Inner Sphere,,,,,,,,1,,1,,,,,,,,,,,,,,,,,,,,,,,,,,,,,,,,,,,,,,,,,1,,,11,"10,0",160,2,Estandar,Single,11,,17,29,XL Engine,Compra,NO
Huron Warrior HUR-WO-R4M Huron Warrior,50,Medio,3056,1556,8244000,5,8,0,Inner Sphere,,,,1,,,,1,,,,,,,,,,,,,,,,,,,,,,,,,,,,,,,,,,,,,,,,,,,1,,,11,"10,6",169,2,Estandar,Single,11,,16,28,XL Engine,Compra,NO
Huron Warrior HUR-WO-R4N Huron Warrior,50,Medio,3063,1489,9395000,5,8,0,Inner Sphere,,,,4,,,,,,,,,,,,,,,,,2,,,,,,,,,,,,,,,,,,,,,,,,,,,,,,,,,10,"10,6",169,2,Furtivo,Double,20,,22,50,XL Engine,Compra,NO
Huron Warrior HUR-WO-R4O Huron Warrior,50,Medio,3065,1585,8366000,5,8,0,Inner Sphere,,,,,,,,1,,1,,,,,,,,,,,,,,,,,,,,,,,,,,,,,,,,,,,,,,,,,1,,,10,"10,0",160,2,Estandar,Double,20,,17,29,XL Engine,Compra,NO
Hussar HSR-200-D Hussar,30,Ligero,2620,636,2790840,9,14,0,Inner Sphere,,,,,,,,1,,,,,,,,,,,,,,,,,,,,,,,,,,,,,,,,,,,,,,,,,,,,,,10,"1,6",26,2,Ferro Fibroso,Double,20,,12,8,Fusion Engine,Compra,NO
Hussar HSR-200-Db Hussar,30,Ligero,2735,934,5520840,9,14,0,Inner Sphere,,,,,,,,1,,,,,,,,,,,,,,,,,,,,,,,,,,,,,,,,,,,,,,,,,,,,,,10,"6,1",98,2,Ferro Fibroso,Double,20,,12,8,XL Engine,Compra,NO
Hussar HSR-300-D Hussar,30,Ligero,3035,543,2563340,9,14,0,Inner Sphere,,,,,1,,,,,,,,,,,,,,,,,,,,,,,,,,,,,,,,,,,,,,,,,,,,,,,,,10,"1,5",24,2,Estandar,Single,10,,8,8,Fusion Engine,Compra,NO
Hussar HSR-350-D Hussar,30,Ligero,3038,731,2602340,8,12,0,Inner Sphere,,,,2,1,,,,,,,,,,,,,,,,,,,,,,,,,,,,,,,,,,,,,,,,,,,,,,,,,10,"2,5",40,2,Estandar,Single,10,,14,18,Fusion Engine,Compra,NO
Hussar HSR-400-D Hussar,30,Ligero,3052,611,4817840,8,12,0,Inner Sphere,,,,,,,,,,,,,,,,,,,,,,,,,,,,,,,,,,,,,,,,,,,,,,,1,,,,,,,10,"3,3",53,2,Ferro Fibroso,Single,10,,2,10,XL Engine,Compra,NO
Hussar HSR-500-D Hussar,30,Ligero,3062,977,6152640,9,14,0,Inner Sphere,,,,,,,,,,,,,,,,1,,,,,,,,,,,,,,,,,,,,,,,,,,,,,,,,,,,,,,10,"6,1",98,2,Ferro Fibroso,Double,20,,15,10,XL Engine,Compra,NO
Hussar HSR-900-D Hussar,30,Ligero,3069,551,4238090,9,14,0,Inner Sphere,,,,,,,,,,,,,,,,,,,,,,,,,,,,,,,,,,,,,,,,,,,,,,,,,,,,,,10,"5,6",89,2,Ferro Fibroso,Double,20,,0,0,Light Fusion Engine,Compra,NO
Hussar HSR-950-D Hussar,30,Ligero,3070,1131,5374590,9,14,0,Inner Sphere,,,,,,,2,,,,,,,,,,1,,,,,,,,,,,,,,,,,,,,,,,,,,,,,,,,,,,,,10,"6,6",105,2,Ferro Fibroso,Double,20,,20,20,XL Engine,Compra,NO
Hyena HYN-KTO Hyena,55,Medio,3066,933,4417086,5,8,0,Inner Sphere,,,,1,,,,,,,,,,,,,,,,,,,,,,,,,,,,,,,,,,,,,,,,,,,,,,,,,,10,"11,2",179,2,Ferro Fibroso,Single,10,,3,5,Fusion Engine,Compra,NO
Hyena SalvageMech HYN-4A Hyena SalvageMech,55,Medio,3066,483,3657470,5,8,0,Inner Sphere,,,1,,,,,,,,,,,,,,,,,,,,,,,,,,,,,,,,,,,,,,,,,,,,,,,,,,,10,"5,0",80,2,Estandar,Single,10,,1,3,Fusion Engine,Compra,NO
Hyena SalvageMech HYN-4B Hyena SalvageMech,55,Medio,3072,405,2094075,4,6,0,Inner Sphere,,1,,,,,,,,,,,,,,,,,,,,,,,,,,,,,,,,,,,,,,,,,,,,,,,,,,,,0,"5,0",80,2,Estandar,Single,0,,0,2,I.C.E. Engine,Compra,NO
Icarus II ICR-1S Icarus II,40,Medio,2518,869,2792163,4,6,4,Inner Sphere,,,1,2,,,,,,,,,,,,,,,,,,,,,,,,,,,,,,,,,,,1,,,,,,,,,,,,,,,10,"7,5",120,2,Estandar,Single,10,,10,23,Fusion Engine,Compra,NO
Icarus II ICR-2S Icarus II,40,Medio,3073,986,5668096,5,8,5,Inner Sphere,,,1,,,,,,,1,,,,,,,,,,,,,,,,,,,,,,,,,,,,,,,,,,,,,1,,,,,,,11,"8,4",134,2,Ferro Fibroso,Single,11,,7,19,XL Engine,Compra,NO
Ice Ferret (Fenris)  Ice Ferret (Fenris),45,Medio,2948,1678,12499712,8,12,7,Clan,,2,,,,15,8,4,3,4,1,,2,1,,1,,,3,,,,1,3,4,1,,,,,,,,,1,,,,,,,,,,1,,,,,,7,,1,12,"9,0",144,2,Ferro Fibroso,Double,24,,253,429,XL Engine,Compra,NO
Icestorm 2 Icestorm,25,Ligero,3068,868,4590000,12,18,0,Clan,1,,,,,,,,,,,,2,,,,,,,,,,,,,,,,,,,,,,,,,,,,,,,,,,,,,,,,,10,"4,2",67,2,Ferro Fibroso,Double,20,,17,22,XL Engine,Compra,NO
Icestorm  Icestorm,25,Ligero,2820,728,4417000,12,18,0,Clan,,,,,,,1,,,,,,,,,,,,,,,,1,,,,,,,,,,,,,,,,,,,,,,,,,,,,,,,10,"3,5",56,2,Estandar,Single,10,,7,9,XL Engine,Compra,NO
Imp C Imp,100,Asalto,2863,3070,10830000,3,5,0,Clan,,,,,,,,,,5,,,,,,2,,,,,,1,,,,,,,,,,,,,,,,,,,,,,,,,,,,,,,,25,"19,0",304,2,Estandar,Double,50,,56,70,Fusion Engine,Compra,NO
Imp IMP-1A Imp,100,Asalto,2799,2215,10708500,3,5,0,Inner Sphere,,,1,,,,,,,5,,,,,,2,,,,,,1,,,,,,,,,,,,,,,,,,,,,,,,,,,,,,,,18,"19,0",304,2,Estandar,Double,36,,57,73,Fusion Engine,Compra,NO
Imp IMP-1B Imp,100,Asalto,2799,2349,11078000,3,5,0,Inner Sphere,,,,5,,,,,,1,,,,,,2,,,,,,1,,,,,,,,,,,,,,,,,,,,,,,,,,,,,,,,19,"19,0",304,2,Estandar,Double,38,,55,71,Fusion Engine,Compra,NO
Imp IMP-1C Imp,100,Asalto,2799,2480,10696500,3,5,0,Inner Sphere,,,1,6,,,,,,,,,,,,2,,,,,,,,,,,,,,,,,,,,,,,,,,,,,,,,,,,1,,,17,"19,0",304,2,Estandar,Double,34,,50,68,Fusion Engine,Compra,NO
Imp IMP-2E Imp,100,Asalto,3005,1969,9390000,3,5,0,Inner Sphere,,,,5,,,,,,,,,,,2,,,,,,1,,,,,,,,,,,,,,,,,,,,,,,,,,,,,,,,,30,"18,0",288,2,Estandar,Single,30,,40,60,Fusion Engine,Compra,NO
Imp IMP-3E Salazar Imp,100,Asalto,3070,2456,10710000,3,5,0,Inner Sphere,,,,4,,,,,,,,,,,2,,,,,,1,,,,,,,,,,,,,,,,,,,,,,,,,,,,,,1,,,15,"19,2",307,2,Estandar,Double,30,,38,70,Fusion Engine,Compra,NO
Imp IMP-3E Imp,100,Asalto,3050,1906,22270000,3,5,0,Inner Sphere,,,,2,,,,,,2,1,,,,,2,,,,,1,,,,,,,,,,,,,,,,,,,,,,,,,,,,,,,,,30,"18,0",288,2,Estandar,Single,30,,59,66,XL Engine,Compra,NO
Imp IMP-4E Salazar Imp,100,Asalto,3060,2423,10690000,3,5,0,Inner Sphere,,,,4,,,,,,,,,,,2,,,,,,1,,,,,,,,,,,,,,,,,,,,,,,,,,,,,,1,,,15,"18,5",296,2,Estandar,Double,30,,38,70,Fusion Engine,Compra,NO
Imp IMP-4E Imp,100,Asalto,3060,2263,10867000,3,5,0,Inner Sphere,,,,,,2,3,,,2,,,,,,2,,,,,,1,,,,,,,,,,,,,,,,,,,,,,,,,,,,,,,,21,"18,5",296,2,Estandar,Double,42,,63,73,Fusion Engine,Compra,NO
Incubus (Vixen) 2 Incubus (Vixen),30,Ligero,2998,1913,5477140,9,14,0,Clan,,4,,,,,2,,,,,,,,,1,,,,,,,,,,,,,,,,,,,,,,,,,,,,,,,,,,,,,,10,"6,6",105,2,Ferro Fibroso,Double,20,,25,28,XL Engine,Compra,NO
Incubus (Vixen) 3 Incubus (Vixen),30,Ligero,3025,1324,5310140,9,14,0,Clan,,4,,,,,,,,2,,,,,,,,,,,,,,,,,,1,,,,,,,,,,,,,,,,,,,,,,,,,,10,"6,6",105,2,Ferro Fibroso,Double,20,,12,32,XL Engine,Compra,NO
Incubus (Vixen) 4 Incubus (Vixen),30,Ligero,3065,1581,5327140,9,14,0,Clan,,,,,,,,,,2,,,,1,,,,,,,,,,,,,,,,,,,,,,,,,,,,,,,,,,,,,,,,10,"6,6",105,2,Ferro Fibroso,Double,20,,26,28,XL Engine,Compra,NO
Incubus (Vixen) 5 Incubus (Vixen),30,Ligero,3065,1364,5464640,9,14,0,Clan,,4,,,,,2,,,,,,,,,,,,,,,,,,,,,,,,,,,1,,,,,,,,,,,,,,,,,,,,10,"6,6",105,2,Ferro Fibroso,Double,20,,14,30,XL Engine,Compra,NO
Incubus (Vixen) 7 Incubus (Vixen),30,Ligero,2961,1175,5309140,9,14,0,Clan,,4,,,,,2,,,,,,,,,,,,,,,,,,,,,,,,,,,,,,,,,,1,,,,,,,,,,,,,10,"6,6",105,2,Ferro Fibroso,Double,20,,11,20,XL Engine,Compra,NO
Incubus (Vixen) 8 Incubus (Vixen),30,Ligero,2962,1557,5507140,9,14,0,Clan,,4,,,,,2,,,,,,,,,,,,,,,1,,,,,,,,,,,,,,,,,,,,,,,,,,,,,,,,10,"6,6",105,2,Ferro Fibroso,Double,20,,16,38,XL Engine,Compra,NO
Incubus (Vixen) 9 Incubus (Vixen),30,Ligero,3150,1849,17504640,9,14,0,Mixed,,,,,,,,,,2,1,,,,,,,,,,,,,,,,,,,,,,,,,,,,,,,,,,,,,,,,3,,,10,"6,5",104,2,Estandar,Double,20,,21,66,XXL Engine,Compra,NO
Incubus (Vixen)  Incubus (Vixen),30,Ligero,2954,1596,5314640,9,14,0,Clan,,4,,,,,2,,,,1,,,,,,,,,,,,,,,,,,,,,,,,,,,,,,,,,,,,,,,,,,,10,"6,6",105,2,Ferro Fibroso,Double,20,,20,27,XL Engine,Compra,NO
Incubus II  Incubus II,30,Ligero,3085,1261,5819840,8,12,8,Clan,,,,,,,,,,2,,,,,,,,,,,,,,,,,,,,,,,,,,,,,,,,,,,,,,,,,,,,10,"6,6",105,2,Ferro Fibroso,Double,20,,8,12,XL Engine,Compra,NO
Inferno INF-NO Inferno,75,Pesado,3145,1597,11145437,4,6,0,Inner Sphere,,,,,,2,3,2,,,,,,,,3,,1,,,2,,,,2,,,,,,,,,,,,,,,,,,,,,,,,,,1,,,12,"13,5",216,2,Estandar,Double,24,,122,151,Fusion Engine,Compra,NO
Initiate INI-02 Initiate,40,Medio,3058,1036,3153583,4,6,0,Inner Sphere,,,,2,,3,,,,,,,,,,,,,,,1,,,,1,,,,,,,,,,,,,,,,,,,,,,,,,,,,,11,"8,5",136,2,Estandar,Double,22,,21,46,Fusion Engine,Compra,NO
Initiate INI-04 Initiate,40,Medio,3068,901,6212800,4,6,0,Inner Sphere,,,,,,,,,3,,,,,,2,,,,,,,,,,,,,,,,,,,,,,,,,,,,,,,,,,,,,,,10,"8,6",137,2,Estandar,Double,20,,26,29,Light Fusion Engine,Compra,NO
Jabberwocky JAW-65A EngineerMech Jabberwocky,50,Medio,2549,250,1853156,3,5,0,Inner Sphere,,,,,,,,,,,,,,,,,,,,,,,,,,,,,,,,,,,,,,,,,,,,,,,,,,,,,,8,"2,0",32,2,Estandar,Single,8,,0,0,Fuel-Cell Engine,Compra,NO
Jabberwocky JAW-66B EngineerMech Jabberwocky,50,Medio,3070,350,2938030,4,6,3,Inner Sphere,,,,,,,,,,,,,,,,,,,,,,,,,,,,,,,,,,,,,,,,,,,,,,,,,,,,,,10,"3,5",56,2,Estandar,Single,10,,0,0,Fusion Engine,Compra,NO
Jabberwocky JAW-66C DemolitionMech Jabberwocky,50,Medio,3070,351,2909905,4,6,3,Inner Sphere,,,,,,,,,,,,,,,,,,,,,,,,,,,,,,,,,,,,,,,,,,,,,,,,,,,,,,10,"3,5",56,2,Estandar,Single,10,,0,0,Fusion Engine,Compra,NO
Jabberwocky JAW-66D ConstructionMech Jabberwocky,50,Medio,3070,353,2897830,4,6,3,Inner Sphere,,,,,,,,,,,,,,,,,,,,,,,,,,,,,,,,,,,,,,,,,,,,,,,,,,,,,,10,"3,5",56,2,Estandar,Single,10,,0,0,Fusion Engine,Compra,NO
Jabberwocky JAW-67 MilitiaMech Jabberwocky,50,Medio,3076,907,3047156,4,6,3,Inner Sphere,,,,2,1,,,,,,,,,,,,,,1,,,,,,,,,,,,,,,,,,,,,,,,,,,,,,,,,,,11,"8,5",136,2,Estandar,Single,11,,16,23,Fusion Engine,Compra,NO
Jackal JA-KL-1532 Jackal,30,Ligero,3052,918,4618740,7,11,0,Inner Sphere,,,,,,,,,,,,,,,,1,,,,,,,,,,1,,,,,,,,,,,,,,,,,,,,,,,,,,,,11,"6,0",96,2,Estandar,Single,11,,17,14,XL Engine,Compra,NO
Jackal JA-KL-55 Jackal,30,Ligero,3066,1034,4594640,7,11,0,Inner Sphere,,,,,,,,,,,,,,,,1,,,,,,,,,,1,,,,,,,,,,,,,,,,,,,,,,,,,,,,10,"6,5",104,2,Estandar,Double,20,,17,14,XL Engine,Compra,NO
Jackalope JLP-BD Jackalope,30,Ligero,3134,1395,5806700,8,12,8,Clan,,,,,,,2,,,,,,,,,,,,,,,,,,,,,,,,,,,1,,,,,,,,,,,,,,,,,,,,10,"5,4",86,2,Ferro Fibroso,Double,20,,14,22,XL Engine,Compra,NO
Jackalope JLP-C Jackalope,30,Ligero,3135,1253,6052200,8,12,8,Mixed,,,,,,,2,,,,,,,,,,,,,,,,,,1,,,,,,,,,,,,,,,,,,,,,,,,,,,,,10,"5,4",86,2,Ferro Fibroso,Double,20,,14,22,XL Engine,Compra,NO
Jackalope JLP-KA Jackalope,30,Ligero,3135,1488,18789800,10,15,4,Clan,,,,,,,2,,,,,,,,,,,,,,,,,,,,,,,,,,,1,,,,,,,,,,,,,,,,,,,,10,"6,6",105,2,Ferro Fibroso,Double,20,,14,22,XXL Engine,Compra,NO
Jackalope JLP-KW 'Wolpertinger' Jackalope,30,Ligero,3142,1334,19384000,10,15,5,Mixed,,,,,,,2,,,,,,,,,,,,,,,,,1,,,,,,,,,,,,,,,,,,,,,,,,,,,,,,10,"6,6",105,2,Ferro Fibroso,Double,20,,13,18,XXL Engine,Compra,NO
Jackrabbit JKR-8T Jackrabbit,25,Ligero,2765,414,1836250,6,9,0,Inner Sphere,,,,,,,,,,,,,,,,,,,,,,,,,,1,,,,,,,,,,,1,,,,,,,,,,,,,,,,,10,"3,9",62,2,Ferro Fibroso,Single,10,,3,6,Fusion Engine,Compra,NO
Jackrabbit JKR-9R 'Joker' II Jackrabbit,25,Ligero,2768,703,2104000,6,9,0,Inner Sphere,,,,,,,,1,,,,,,,,,,,,,,,,,,1,,,,,,,,,,,,,,,,,,,,,,,,,,,,10,"5,6",89,2,Ferro Fibroso,Double,20,,14,12,Fusion Engine,Compra,NO
Jackrabbit JKR-9R 'Joker' Jackrabbit,25,Ligero,2768,614,1894000,6,9,0,Inner Sphere,,,,,1,,,,,,,,,,,,,,,,,,,,,1,,,,,,,,,,,,,,,,,,,,,,,,,,,,11,"5,0",80,2,Ferro Fibroso,Single,11,,10,12,Fusion Engine,Compra,NO
Jackrabbit JKR-9W Jackrabbit,25,Ligero,3074,549,2033500,6,9,0,Inner Sphere,,,,,,,1,,,,,,,,,,,,,,,,,,,1,,,,,,,,,,,,,,,,,,,,,,,,,,,,10,"3,9",62,2,Ferro Fibroso,Single,10,,7,9,Fusion Engine,Compra,NO
Jade Hawk 2 Jade Hawk,75,Pesado,3136,2455,19236312,5,8,0,Clan,,,,,,3,,2,,,,,,,,,,,,,,,,,,,,,,,,,,4,,,,,,,,,,,,,,,,,,,,15,"14,4",230,2,Ferro Fibroso,Single,15,,46,73,XL Engine,Compra,NO
Jade Hawk 3 Jade Hawk,75,Pesado,3136,2498,19196062,5,8,5,Clan,,,,,,3,,,,2,,,,,,,,,,,,,,,,,,,,,,,,4,,,,,,,,,,,,,,,,,,,,12,"14,0",224,2,Estandar,Single,12,,30,69,XL Engine,Compra,NO
Jade Hawk JHK-03 Jade Hawk,75,Pesado,3135,2160,26934000,5,8,3,Mixed,,,,,,4,,,,,,,,,,,,,,,,,,,4,,,,,,,,,,,,,,,,,,,,,,,,,,,,,12,"13,5",216,2,Estandar,Double,24,,24,60,XL Engine,Compra,NO
Jade Hawk JHK-04 Jade Hawk,75,Pesado,3135,2102,23904312,5,8,0,Mixed,,,,,,3,,,,,,,,,,,,,,,2,,,,,,,,,,,,,,,,,,,,,,,,,,,,,,,,,10,"14,4",230,2,Ferro Fibroso,Double,20,,16,39,XL Engine,Compra,NO
Jade Hawk  Jade Hawk,75,Pesado,3136,2523,26247250,5,8,5,Clan,,,,,,4,,,,,,,,,,,,,,,,,,,,,,4,,,,,,,,,,,,,,,,,,,,,,,,,,13,"14,4",230,2,Ferro Fibroso,Single,13,,24,60,XL Engine,Compra,NO
JagerMech III JM6-D3 JagerMech III,65,Pesado,3056,1537,14005924,5,8,0,Inner Sphere,,,,2,,,,,,,,,,,2,,,,,,,,,,,,,,,,,,,,,,,,,,2,,,,,,,,,,,,,12,"10,6",170,2,Ferro Fibroso,Double,24,,28,34,XL Engine,Compra,NO
JagerMech III JM6-D4 JagerMech III,65,Pesado,3073,1831,14271399,5,8,0,Inner Sphere,,,,4,,,,,,,,,,,4,,,,,,,,,,,,,,,,,,,,,,,,,,,,,,,,,,,,,,,16,"13,2",211,2,Ferro Fibroso,Double,32,,52,60,XL Engine,Compra,NO
JagerMech JM6-A JagerMech,65,Pesado,2778,1122,5474925,4,6,0,Inner Sphere,,,,2,,,,,,,,,,,,,,,,,2,,,,,,,,,,,,,,,,2,,,,,,,,,,,,,,,,,10,"8,0",128,2,Estandar,Single,10,,18,44,Fusion Engine,Compra,NO
JagerMech JM6-DD JagerMech,65,Pesado,3049,965,11406925,4,6,0,Inner Sphere,,,,,,,,,,2,,,,,,,,,,,,,,,,,,,,,,,,,,,2,,,,,2,,,,,,,,,,,,10,"7,2",116,2,Ferro Fibroso,Single,10,,12,26,XL Engine,Compra,NO
JagerMech JM6-DDa JagerMech,65,Pesado,3070,911,11286925,4,6,0,Inner Sphere,,,,2,,,,,,,,,,,,,,,,,,,,,,,,,,,,,,,,,,2,,,,,,,,,,,,,,,,10,"7,2",116,2,Ferro Fibroso,Single,10,,8,20,XL Engine,Compra,NO
JagerMech JM6-DG JagerMech,65,Pesado,3054,1625,11622425,4,6,0,Inner Sphere,,,,2,,,,,,,,,,,,,,,,,,,,,,,,,,,,,,,,,,,,,,,,,,,,,,,2,,,10,"7,2",116,2,Ferro Fibroso,Double,20,,8,40,XL Engine,Compra,NO
JagerMech JM6-DGr JagerMech,65,Pesado,3058,1661,11754425,4,6,0,Inner Sphere,,,,,,,2,,,,,,,,,,,,,,,,,,,,,,,,,,,,,,,,,,,,,,,,,,,,2,,,10,"7,2",116,2,Ferro Fibroso,Double,20,,12,40,XL Engine,Compra,NO
JagerMech JM6-H JagerMech,65,Pesado,3064,1348,5877925,4,6,0,Inner Sphere,,,,,2,,,,,,,,,,,,,,,,,,,,,,,,,,,,,,,,,,,,,,,,2,,,,,,,,,10,"11,2",179,2,Ferro Fibroso,Double,20,,18,20,Fusion Engine,Compra,NO
JagerMech JM6-S JagerMech,65,Pesado,2774,901,5225925,4,6,0,Inner Sphere,,,,2,,,,,,,,,,,,,,,,,,,,,,,,,,,,,,,,,2,2,,,,,,,,,,,,,,,,10,"6,0",96,2,Estandar,Single,10,,10,24,Fusion Engine,Compra,NO
JagerMech JM7-C3BS JagerMech,70,Pesado,3075,1354,14835633,4,6,0,Inner Sphere,,,,,,,1,,,,,,,,,,2,,,,,,,,,,,,,,,,,,,,,,,,,,,,,,,,,,,,,13,"12,3",197,2,Ferro Fibroso,Double,26,,25,25,XL Engine,Compra,NO
JagerMech JM7-D JagerMech,70,Pesado,3057,1500,13729633,4,6,0,Inner Sphere,,,,,,,,2,,2,,,,,,,,,,,,,,,,,,,,,,,,,,,,,,,,2,,,,,,,,,,,,13,"12,3",197,2,Ferro Fibroso,Double,26,,34,38,XL Engine,Compra,NO
JagerMech JM7-F JagerMech,70,Pesado,3062,1774,13681433,4,6,0,Inner Sphere,,,,,,,,,,2,,,,,,,,,,,,,,,,,,,,,,,,,,,,,,,,,,,,,,,,2,,,,12,"12,3",197,2,Ferro Fibroso,Double,24,,10,22,XL Engine,Compra,NO
JagerMech JM7-G JagerMech,70,Pesado,3068,1275,13521533,4,6,0,Inner Sphere,,,,,,,2,,,,,,,,,,,,,,,,,,,,,,,,,,,,,,,,,,,,,,2,,,,2,,,,,11,"12,3",197,2,Ferro Fibroso,Double,22,,14,18,XL Engine,Compra,NO
Jaguar 2 Jaguar,35,Ligero,3123,1780,6522125,8,12,0,Clan,,2,,,,,2,,,2,,,,,,,,,,,,,,,,,,,,,,,,,,,,,,,,,,,,,,,,,,,,10,"7,9",127,4,Ferro Fibroso,Double,20,,18,26,XL Engine,Compra,NO
Jaguar  Jaguar,35,Ligero,3121,1791,6627750,8,12,0,Clan,,,,,,,4,,,,,,,,,,,,,,,,2,,,,,,,,,,,1,,,,,,,,,,,,,,,,,,,,10,"7,9",127,4,Ferro Fibroso,Double,20,,28,40,XL Engine,Compra,NO
Javelin JVN-10A Javelin,30,Ligero,2752,653,2380140,6,9,6,Inner Sphere,,,,,,,,,,,,,,,,,,,,,1,,,,,,,,,,,,,,,,,,,,,,,,,,,,,,,,,10,"4,0",64,2,Estandar,Single,10,,5,15,Fusion Engine,Compra,NO
Javelin JVN-10F &apos;Fire Javelin&apos; Salazar MKII Javelin,30,Ligero,3056,1035,2599740,6,9,6,Inner Sphere,,,,6,,,,,,,,,,,,,,,,,,,,,,,,,,,,,,,,,,,,,,,,,,,,,,,,,,11,"6,5",104,2,Estandar,Double,22,,18,30,Fusion Engine,Compra,NO
Javelin JVN-10F &apos;Fire Javelin&apos; Salazar Javelin,30,Ligero,3056,835,2361840,6,9,6,Inner Sphere,,,,4,,,,,,,,,,,,,,,,,,,,,,,,,,,,,,,,,,,,,,,,,,,,,,,,,,12,"6,0",96,2,Estandar,Single,12,,12,20,Fusion Engine,Compra,NO
Javelin JVN-10F 'Fire Javelin' Javelin,30,Ligero,2819,835,2361840,6,9,6,Inner Sphere,,,,4,,,,,,,,,,,,,,,,,,,,,,,,,,,,,,,,,,,,,,,,,,,,,,,,,,12,"6,0",96,2,Estandar,Single,12,,12,20,Fusion Engine,Compra,NO
Javelin JVN-10N Javelin,30,Ligero,2751,594,2384640,6,9,6,Inner Sphere,,,,,,,,,,,,,,,,,,,,,,,,,2,,,,,,,,,,,,,,,,,,,,,,,,,,,,,10,"4,0",64,2,Estandar,Single,10,,8,24,Fusion Engine,Compra,NO
Javelin JVN-10P Javelin,30,Ligero,3049,590,2346640,6,9,6,Inner Sphere,,,,,,,,,,,,,,,,,,,,,,,,,1,2,,,,,,,,,,,,,,,,,,,,,,,,,,,,10,"4,0",64,2,Estandar,Single,10,,8,20,Fusion Engine,Compra,NO
Javelin JVN-11A 'Fire Javelin' Javelin,30,Ligero,3053,1073,2642640,6,9,6,Inner Sphere,,,,7,,,,,,,,,,,,,,,,,,,,,,,,,,,,,,,,,,,,,,,,,,,,,,,,,,10,"5,6",89,2,Ferro Fibroso,Double,20,,21,35,Fusion Engine,Compra,NO
Javelin JVN-11B Javelin,30,Ligero,3054,678,2857840,6,9,0,Inner Sphere,,,,,,,,,,,,,,,,,,,,,,,,2,,,,,,,,,,,,,,,,,,,,,,,,,,,,,,10,"5,6",89,2,Ferro Fibroso,Double,20,,6,16,Fusion Engine,Compra,NO
Javelin JVN-11D (Farrell) Javelin,30,Ligero,3068,1155,4569240,6,9,6,Mixed,,,,,,,3,,,,,,,,,,,,,,,,,,,,,,,,,,,,,,,,,,,,,,,,,,,,,,,11,"6,0",96,2,Estandar,Double,22,,15,15,XL Engine,Compra,NO
Javelin JVN-11D Javelin,30,Ligero,3062,1104,4504240,6,9,6,Inner Sphere,,,,,,,3,,,2,,,,,,,,,,,,,,,,,,,,,,,,,,,,,,,,,,,,,,,,,,,,11,"6,0",96,2,Estandar,Double,22,,23,27,XL Engine,Compra,NO
Javelin JVN-11F Javelin,30,Ligero,3070,827,4110690,6,9,6,Inner Sphere,,2,,,,,,,,,,,,,,,1,,,,,,,,,,,,,,,,,,,,,,,,,,,,,,,,,,,,,10,"6,0",96,2,Estandar,Double,20,,10,14,XL Engine,Compra,NO
Javelin JVN-11P Javelin,30,Ligero,3101,680,2332640,6,9,6,Inner Sphere,,,,,,,,,,,,,,,,,,,,,,,,,,4,,,,,,,,,,,,,,,,,,,,,,,,,,,,10,"5,6",89,2,Ferro Fibroso,Single,10,,8,16,Fusion Engine,Compra,NO
Jenner IIC 2 Jenner IIC,35,Ligero,3044,1406,7604175,9,14,9,Clan,,,,,,,,1,1,,,,,,,,,,1,,,,,,,,,,,,,,,,,,,,,,,,,,,,,,,,,,,10,"4,2",67,2,Ferro Fibroso,Double,20,,16,16,XL Engine,Compra,NO
Jenner IIC 3 Jenner IIC,35,Ligero,3048,788,7173075,9,14,7,Clan,,,,,,,,,4,,,,,,,,,,,,,,,,,,,,,,,,,,,,,,,,,,,,,,,,,,,,,10,"4,2",67,2,Ferro Fibroso,Double,20,,8,12,XL Engine,Compra,NO
Jenner IIC 4 Jenner IIC,35,Ligero,3061,1052,7535175,9,14,7,Clan,,,,,,,,,,,,,,,,,,,,,,,,,,,1,,,,,,2,,,,,,,,,,,,,,,,,,,,,10,"4,2",67,2,Ferro Fibroso,Double,20,,7,20,XL Engine,Compra,NO
Jenner IIC  Jenner IIC,35,Ligero,3042,1047,7452675,9,14,7,Clan,,,,,,,,,,,,,,,,,,,,,,,,,2,,1,,,,,,,,,,,,,,,,,,,,,,,,,,,10,"4,2",67,2,Ferro Fibroso,Double,20,,11,32,XL Engine,Compra,NO
Jenner JR7-A Jenner,35,Ligero,2779,712,3005325,7,11,5,Inner Sphere,,,,,1,,,,,,,,,,,,,,,,,,,,,,,,,,,,,,,,,,,,,,,,,,,,,,,,,12,"4,0",64,2,Estandar,Single,12,,8,8,Fusion Engine,Compra,NO
Jenner JR7-C Jenner,35,Ligero,3050,832,3580425,7,11,5,Inner Sphere,,,,3,,,,,,,,,,,,,,,,,,,,1,,,,,,,,,,,,,,,,,,,,,,,,,,,,,,10,"3,9",62,2,Ferro Fibroso,Single,10,,12,23,Fusion Engine,Compra,NO
Jenner JR7-C2 Jenner,35,Ligero,3071,769,6478500,7,11,6,Inner Sphere,,,,,,,,,,,,,,,,,,,,,,,,,,,,,,,,,,,,,,,,,,,,,,,,,,,,,,10,"6,8",109,2,Ferro Fibroso,Single,10,,0,0,XL Engine,Compra,NO
Jenner JR7-C3 Jenner,35,Ligero,3068,1069,3804525,7,11,5,Inner Sphere,,,,,,,4,,,,,,,,,,,,,,,,,,,,,,,,,,,,,,,,,,,,,,,,,,,,,,,11,"5,6",89,2,Ferro Fibroso,Double,22,,20,20,Fusion Engine,Compra,NO
Jenner JR7-C4 Jenner,35,Ligero,3077,703,6587850,7,11,7,Inner Sphere,,,,,,,,,,,,,,,,,,,,,,,,,,,,,,,,,,,,,,,,,,,,,,,,,,,,,,10,"6,8",109,2,Ferro Fibroso,Double,20,,0,0,XL Engine,Compra,NO
Jenner JR7-D Salazar MkII Jenner,35,Ligero,3056,1056,3380625,7,11,5,Inner Sphere,,,,4,,,,,,,,,,,,,,,,,,,1,,,,,,,,,,,,,,,,,,,,,,,,,,,,,,,10,"7,2",116,2,Ferro Fibroso,Double,20,,14,24,Fusion Engine,Compra,NO
Jenner JR7-D Salazar Jenner,35,Ligero,2785,908,3134925,7,11,5,Inner Sphere,,,,4,,,,,,,,,,,,,,,,,,,1,,,,,,,,,,,,,,,,,,,,,,,,,,,,,,,10,"5,0",80,2,Estandar,Single,10,,14,24,Fusion Engine,Compra,NO
Jenner JR7-D Jenner,35,Ligero,2785,875,3188925,7,11,5,Inner Sphere,,,,4,,,,,,,,,,,,,,,,,,,,1,,,,,,,,,,,,,,,,,,,,,,,,,,,,,,10,"4,0",64,2,Estandar,Single,10,,15,28,Fusion Engine,Compra,NO
Jenner JR7-F Jenner,35,Ligero,2784,1011,3121425,7,11,5,Inner Sphere,,,,4,,,,,,,,,,,,,,,,,,,,,,,,,,,,,,,,,,,,,,,,,,,,,,,,,,10,"7,0",112,2,Estandar,Single,10,,12,20,Fusion Engine,Compra,NO
Jenner JR7-K (Grace II) Jenner,35,Ligero,3067,787,3676875,7,11,0,Inner Sphere,,,,,,,,,,,,,,,2,,,,,,,,,,,,,,,,,,,,,,,,,,,,,,,,,,,,,,,10,"3,9",62,2,Ferro Fibroso,Single,10,,20,20,Fusion Engine,Compra,NO
Jenner JR7-K (Samuli) Jenner,35,Ligero,3060,1001,5800425,7,11,5,Inner Sphere,,,,4,,,,,,,,,,,,,,,,,1,,,,,,,,,,,,,,,,,,,,,,,,,,,,,,,,,10,"3,9",62,2,Ferro Fibroso,Single,10,,17,35,XL Engine,Compra,NO
Jenner JR7-K Jenner,35,Ligero,3047,889,3296925,7,11,5,Inner Sphere,,,,4,,,,,,,,,,,,,,,,,,,,1,,,,,,,,,,,,,,,,,,,,,,,,,,,,,,10,"3,9",62,2,Ferro Fibroso,Single,10,,15,28,Fusion Engine,Compra,NO
Jinggau JN-G7L Jinggau,65,Pesado,3068,2137,14543124,5,8,5,Inner Sphere,,,,6,,,,,,,,,,,,,,,,,,,,,,,,,,,,,,,,,,,,,,,,,,,,,,,,,2,15,"11,5",184,2,Estandar,Double,30,,38,50,XL Engine,Compra,NO
Jinggau JN-G8A Jinggau,65,Pesado,3060,2072,14401324,5,8,5,Inner Sphere,,,,,,,4,,,1,,,,,,,,,,,,,,,,,,,,,,,,,,,,,,,,,,,,,,,,,1,,,13,"11,5",184,2,Estandar,Double,26,,25,41,XL Engine,Compra,NO
Jinggau JN-G9CC Jinggau,65,Pesado,3072,1656,18610074,5,8,0,Inner Sphere,,,,,,,,,,,,,,,,,1,,,,,,,,,,,,,,,,,,,,,,,,,,,,,,,,,,,,,13,"11,5",184,2,Furtivo,Double,26,,10,10,XL Engine,Compra,NO
Juliano JLN-5A Juliano,90,Asalto,3116,2105,24899850,4,6,0,Mixed,,,,,,,3,3,,,,,,,,,,,,,,,,,,,,4,,,,,,,,,,,,,,,,,,,,,,,,,,16,"17,4",279,2,Ferro Fibroso,Double,32,,67,87,XL Engine,Compra,NO
Jupiter 2 Jupiter,100,Asalto,3070,3278,24522000,3,5,3,Clan,,,,,,,,,,,,,,,,2,,,,,2,,,,,,,,,,,,,,,,,,,,,,2,,,,,,,,,,,17,"19,2",307,2,Estandar,Double,34,,48,70,XL Engine,Compra,NO
Jupiter 3 Jupiter,100,Asalto,3075,3074,24414000,3,5,0,Clan,,,,,,,2,,,,,,,,,,,,,,,,,,,,,,,,,,,,,,,,,,,,2,,,,,,,,,,,12,"19,2",307,2,Estandar,Double,24,,18,30,XL Engine,Compra,NO
Jupiter 4 Jupiter,100,Asalto,3093,2955,29515333,4,6,0,Clan,,,,,,,,,,,,,,,,2,,,,,2,,,,,,2,,,,,,,,,,,,,,,,,,,,,,,,,,,21,"19,2",307,2,Estandar,Double,42,,46,66,XL Engine,Compra,NO
Jupiter  Jupiter,100,Asalto,3068,2784,24042000,3,5,0,Clan,,,,,,,,,,,,,,,,2,,,,,2,,,,,,,,,,,,,,,,,,,,,4,,,,,,,,,,,,17,"19,2",307,2,Estandar,Double,34,,44,70,XL Engine,Compra,NO
Kabuto KBO-7A Kabuto,20,Ligero,3060,524,2402239,7,11,0,Inner Sphere,,,,,,,,,,,,,,,,,,,,,,,,,,,2,,,,,,,,,,,,,,,,,,,,,,,,,,,10,"4,3",69,2,Estandar,Single,10,,6,16,XL Engine,Compra,NO
Kabuto KBO-7B Kabuto,20,Ligero,3068,635,2494639,7,11,0,Inner Sphere,,,,,,,,,,,,,,,2,,,,,,,,,,,,,,,,,,,,,,,,,,,,,,,,,,,,,,,11,"4,3",69,2,Estandar,Single,11,,20,20,XL Engine,Compra,NO
Karhu  Karhu,65,Pesado,3079,2488,21335740,5,8,7,Clan,,,,,,,13,1,,,1,,,1,,3,,1,,1,,,,,,,4,1,,,,,,,,,,,,,,2,,1,,,,,,,1,,2,12,"12,6",201,2,Ferro Fibroso,Double,24,,213,252,XL Engine,Compra,NO
Katana (Crockett) CRK-5003-2 Katana (Crockett),85,Asalto,3035,1629,7734825,3,5,3,Inner Sphere,,,2,,2,,,,,,,,,,,,,,,,,,,,2,,,,,,,,,,,,,,,,,,,,,,1,,,,,,,20,"12,5",200,2,Estandar,Single,20,,28,56,Fusion Engine,Compra,NO
Katana (Crockett) CRK-5003-C Katana (Crockett),85,Asalto,3057,1618,8155700,3,5,3,Inner Sphere,,,,,2,,,,,,,,,,,,,,,,,,,,2,,,,,,,,,,,,,,,,,,,,,,1,,,,,,,20,"12,5",200,2,Estandar,Single,20,,26,50,Fusion Engine,Compra,NO
Katana (Crockett) CRK-5003-CJ Katana (Crockett),85,Asalto,3071,1844,10448775,3,5,5,Inner Sphere,,,,,,,2,,,,,,,,2,,,,,,,,,,2,,,,,,,,,,,,,,,,,,,,,,1,,,,,,,15,"12,5",200,2,Estandar,Double,30,,40,64,Fusion Engine,Compra,NO
Katana (Crockett) CRK-5003-CM Katana (Crockett),85,Asalto,3057,1554,10293200,3,5,3,Inner Sphere,,,,,2,,,,,,,,,,,,,,,,,,,,1,,,,,,,,,,,,,,,,,,,,,,1,,,,,,,20,"12,5",200,2,Estandar,Single,20,,22,38,Fusion Engine,Compra,NO
Kheper KPH-7R Kheper,55,Medio,3135,1568,10902566,5,8,0,Inner Sphere,,,,,,,1,,,,,,,,,,,,,,,,,,,,,,,,,,,,,,,,,,,,,,,,,,,,1,,,10,"9,5",152,2,Ferro Fibroso,Double,20,,6,20,XL Engine,Compra,NO
King Crab KGC-000 King Crab,100,Asalto,2743,1906,10072000,3,5,0,Inner Sphere,,,,,1,,,,,,,,,,,,,,,,1,,,,,,,,,,,,,,,,,,,2,,,,,,,,,,,,,,15,"17,9",286,2,Ferro Fibroso,Single,15,,27,63,Fusion Engine,Compra,NO
King Crab KGC-0000 King Crab,100,Asalto,2815,1810,9572000,3,5,0,Inner Sphere,,,,,1,,,,,,,,,,,,,,,,1,,,,,,,,,,,,,,,,,,,2,,,,,,,,,,,,,,15,"17,0",272,2,Estandar,Single,15,,27,63,Fusion Engine,Compra,NO
King Crab KGC-000b King Crab,100,Asalto,2743,2039,10446000,3,5,0,Inner Sphere,,,,,1,,,,,,,,,,,,,,,,1,,,,,,,,,,,,,,,,,,,2,,,,,,,,,,,,,,12,"17,9",286,2,Ferro Fibroso,Double,24,,27,63,Fusion Engine,Compra,NO
King Crab KGC-001-BL King Crab,100,Asalto,3052,2487,10520000,3,5,0,Inner Sphere,,,,,,,,,,3,,,,,,,,,,,1,,,,,,,,,,,,,,,,,,,,,,,,,,,,,,2,,,10,"19,2",307,2,Estandar,Double,20,,19,63,Fusion Engine,Compra,NO
King Crab KGC-001 King Crab,100,Asalto,3052,2221,22410000,3,5,0,Inner Sphere,,,,,,,,,,,1,,,,,,,,,,1,,,,,2,,,,,,,,,,,,,,,,,,,,,,,,,2,,,13,"18,4",295,2,Ferro Fibroso,Single,13,,21,62,XL Engine,Compra,NO
King Crab KGC-005 King Crab,100,Asalto,3062,2264,13190000,3,5,0,Inner Sphere,,,,,,,,1,,,,,,,,,,,,,,,,,,,2,,,,,,,,,,,,,,,,,,,,,2,,,,,,12,"18,5",296,2,Estandar,Double,24,,30,64,Fusion Engine,Compra,NO
King Crab KGC-005r King Crab,100,Asalto,3071,2335,12100000,3,5,0,Inner Sphere,,,,,,,,,,,,,,,,,,1,,,,,,,,,1,,,,,,,,,,,,,,,,,,,,,2,,,,,,12,"18,0",288,2,Estandar,Double,24,,30,63,Fusion Engine,Compra,NO
King Crab KGC-007-BL King Crab,100,Asalto,3071,2539,10926000,3,5,0,Inner Sphere,,,,,,,,,,,,,,,,2,,,,,,,,,,,,1,,,,,,,,,,,,,,,,,,,,,,2,,,,15,"19,0",304,2,Estandar,Double,30,,36,42,Fusion Engine,Compra,NO
King Crab KGC-007 King Crab,100,Asalto,3071,2523,10738000,3,5,0,Inner Sphere,,,,,,,,,,,,,,,2,,,,,,,,,,,,,1,,,,,,,,,,,,,,,,,,,,,,2,,,1,11,"19,1",305,2,Ferro Fibroso,Double,22,,36,52,Fusion Engine,Compra,NO
King Crab KGC-008 King Crab,100,Asalto,3069,2369,16425000,3,5,3,Inner Sphere,,,,,,,2,,,,,,,,,,,2,,,,,,,,,,,,,,,,,,,,,,,,,,,,,,,,,,,,17,"19,2",307,2,Estandar,Double,34,,40,40,Fusion Engine,Compra,NO
King Crab KGC-008B King Crab,100,Asalto,3080,2374,15526000,3,5,3,Inner Sphere,,,,,,,2,,,,,,,,,,,2,,,,,,,,,,,,,,,,,,,,,,,,,,,,,,,,,,,,17,"19,2",307,2,Estandar,Double,34,,40,40,Fusion Engine,Compra,NO
King Crab KGC-009 King Crab,100,Asalto,3070,2260,15264000,3,5,0,Inner Sphere,,,,2,,,,,,,,,,,,,,,,,,,,,,,,,,,,,,,,,,,,,,,,,,,,,,,,,2,14,"19,2",307,2,Estandar,Double,28,,26,30,Fusion Engine,Compra,NO
King Crab KGC-010 King Crab,100,Asalto,2743,2181,11190000,3,5,0,Inner Sphere,,,,,,,,,,,,,,,2,,,,,,,,,,2,,,,,,,,,,,,,,,,,,,,,,2,,,,,,,10,"19,0",304,2,Estandar,Double,20,,32,64,Fusion Engine,Compra,NO
King Crab KGC-011 King Crab,100,Asalto,3150,2406,122620666,4,6,0,Inner Sphere,,,,,,,,,,,,,,,,,,,,,,,,,,,,,,,,,,,,,,,,,,,,,,,,2,,,,,1,16,"19,2",307,2,Estandar,Double,32,,22,50,XXL Engine,Compra,NO
Kingfisher  Kingfisher,90,Asalto,2887,2401,12902468,4,6,0,Clan,,,,,,3,16,5,,9,3,,3,2,,4,,,,1,1,,,,1,,,1,,,,,,,,1,,,,,,,1,1,,,1,,,,,,,17,"17,4",278,2,Ferro Fibroso,Double,34,,368,425,Fusion Engine,Compra,NO
Kintaro KTO-18-Salazar Mk II Kintaro,55,Medio,3070,1397,4877556,5,8,0,Inner Sphere,,,,2,,,,,,,,,,,,,,,,,,,,,,9,,,,,,,,,,,,,,,,,,,,,,,,,,,,12,"11,6",185,2,Ferro Fibroso,Double,24,,24,46,Fusion Engine,Compra,NO
Kintaro KTO-18-Salazar Mk III Kintaro,55,Medio,3070,1457,5162756,5,8,0,Inner Sphere,,,,2,,,,,,,,,,,,,,,,,,,,,,9,,,,,,,,,,,,,,,,,,,,,,,,,,,,11,"11,2",179,2,Ferro Fibroso,Double,22,,24,46,Fusion Engine,Compra,NO
Kintaro KTO-18-Salazar Kintaro,55,Medio,2792,1199,4576206,5,8,0,Inner Sphere,,,,2,,,,,,,,,,,,,,,,,,,,,3,,,,,,,,,,,,,,,,,,,,,,,,,,,,,13,"11,0",176,2,Estandar,Single,13,,18,46,Fusion Engine,Compra,NO
Kintaro KTO-18 Kintaro,55,Medio,2792,1187,4643406,5,8,0,Inner Sphere,,,,2,,,,,,,,,,,,,,,1,,,,,,3,,,,,,,,,,,,,,,,,,,,,,,,,,,,,10,"11,0",176,2,Estandar,Single,10,,20,51,Fusion Engine,Compra,NO
Kintaro KTO-19 Kintaro,55,Medio,2587,1160,4882906,5,8,0,Inner Sphere,,,,2,,,,,,,,,,,,,,,1,,,,,,2,,,,,,,,,,,,,,,,,,,,,,,,,,,,,10,"11,2",179,2,Ferro Fibroso,Single,10,,16,39,Fusion Engine,Compra,NO
Kintaro KTO-19b Kintaro,55,Medio,2731,1265,10119906,5,8,0,Inner Sphere,,,,2,,,,,,,,,,,,,,,,,1,,,,2,,,,,,,,,,,,,,,,,,,,,,,,,,,,,10,"11,6",185,2,Ferro Fibroso,Double,20,,19,49,XL Engine,Compra,NO
Kintaro KTO-20 Kintaro,55,Medio,3035,1357,4879906,5,8,0,Inner Sphere,,,,2,1,,,,,,,,,,,,,,1,,,,,,2,,,,,,,,,,,,,,,,,,,,,,,,,,,,,10,"11,2",179,2,Ferro Fibroso,Double,20,,24,47,Fusion Engine,Compra,NO
Kintaro KTO-21 Kintaro,55,Medio,3062,1295,6563206,5,8,0,Inner Sphere,,,,,,,2,,,,,,,,,,,,,,,,,,2,,,,,,,,,,,,,,,,,,,,,,,,,,,,,10,"10,6",170,2,Ferro Fibroso,Double,20,,18,34,Fusion Engine,Compra,NO
Kintaro KTO-C Kintaro,55,Medio,3051,1294,5205406,5,8,0,Inner Sphere,,,,1,1,,,,,,,,,,,,,,1,,,,,,2,,,,,,,,,,,,,,,,,,,,,,,,,,,,,10,"11,2",179,2,Ferro Fibroso,Double,20,,21,42,Fusion Engine,Compra,NO
Kintaro KTO-K Kintaro,55,Medio,3058,1571,5965656,5,8,5,Inner Sphere,,,,,,,3,,,,,,,,,,,,,,,,,,,,,2,,,,,,,,,,,,,,,,,,,,,,,,,,10,"11,2",179,2,Ferro Fibroso,Double,20,,23,39,Fusion Engine,Compra,NO
Kiso ConstructionMech K-3N-KR4 Kiso ConstructionMech,100,Asalto,2703,954,4692916,2,3,0,Inner Sphere,,,,,,,,,,,,,,,,,,,,,,,,,,,,,,,,,,,,,,,,,,,,,,,,,,,,,,10,"15,5",248,4,Estandar,Single,10,,0,0,Fusion Engine,Compra,NO
Kiso ConstructionMech K-3N-KR5 Kiso ConstructionMech,100,Asalto,2703,1091,4667916,2,3,0,Inner Sphere,,,,,,,,,,,,,,,,,,,,,,,,,,,,,,,,,,,,,,,,,,,,,,,,,,,,,,10,"18,5",296,4,Estandar,Single,10,,0,0,Fusion Engine,Compra,NO
Kit Fox (Uller)  Kit Fox (Uller),30,Ligero,2890,1085,5319712,6,9,6,Clan,,4,,,,3,6,3,3,5,3,,2,,,2,,,1,2,2,,,,1,,2,1,,,,,1,,,,,,,,,,1,,,1,,,,1,2,,,10,"4,8",76,2,Ferro Fibroso,Double,20,,216,328,XL Engine,Compra,NO
Kodiak 2 Kodiak,100,Asalto,3062,2856,29249333,4,6,4,Clan,,,,,,,4,1,,,,,,,,,,,,,,,,,,,,1,,,,,,,,,,,,,,,,1,,,,,,,,,,20,"17,5",280,2,Estandar,Double,40,,44,60,XL Engine,Compra,NO
Kodiak 3 Kodiak,100,Asalto,3068,2615,29825333,4,6,0,Clan,,,,,,,4,,,,,,,,,,,,,,,,,,,,,,,,,,,,,,,,,,,,,,,,,2,,,,,,14,"17,5",280,2,Estandar,Double,28,,32,60,XL Engine,Compra,NO
Kodiak 4 Kodiak,100,Asalto,3065,2728,29977333,4,6,0,Clan,,,,,,,4,,,,,,,,,,,,,,,2,,,,,,,,,,,,,,,,,,,,,,,,,,1,,,,,,20,"17,5",280,2,Estandar,Double,40,,38,80,XL Engine,Compra,NO
Kodiak 5 Kodiak,100,Asalto,3065,3067,29191333,4,6,0,Clan,,,,,,,9,2,,,,,,,,,,,,,,,,,,,,,,,,,,,,,,,,,,,,,,,,,,,1,,,23,"17,5",280,2,Estandar,Double,46,,70,76,XL Engine,Compra,NO
Kodiak II 2 Kodiak II,100,Asalto,3118,3142,117528666,4,6,0,Clan,,,,,,8,,,,,,,,,,1,,,,,,2,,,,,,,,,,,,,,,,,,,,,,,,,,,,,,,,16,"19,0",304,2,Estandar,Double,32,,43,74,XXL Engine,Compra,NO
Kodiak II  Kodiak II,100,Asalto,3095,3066,29143333,4,6,0,Clan,,,,,,8,,,,,,,,,,1,,,,1,,2,,,,,,,,,,,,,,,,,,,,,,,,,,,,,,,,20,"19,0",304,2,Estandar,Double,40,,47,84,XL Engine,Compra,NO
Kodiak  Kodiak,100,Asalto,3001,2927,29643333,4,6,0,Clan,,,,,,,8,1,,,,,,,,,,,,,,,,,,,,2,,,,,,,,,,,,,,,,1,,,,,,,,,,20,"17,5",280,2,Estandar,Double,40,,68,92,XL Engine,Compra,NO
Komodo KIM-2 Komodo,45,Medio,3053,1533,7738590,5,8,5,Inner Sphere,,,,10,,,,,,,,,,,,,,,,,,,,,,,,,,,,,,,,,,,,,,,,,,,,,,,,,,14,"7,5",120,2,Estandar,Double,28,,30,50,XL Engine,Compra,NO
Komodo KIM-2A Komodo,45,Medio,3053,1415,7738590,5,8,5,Inner Sphere,,,,5,,,,1,,,,,,,,,,,,,,,,,,,,,,,,,,,,,,,,,,,,,,,,,,,,,,14,"7,5",120,2,Estandar,Double,28,,27,33,XL Engine,Compra,NO
Komodo KIM-2C Komodo,45,Medio,3064,1533,8028590,5,8,5,Inner Sphere,,,,10,,,,,,,,,,,,,,,,,,,,,,,,,,,,,,,,,,,,,,,,,,,,,,,,,,14,"7,5",120,2,Estandar,Double,28,,30,50,XL Engine,Compra,NO
Komodo KIM-3C Komodo,45,Medio,3064,1371,9707690,5,8,5,Inner Sphere,,,,8,,,,,,,,,,,,,,,,,,,,,,,,,,,,,,,,,,,,,,,,,,,,,,,,,,12,"7,5",120,2,Estandar,Double,24,,24,40,XL Engine,Compra,NO
Koschei KSC-3I Koschei,65,Pesado,2504,1255,5970617,5,8,0,Inner Sphere,,,,2,,,,,,,,,,,,,,,,,,,,,,,,,,,,,,,,,,,1,,,,,,,,,,,,,,,10,"12,0",192,2,Estandar,Single,10,,9,20,Fusion Engine,Compra,NO
Koschei KSC-3L Koschei,65,Pesado,2634,1384,6079667,5,8,0,Inner Sphere,,,,1,1,,,,,,,,,,,,,,,,1,,,,,,,,,,,,,,,,,,,,,,,,,,,,,,,,,11,"12,0",192,2,Estandar,Single,11,,16,28,Fusion Engine,Compra,NO
Koschei KSC-4I Koschei,65,Pesado,2719,1516,7010317,5,8,0,Inner Sphere,,,,2,,,,,,2,,,,,,,,,,,,,,,,,,,,,,,,,,,,,,,,,,,,,1,,,,,,,10,"12,9",206,2,Ferro Fibroso,Double,20,,16,32,Fusion Engine,Compra,NO
Koschei KSC-4L Koschei,65,Pesado,2723,1503,6949817,5,8,0,Inner Sphere,,,,,,,,,,1,1,,,,,,,,,,1,,,,,,,,,,,,,,,,,,,,,,,,,,,,,,,,,10,"12,9",206,2,Ferro Fibroso,Double,20,,19,30,Fusion Engine,Compra,NO
Koschei KSC-5I Koschei,65,Pesado,3071,1961,16697147,5,8,5,Inner Sphere,,,,,,5,,,,,,,,,,,1,1,,,,,,,,,,,,,,,,,,,,,,,,,,,,,,,,,,,,13,"13,2",211,2,Ferro Fibroso,Double,26,,35,40,XL Engine,Compra,NO
Koschei KSC-5MC Koschei,65,Pesado,3068,1764,14295354,5,8,0,Inner Sphere,,,,,,5,,1,,,,,,,,,1,,,,,,,,,,,,,,,,,,,,,,,,,,,,,,,,,1,,,,14,"13,2",211,2,Ferro Fibroso,Double,28,,33,38,XL Engine,Compra,NO
Koschei KSC-5X Koschei,65,Pesado,3075,1554,16345449,5,8,5,Inner Sphere,,,,,,,2,,,1,1,,,,,,,,,,,,,,,,,,,,,,,,,,,,,,,,,,,,,,,,,,,11,"12,7",203,2,Ferro Fibroso,Double,22,,24,25,XL Engine,Compra,NO
Koschei KSC-6L Koschei,65,Pesado,3070,1465,13362742,5,8,0,Inner Sphere,,,,4,,,,,,,,,,,,,,,,,,,,,,,,,,,,,,,,,,,,,,,,,,,,,,,,,,12,"12,2",195,2,Ferro Fibroso,Double,24,,12,20,Light Fusion Engine,Compra,NO
Koshi (Mist Lynx)  Koshi (Mist Lynx),25,Ligero,2926,871,4765229,7,11,6,Clan,2,6,,,,12,6,2,,,,7,6,,,1,,,4,2,,,6,1,2,,1,1,,,,,2,1,,,,,,,1,,,,,,,,,,4,,1,10,"4,2",67,2,Ferro Fibroso,Double,20,,228,412,XL Engine,Compra,NO
Koshi (Standard) 2 Koshi (Standard),25,Ligero,3095,948,3702583,7,11,6,Clan,,,,,,,,,,,,,,,,,,,,,,,,,,,,2,,,,,,,,,,,,,,,,,,,,,,,,,,10,"4,2",67,2,Ferro Fibroso,Double,20,,8,24,XL Engine,Compra,NO
Koshi (Standard) 3 Koshi (Standard),25,Ligero,3095,777,4058333,7,11,6,Clan,,,,,,,,,,,,6,,,,,,,,,,,,,,,,,,,,,,,,,,,,,,,,,,,,,,,,,,11,"4,2",67,2,Ferro Fibroso,Double,22,,18,36,XL Engine,Compra,NO
Koshi (Standard)  Koshi (Standard),25,Ligero,3091,760,3925583,7,11,6,Clan,,,,,,,,,,,,,,,,,,,,,,,,4,,,,,,,,,,,,,,,,,,,,,,,,,,,,,,10,"4,2",67,2,Ferro Fibroso,Double,20,,12,32,XL Engine,Compra,NO
Kraken (Bane) 2 Kraken (Bane),100,Asalto,3053,2502,22828500,3,5,0,Clan,,4,,,,,,,,,,,,,,,,,,,,,,,,,,,,,,,,,,,,,,,,,4,,,,,,,,,,,10,"19,0",304,2,Estandar,Double,20,,16,48,XL Engine,Compra,NO
Kraken (Bane) 3 Kraken (Bane),100,Asalto,3054,2941,23538000,3,5,0,Clan,,,,,,,,,,,,,,,,,,,,,8,,,,,,1,,,,,,,,,,,,,,,,,,,,,,,,,,,19,"19,0",304,2,Estandar,Double,38,,43,128,XL Engine,Compra,NO
Kraken (Bane) 4 Kraken (Bane),100,Asalto,3066,2709,23834000,3,5,0,Clan,,,,,,,,1,,,,,,,,,,,,,,,,,,,,,,,,,,3,,,,,,,,,,2,,,,,,,,,,17,"19,0",304,2,Estandar,Double,34,,40,84,XL Engine,Compra,NO
Kraken (Bane)  Kraken (Bane),100,Asalto,2827,1950,22504500,3,5,0,Clan,,4,,,,,,,,,,,,,,,,,,,,,,,,,,,,,,,,,,,,,,,10,,,,,,,,,,,,,10,"19,0",304,2,Estandar,Double,20,,10,28,XL Engine,Compra,NO
Kuma 2 Kuma,60,Pesado,3083,2309,14842080,6,9,6,Clan,,,,,,,2,,,,,,,,,,,,,,,,,,,,,,,,,,,,1,,,,,,,,,,,,,,,,,,1,11,"12,6",201,2,Ferro Fibroso,Double,22,,23,28,XL Engine,Compra,NO
Kuma 3 Kuma,60,Pesado,3085,625,116008960,7,11,10,Clan,,,,,,,,,,,,,,,,,,,,,,,,,,,,,,,,,,,,,,,,,,,,,,,,,,,,,,10,"5,4",86,2,Ferro Fibroso,Double,20,,0,0,XXL Engine,Compra,NO
Kuma 4 Kuma,60,Pesado,3141,1865,15813760,6,9,6,Clan,,,,,,,2,1,,,,,,,,,,,,,,,,,,,,,,,,,,,,,,,,,,,,,,,,,,,,,,11,"12,6",201,2,Ferro Fibroso,Double,22,,22,18,XL Engine,Compra,NO
Kuma  Kuma,60,Pesado,3082,1952,16346880,6,9,8,Clan,,,,,,,2,,,,,,,1,,,,,,,,,,,,,,,,,,,,,,,,,,,,,,,,,,,,,,,,11,"12,6",201,2,Ferro Fibroso,Double,22,,28,26,XL Engine,Compra,NO
Kyudo KY2-D-02 Kyudo,45,Medio,2625,1286,4391120,5,8,0,Inner Sphere,,,,,,,,1,,,,,,,,,,,,,,1,,,,,,,,,,,,,,,,,,,,,,,,,,,,,,,,10,"8,9",143,2,Ferro Fibroso,Double,20,,18,28,Fusion Engine,Compra,NO
Kyudo KY2-D-03 Kyudo,45,Medio,3074,1167,4472120,5,8,0,Inner Sphere,,,,,,,,1,,,,,,,,,,,,,,,,,,,,,,,,,,,,,,,,,,,,,,,,,,,,,,10,"8,9",143,2,Ferro Fibroso,Double,20,,12,8,Fusion Engine,Compra,NO
Lament LMT-2R Lament,65,Pesado,3126,1999,14981724,5,8,0,Inner Sphere,,,,,,,3,,,,,,,,,,,2,,,,,,,,,,,,,,,,,,,,,,,,,,,,,,,,,,,,15,"13,2",211,2,Ferro Fibroso,Double,30,,45,45,XL Engine,Compra,NO
Lament LMT-3C Lament,65,Pesado,3135,1874,15709374,5,8,0,Inner Sphere,,,,,,,,,,,,,,,,3,,,,,,,,,,,,,,,,,,,,,,,,,,,,,,,,,,,,,,15,"13,2",211,2,Ferro Fibroso,Double,30,,45,30,XL Engine,Compra,NO
Lament LMT-3R Lament,65,Pesado,3135,1888,15348024,5,8,0,Inner Sphere,,,,,,,,,,,,,,,,3,,,,,,,,,,,,,,,,,,,,,,,,,,,,,,,,,,,,,,15,"13,2",211,2,Ferro Fibroso,Double,30,,45,30,XL Engine,Compra,NO
Lament LMT-4RC Lament,65,Pesado,3137,2474,16872624,5,8,0,Mixed,,,,,,,,,,,,,,4,,,,,,,,,,,,,,,,,,,,,,,,,,,,,,,,,,,,,,,,21,"13,2",211,2,Ferro Fibroso,Double,42,,72,64,XL Engine,Compra,NO
Lancelot C 2 Lancelot,60,Pesado,2857,2571,14771200,6,9,0,Clan,2,,,,,,,2,,,,,,,,1,,,,,,,,,,,,,,,,,,,,,,,,,,,,,,,,,,,,,,17,"9,5",152,2,Estandar,Double,34,,45,30,XL Engine,Compra,NO
Lancelot C Lancelot,60,Pesado,2832,1960,13305600,6,9,0,Clan,,,,,,,,,,,3,,,,,,,,,,,,,,,,,,,,,,,,,,,,,,,,,,,,,,,,,,,16,"9,5",152,2,Estandar,Double,32,,30,27,XL Engine,Compra,NO
Lancelot LNC25-01 Lancelot,60,Pesado,2581,1422,13025600,6,9,0,Inner Sphere,,,,1,2,,,,,,,,,,1,,,,,,,,,,,,,,,,,,,,,,,,,,,,,,,,,,,,,,,13,"9,5",152,2,Estandar,Double,26,,29,31,XL Engine,Compra,NO
Lancelot LNC25-01X Lancelot,60,Pesado,2765,1659,13888000,6,9,4,Inner Sphere,,,,1,,,,2,,,,,,,1,,,,,,,,,,,,,,,,,,,,,,,,,,,,,,,,,,,,,,,13,"9,5",152,2,Ferro Fibroso,Double,26,,37,31,XL Engine,Compra,NO
Lancelot LNC25-02 Salazar Lancelot,60,Pesado,2864,1236,4769600,4,6,0,Inner Sphere,,,,1,2,,,,,,,,,,1,,,,,,,,,,,,,,,,,,,,,,,,,,,,,,,,,,,,,,,19,"9,5",152,2,Estandar,Single,19,,29,31,Fusion Engine,Compra,NO
Lancelot LNC25-02 Lancelot,60,Pesado,2864,1236,4769600,4,6,0,Inner Sphere,,,,1,2,,,,,,,,,,1,,,,,,,,,,,,,,,,,,,,,,,,,,,,,,,,,,,,,,,19,"9,5",152,2,Estandar,Single,19,,29,31,Fusion Engine,Compra,NO
Lancelot LNC25-03 Lancelot,60,Pesado,2876,1360,11201300,5,8,0,Inner Sphere,,,,1,,,,,,,,,,,1,,,,,,,,,,,,,,,,,,,,,,,2,,,,,,,,,,,,,,,,10,"12,6",201,2,Estandar,Double,20,,15,25,XL Engine,Compra,NO
Lancelot LNC25-04 Lancelot,60,Pesado,3062,1640,14934400,6,9,0,Inner Sphere,,,,,,,,2,,,,,,,,1,,,,,,,,,,,,,,,,,,,,,,,,,,,,,,,,,,,,,,14,"11,2",179,2,Ferro Fibroso,Double,28,,39,26,XL Engine,Compra,NO
Lancelot LNC25-05 Lancelot,60,Pesado,2594,1365,12975400,6,9,0,Inner Sphere,,4,,,2,,,,,,,,,,1,,,,,,,,,,,,,,,,,,,,,,,,,,,,,,,,,,,,,,,11,"9,5",152,2,Estandar,Double,22,,26,34,XL Engine,Compra,NO
Lancelot LNC25-06 Lancelot,60,Pesado,3071,1661,15275200,6,9,0,Inner Sphere,,,,,,,,2,,,,,,,1,,,,,,,,,,,,,,,,,,,,,,,,,,,,,,,,,,,,,,,12,"11,2",179,2,Ferro Fibroso,Double,24,,34,26,XL Engine,Compra,NO
Lancelot LNC25-08 Lancelot,60,Pesado,3071,1162,15256000,6,9,0,Inner Sphere,,,,,,,,,,,,,,,1,,,,,,,,,,,,,,,,,,,,,,,,,,,,,,,2,,,,,,,,10,"9,5",152,2,Ferro Fibroso,Double,20,,12,20,XL Engine,Compra,NO
Lancelot Snord LNC25-02 SN Salazar Lancelot Snord,60,Pesado,3070,1639,13683200,6,9,0,Inner Sphere,,,,1,,,,3,,,,,,,,,,,,,,,,,,,,,,,,,,,,,,,,,,,,,,,,,,,,,,17,"11,8",188,2,Ferro Fibroso,Double,34,,39,29,XL Engine,Compra,NO
Lao Hu LHU-2B Lao Hu,75,Pesado,3062,1771,18703687,5,8,0,Inner Sphere,,,,,,,,1,,,,,,,,,,,,,1,,,,,,,,,,,,,,,,,,,,,,,,,,,1,,,,,,10,"13,5",216,2,Estandar,Double,20,,23,43,XL Engine,Compra,NO
Lao Hu LHU-3B Lao Hu,75,Pesado,3063,1497,21034937,5,8,0,Inner Sphere,,,,,,,,1,,,,,,,,,,,,1,,,,,,,,,,,,,,,,,,,,,,,,,,,1,,,,,,,10,"12,5",200,2,Estandar,Double,20,,18,28,XL Engine,Compra,NO
Lao Hu LHU-3C Lao Hu,75,Pesado,3064,1878,18025937,5,8,0,Inner Sphere,,,,,,,,1,,,,,,,,,,,3,,,,,,,,,,,,,,,,,,,,,,,,,,,,,,,,1,,,10,"13,5",216,2,Estandar,Double,20,,19,38,XL Engine,Compra,NO
Lao Hu LHU-3L Lao Hu,75,Pesado,3069,1995,18325687,5,8,0,Inner Sphere,,,,,,,,,,,,,,,,,,,,1,,,,,,,,,,,,,,,,,,,,,,,,,,,,,,1,,,1,10,"13,5",216,2,Estandar,Double,20,,15,25,XL Engine,Compra,NO
Lao Hu LHU-4E Lao Hu,75,Pesado,3078,2123,19756375,5,8,0,Inner Sphere,,,,,,,,,,,,,,,,,,1,,,,,,,,,,,,,,,,,,,,,,,,,,,,,,,,,1,,,14,"13,5",216,2,Furtivo,Double,28,,16,30,XL Engine,Compra,NO
Legacy LGC-01 Legacy,80,Asalto,3064,1967,9247890,3,5,3,Inner Sphere,,,,,,1,2,,,,,,,,,,,,,,,,,,,,1,,,,,,,,,,,,,,,,2,,,,,,,,,,,10,"15,4",247,2,Estandar,Double,20,,23,41,Fusion Engine,Compra,NO
Legacy LGC-02 Legacy,80,Asalto,3064,2033,9343890,3,5,3,Inner Sphere,,,,,,1,2,,,2,,,,,,,,,,,,2,,,,,1,,,,,,,,,,,,,,,,,,,,,,,,,,,10,"15,4",247,2,Estandar,Double,20,,35,73,Fusion Engine,Compra,NO
Legacy LGC-03 Legacy,80,Asalto,3070,2121,16353090,4,6,3,Inner Sphere,,,,,,1,2,,,,,,,,,,,2,,,,,,,,,1,,,,,,,,,,,,,,,,,,,,,,,,,,,14,"15,4",247,2,Estandar,Double,28,,45,51,Light Fusion Engine,Compra,NO
Legacy LGC-04-WVR Legacy,80,Asalto,3072,1745,20701980,4,6,4,Inner Sphere,,,,,,,,,,,,,,,,,2,,,,,,,,,,,,,,,,,,,,,,,,,,,,,,,,,,,,,11,"15,3",245,2,Ferro Fibroso,Double,22,,20,20,Light Fusion Engine,Compra,NO
Legacy LGC-05 Legacy,80,Asalto,3073,1628,13378290,3,5,2,Inner Sphere,,,,,,1,,,,,,,,,2,,,,,,,,,,,,,,,,,,,,,,,,,,,,,,,,,,,,,,,13,"15,4",247,2,Estandar,Double,26,,22,23,Compact Fusion Engine,Compra,NO
Legionnaire LGN-1X Legionnaire,50,Medio,3068,1322,10772500,7,11,0,Inner Sphere,,,,,,,2,,,,,,,,,,,,,,,,,,,,,,,,,,,,,,,,,,,,,,,,,,1,,,,,10,"10,0",160,2,Estandar,Double,20,,11,12,XL Engine,Compra,NO
Legionnaire LGN-2D (Raul) Legionnaire,50,Medio,3132,1520,10543000,7,11,0,Inner Sphere,,,,3,,,,,,,,,,,,,,,,,,,,,,,,,,,,,,,,,,,,,,,,,,,,,,1,,,,10,"9,5",152,2,Estandar,Double,20,,10,20,XL Engine,Compra,NO
Legionnaire LGN-2D Legionnaire,50,Medio,3073,1386,10408000,7,11,0,Inner Sphere,,,,,,,,,,,,,,,,,,,,,,,,,,,,,,,,,,,,,,,,,,,,,,,,,,1,,,,10,"9,5",152,2,Estandar,Double,20,,1,5,XL Engine,Compra,NO
Legionnaire LGN-2F Legionnaire,50,Medio,3077,1808,11638000,7,11,0,Inner Sphere,,,,,,,2,,,,,,,,,,,,,,,,,,,,,,,,,,,,,,,,,,,,,,,,,,,1,,,,10,"9,5",152,2,Estandar,Double,20,,11,15,XL Engine,Compra,NO
Legionnaire LGN-2K Legionnaire,50,Medio,3132,1597,12712000,7,11,7,Inner Sphere,,,,,,,,,,,,,,,,1,,,,,,,,,,,,,,,,,,,,,,,,,,,,,,,,,,,,,,10,"10,0",160,2,Estandar,Double,20,,15,10,XL Engine,Compra,NO
Legionnaire LGN-2XA Legionnaire,50,Medio,3075,1172,10599500,7,11,0,Inner Sphere,,,,,,,,,,,,,,,,,,,,,,,,,,,,,,,,,,,,,,,,,,,,,,,,,,,,,,10,"8,5",136,2,Estandar,Double,20,,0,0,XL Engine,Compra,NO
Legionnaire LGN-2XU Legionnaire,50,Medio,3075,1128,10531000,7,11,0,Inner Sphere,,,,,,,,,,,,,,,,,,,,,,,,,,,,,,,,,,,,,,,,,,,1,,,,,,,,,,,10,"7,2",116,2,Ferro Fibroso,Double,20,,4,10,XL Engine,Compra,NO
Lightray LGH-4W Lightray,55,Medio,3065,1450,12577810,7,11,0,Inner Sphere,,,,,,1,2,,,,1,,,,,,,,,,,,,,,,,,,,,,,,,,,,,,,,,,,,,,,,,,,10,"11,6",185,2,Ferro Fibroso,Double,20,,22,22,XL Engine,Compra,NO
Lightray LGH-4Y Lightray,55,Medio,3064,1379,12589310,7,11,0,Inner Sphere,,,,,,1,2,,,,1,,,,,,,,,,,,2,,,,,,,,,,,,,,,,,,,,,,,,,,,,,,,10,"11,6",185,2,Ferro Fibroso,Double,20,,26,30,XL Engine,Compra,NO
Lightray LGH-5W Lightray,55,Medio,3065,1674,12771560,7,11,0,Inner Sphere,,,,,,1,2,,,,,,,,,1,,,,,,,,,,,,,,,,,,,,,,,,,,,,,,,,,,,,,,10,"11,6",185,2,Ferro Fibroso,Double,20,,27,23,XL Engine,Compra,NO
Lightray LGH-6W Lightray,55,Medio,3067,1554,13994123,7,11,0,Inner Sphere,,,,,,,3,,,,,,,,,1,,,,,,,,,,,,,,,,,,,,,,,,,,,,,,,,,,,,,,10,"11,6",185,2,Ferro Fibroso,Double,20,,30,25,XL Engine,Compra,NO
Lightray LGH-7W Lightray,55,Medio,3069,1352,14407623,7,11,0,Inner Sphere,,,,,,,1,,,,,,,,,,1,,,,,,,,,,,,,,,,,,,,,,,,,,,,,,,,,,,,,10,"11,6",185,2,Ferro Fibroso,Double,20,,15,15,XL Engine,Compra,NO
LIGHTRAY  LIGHTRAY,55,Medio,3070,1507,12444123,7,11,0,Inner Sphere,,,,,,,2,,,,,,,,1,,,,,,,,,,,,,,,,,,,,,,,,,,,,,,,,,,,,,,,10,"11,0",176,2,Estandar,Double,20,,20,20,XL Engine,Compra,NO
Linebacker  Linebacker,65,Pesado,3150,2390,20188734,6,9,6,Clan,2,8,,,,4,13,4,,,1,,,4,,3,,,3,,1,,,,4,2,2,4,,,,,,2,,,,,,,,1,,,,,,,,,1,,2,14,"12,0",192,2,Ferro Fibroso,Double,28,,331,426,XL Engine,Compra,NO
Lineholder KW1-LH2 Lineholder,55,Medio,3058,1280,4499166,5,8,0,Inner Sphere,,,,4,1,,,,,,,,,,,,,,2,,,,,,,,,,,,,,,,,,,,,,,,,,,,,,,,,,,14,"10,0",160,2,Estandar,Single,14,,24,38,Fusion Engine,Compra,NO
Lineholder KW1-LH3 Lineholder,55,Medio,3059,1214,4592166,5,8,0,Inner Sphere,,,,,,,,1,,2,,,,,,,,,2,,,,,,,,,,,,,,,,,,,,,,,,,,,,,,,,,,,14,"10,0",160,2,Estandar,Single,14,,24,30,Fusion Engine,Compra,NO
Lineholder KW1-LH8 'Linebreaker' Lineholder,55,Medio,3065,1330,5120066,5,8,0,Inner Sphere,,,,,,,,1,,,,,,,,,,,,,,,,,,,,,,,,,,,,,,,,,,,,,,,,,2,,,,,10,"9,5",152,2,Ferro Fibroso,Double,20,,14,12,Fusion Engine,Compra,NO
Lineholder KW2-LHW Lineholder,55,Medio,3065,1484,6439766,5,8,0,Inner Sphere,,,,,,,4,1,,,,,,,,,,,2,,,,,,,,,,,,,,,,,,,,,,,,,,,,,,,,,,,14,"11,2",179,2,Ferro Fibroso,Double,28,,36,38,Fusion Engine,Compra,NO
Lobo 2 Lobo,40,Medio,3072,1869,7411999,6,9,0,Clan,,,,,,,2,,,,1,,,,,,,,,,,,,,,,,,,,,,,,,,,,,,,,,,,,,,,,2,,2,11,"8,4",134,2,Ferro Fibroso,Double,22,,36,49,XL Engine,Compra,NO
Lobo 3 Lobo,40,Medio,3077,1824,6893000,6,9,0,Clan,,2,,,,,,,,1,,,,,,1,,,,,,,,,,,2,,,,,,,,,,,,,,,,,,,,,,,,2,,,11,"8,4",134,2,Ferro Fibroso,Double,22,,27,66,XL Engine,Compra,NO
Lobo  Lobo,40,Medio,3059,1715,7433600,6,9,0,Clan,,,,,,,,1,,,,1,2,,,,,,,,,,,,,,,,,,,,,2,,,,,,,,,,,,,,,,,,,,10,"8,4",134,2,Ferro Fibroso,Double,20,,37,58,XL Engine,Compra,NO
Locust C Locust,20,Ligero,3050,672,1550199,8,12,0,Mixed,,,,,,2,,,,1,,,,,,,,,,,,,,,,,,,,,,,,,,,,,,,,,,,,,,,,,,,,10,"4,0",64,2,Estandar,Single,10,,8,12,Fusion Engine,Compra,NO
Locust IIC 2 Locust IIC,25,Ligero,2837,937,2148791,8,12,0,Clan,,,,,,,1,,,,,,,,,,,,,,,,,,,4,,,,,,,,,,,,,,,,,,,,,,,,,,,,10,"4,8",76,2,Ferro Fibroso,Double,20,,13,21,Fusion Engine,Compra,NO
Locust IIC 3 Locust IIC,25,Ligero,2853,980,2147291,8,12,0,Clan,,,,,,,,1,2,,,,,,,,,,,,,,,,,,,,,,,,,,,,,,,,,,,,,,,,,,,,,10,"4,8",76,2,Ferro Fibroso,Double,20,,16,14,Fusion Engine,Compra,NO
Locust IIC 4 Locust IIC,25,Ligero,3064,795,2122291,8,12,0,Clan,,,,,,,1,,,,,6,,,,,,,,,,,,,,,,,,,,,,,,,,,,,,,,,,,,,,,,,,12,"4,8",76,2,Ferro Fibroso,Double,24,,23,41,Fusion Engine,Compra,NO
Locust IIC 5 Locust IIC,25,Ligero,3066,878,2357291,8,12,0,Clan,,,,,,,1,,,,,,,,,,,,,,,,,,,,,,,,,,2,,,,,,,,,,,,,,,,,,,,,10,"4,8",76,2,Ferro Fibroso,Double,20,,9,17,Fusion Engine,Compra,NO
Locust IIC 6 Locust IIC,25,Ligero,3075,776,2092666,8,12,0,Clan,,2,,,,,1,,,,,,,,,,,,,,,,,,,,,,,,,,,,,,,,,,,,,,,,,,,,,,,10,"5,4",86,2,Ferro Fibroso,Double,20,,5,9,Fusion Engine,Compra,NO
Locust IIC 7 Locust IIC,25,Ligero,3076,980,2172791,8,12,0,Clan,,,,,,,1,,,,,,,,,,,,,,,,,,,,,,,,,,,,,,,,,,,,,,,,,,,,6,,,10,"4,8",76,2,Ferro Fibroso,Double,20,,11,95,Fusion Engine,Compra,NO
Locust IIC 8 Locust IIC,25,Ligero,3084,1119,4565625,12,18,0,Clan,,,,,,,,1,,,,,,,,,,,,,,,,,,,,,,,,,,,,,,,,,,,,,,,,,,,,,,10,"4,8",76,2,Ferro Fibroso,Double,20,,12,8,XL Engine,Compra,NO
Locust IIC 9 Locust IIC,25,Ligero,3085,1133,17970833,14,21,0,Mixed,,,,,,,,,,,,,2,,,,,,,,,,,,,,,,,,,,,,,,,,,,,,,,,,,,,,,,,10,"5,6",89,2,Ferro Fibroso,Double,20,,14,20,XXL Engine,Compra,NO
Locust IIC  Locust IIC,25,Ligero,2823,1100,2044791,8,12,0,Clan,,,,,,8,,,,1,,,,,,,,,,,,,,,,,,,,,,,,,,,,,,,,,,,,,,,,,,,,10,"4,8",76,2,Ferro Fibroso,Double,20,,20,30,Fusion Engine,Compra,NO
Locust LCT-1E Locust,20,Ligero,2811,553,1574199,8,12,0,Inner Sphere,,,2,2,,,,,,,,,,,,,,,,,,,,,,,,,,,,,,,,,,,,,,,,,,,,,,,,,,10,"4,0",64,2,Estandar,Single,10,,8,16,Fusion Engine,Compra,NO
Locust LCT-1L Locust,20,Ligero,3030,474,1848199,8,12,0,Inner Sphere,,2,,1,,,,,,,,,,,,,,,,,,,,,,,,,,,,,,,,,,,,,,,,,,,,,,,,,,10,"4,0",64,2,Estandar,Single,10,,3,9,Fusion Engine,Compra,NO
Locust LCT-1M Locust,20,Ligero,2571,424,1565199,8,12,0,Inner Sphere,,,,1,,,,,,,,,,,,,,,2,,,,,,,,,,,,,,,,,,,,,,,,,,,,,,,,,,,10,"1,0",16,2,Estandar,Single,10,,7,15,Fusion Engine,Compra,NO
Locust LCT-1S Locust,20,Ligero,2567,440,1538199,8,12,0,Inner Sphere,,,,1,,,,,,,,,,,,,,,,,,,2,,,,,,,,,,,,,,,,,,,,,,,,,,,,,,,10,"3,0",48,2,Estandar,Single,10,,7,13,Fusion Engine,Compra,NO
Locust LCT-1V Locust,20,Ligero,2499,432,1512199,8,12,0,Inner Sphere,,2,,1,,,,,,,,,,,,,,,,,,,,,,,,,,,,,,,,,,,,,,,,,,,,,,,,,,10,"4,0",64,2,Estandar,Single,10,,3,9,Fusion Engine,Compra,NO
Locust LCT-1V2 Locust,20,Ligero,3065,568,1571199,8,12,0,Inner Sphere,,,,1,,,,,,,,,,,,,,,,,,,,,,,,,,,,,,,,,,,,,,,,,,,,,,,,,,10,"4,0",64,2,Estandar,Single,10,,3,5,Fusion Engine,Compra,NO
Locust LCT-1Vb Locust,20,Ligero,2750,642,2598400,8,12,0,Inner Sphere,,,,1,,,,,2,2,,,,,,,,,,,,,,,,,,,,,,,,,,,,,,,,,,,,,,,,,,,,10,"4,3",69,2,Ferro Fibroso,Double,20,,15,23,XL Engine,Compra,NO
Locust LCT-3V Locust,20,Ligero,3004,536,1553199,8,12,0,Inner Sphere,,,,2,,,,,,,,,,,,,,,,,,,,,,,,,,,,,,,,,,,,,,,,,,,,,,,,,,10,"4,3",69,2,Estandar,Single,10,,6,10,Fusion Engine,Compra,NO
Locust LCT-3M Locust,20,Ligero,3050,522,1787999,8,12,0,Inner Sphere,,,4,1,,,,,,,,,,,,,,,,,,,,,,,,,,,,,,,,,,,,,,,,,,,,,,,,,,10,"3,3",53,2,Ferro Fibroso,Single,10,,7,17,Fusion Engine,Compra,NO
Locust LCT-3S Locust,20,Ligero,3049,483,1689999,8,12,0,Inner Sphere,,,,1,,,,,,,,,,,,,,,,,,,,,,2,,,,,,,,,,,,,,,,,,,,,,,,,,,,10,"2,8",44,2,Ferro Fibroso,Single,10,,7,13,Fusion Engine,Compra,NO
Locust LCT-3V Salazar Locust,20,Ligero,3004,536,1553199,8,12,0,Inner Sphere,,,,2,,,,,,,,,,,,,,,,,,,,,,,,,,,,,,,,,,,,,,,,,,,,,,,,,,10,"4,3",69,2,Estandar,Single,10,,6,10,Fusion Engine,Compra,NO
Locust LCT-5M Locust,20,Ligero,3066,719,3318000,12,18,0,Inner Sphere,,,,,,4,1,,,,,,,,,,,,,,,,,,,,,,,,,,,,,,,,,,,,,,,,,,,,,,,10,"4,3",69,2,Ferro Fibroso,Single,10,,13,17,XL Engine,Compra,NO
Locust LCT-5M2 Locust,20,Ligero,3087,693,3327999,11,17,0,Inner Sphere,,,,,,,1,,,2,,,,,,,,,,,,,,,,,,,,,,,,,,,,,,,,,,,,,,,,,,,,10,"3,3",53,2,Ferro Fibroso,Double,20,,13,17,XL Engine,Compra,NO
Locust LCT-5M3 Locust,20,Ligero,3088,929,2916000,9,14,0,Inner Sphere,,,,,,,2,1,,,,,,,,,,,,,,,,,,,,,,,,,,,,,,,,,,,,,,,,,,,,,,10,"3,9",62,2,Ferro Fibroso,Double,20,,22,18,XL Engine,Compra,NO
Locust LCT-5T Locust,20,Ligero,3070,520,2462450,8,12,0,Inner Sphere,,2,,,,,1,,,,,,,,,,,,,,,,,,,,,,,,,,,,,,,,,,,,,,,,,,,,,,,10,"4,3",69,2,Ferro Fibroso,Single,10,,5,9,XL Engine,Compra,NO
Locust LCT-5V Locust,20,Ligero,3068,665,1799199,8,12,0,Inner Sphere,,,,,,,2,,,,,,,,,,,,,,,,,,,,,,,,,,,,,,,,,,,,,,,,,,,,,,,10,"4,3",69,2,Ferro Fibroso,Double,20,,10,10,Fusion Engine,Compra,NO
Locust LCT-5W Locust,20,Ligero,3076,695,3840000,9,14,0,Inner Sphere,,,,,,,2,,,,,,,,,,,,,,,,,,,,,,,,,,,,,,,,,,,,,,,,,,,,,,,10,"4,2",67,2,Ferro Fibroso,Double,20,,10,10,XL Engine,Compra,NO
Locust LCT-5W2 Locust,20,Ligero,3079,787,3480000,9,14,0,Inner Sphere,,,,,,,2,,,,,,,,,,,,,,,,,,,,,,,,,,,,,,,,,,,,,,,,,,,,,,,10,"4,2",67,2,Ferro Fibroso,Double,20,,10,10,XL Engine,Compra,NO
Locust LCT-6M Locust,20,Ligero,3071,956,4277499,14,21,0,Inner Sphere,,,,,,1,2,,,,,,,,,,,,,,,,,,,,,,,,,,,,,,,,,,,,,,,,,,,,,,,10,"4,3",69,2,Ferro Fibroso,Double,20,,12,13,XL Engine,Compra,NO
Loki (Hellbringer)  Loki (Hellbringer),65,Pesado,2926,2654,19014656,5,8,5,Clan,,4,,,,6,17,7,,4,,4,,2,,6,,,,1,1,1,,,4,,1,2,,,,,,2,,,,,,,,3,,,,1,2,1,,,4,1,4,13,"8,0",128,2,Estandar,Double,26,,432,601,XL Engine,Compra,NO
Loki Mk II (Hellbringer Mk II)  Loki Mk II (Hellbringer Mk II),65,Pesado,3121,2189,15698593,4,6,0,Mixed,,,,,,,,3,,6,,,2,,,2,,,,,,,,,,,1,,,,,,,,,,,,,,,,,,,,1,,,,4,,,10,"11,4",182,2,Ferro Fibroso,Double,20,,113,178,XL Engine,Compra,NO
Longbow LGB-0W Longbow,85,Asalto,2529,1337,8494670,4,6,0,Inner Sphere,,,1,,,,,,,,,,,,,,,,2,,,2,,,,,,,,,,,,,,,,,,,,,,,,,,,,,,,,13,"9,0",144,2,Estandar,Single,13,,17,53,Fusion Engine,Compra,NO
Longbow LGB-12 Blackmore Longbow,85,Asalto,3082,2179,9192275,3,5,3,Inner Sphere,,,,4,,,,,,,,,,,,,,,,,4,,,,,,,,,,,,,,,,,,,,,,,,,,,,,,,,,11,"14,5",232,2,Estandar,Double,22,,32,80,Fusion Engine,Compra,NO
Longbow LGB-12R Longbow,85,Asalto,3082,1979,13873575,3,5,3,Inner Sphere,,,,,,,1,1,,,,,,,,,,,,,4,,,,,,,,,,,,,,,,,,,,,,,,,,,,,,,,,11,"13,5",216,2,Estandar,Double,22,,37,73,Light Fusion Engine,Compra,NO
Longbow LGB-13C Longbow,85,Asalto,3070,1397,21002645,4,6,0,Inner Sphere,,,,,,3,,,,,,,,,,,,,,,,,,,,,,,,,,,,,,,,,,,,,,,,,,,,,,,,12,"12,5",200,2,Estandar,Double,24,,6,9,XL Engine,Compra,NO
Longbow LGB-13NAIS Blackmore Ed Longbow,85,Asalto,3069,1785,17176750,3,5,0,Inner Sphere,,,,,,2,,,,,,,,,,,,,,,,4,,,,,,,,,,,,,,,,,,,,,,,,,,,,,,,,12,"12,7",203,2,Ferro Fibroso,Double,24,,28,86,XL Engine,Compra,NO
Longbow LGB-13NAIS Longbow,85,Asalto,3069,1806,9279187,3,5,0,Inner Sphere,,,,,,1,2,,,,,,,,,,,,,,,,,,,,,,,,,,,,,,,,,,,,,,,,,,,,,,,10,"16,4",263,2,Estandar,Double,20,,12,13,Fusion Engine,Compra,NO
Longbow LGB-14C Longbow,85,Asalto,3070,1421,16325425,3,5,0,Inner Sphere,,,,,,,3,,,,,,,,,,,,,,,,,,,,,,,,,,,,,,,,,,,,,,,,,,,,,,,10,"14,0",224,2,Estandar,Double,20,,15,15,XL Engine,Compra,NO
Longbow LGB-14C2 Longbow,85,Asalto,3088,1291,16908175,3,5,0,Inner Sphere,,,,,,,1,,,,,,,,,,,,,,,,,,,,,,,,,,,,,,,,,,,,,,,,,,,,,,,10,"14,0",224,2,Estandar,Double,20,,5,5,XL Engine,Compra,NO
Longbow LGB-7Q Longbow,85,Asalto,2610,1618,7280825,3,5,0,Inner Sphere,,,,2,,,,,,,,,,,,,,,2,,,2,,,,,,,,,,,,,,,,,,,,,,,,,,,,,,,,22,"14,5",232,2,Estandar,Single,22,,22,60,Fusion Engine,Compra,NO
Longbow LGB-7V Longbow,85,Asalto,2652,1816,16870325,3,5,0,Inner Sphere,,,,,,,,1,,5,,,,,,,,,,,,2,,,,,,,,,,,,,,,,,,,,,,,,,,,,,,,,14,"16,0",256,2,Estandar,Double,28,,44,78,XL Engine,Compra,NO
Longbow LGB-8V Longbow,85,Asalto,3068,1808,16602925,3,5,0,Inner Sphere,,,,,,,,1,,2,,,,,,,,,,,,,,,,,,,,,,,,,,,,,,,,,,,,,,,,,,,,10,"16,0",256,2,Estandar,Double,20,,20,20,XL Engine,Compra,NO
Lu Wei Bing LN-4B Lu Wei Bing,85,Asalto,3110,2045,19285767,4,6,4,Inner Sphere,,,,,,,,,,,,,,,2,,,,,,,,,,,,,,,,,,,,,,,,,,,,,,,,,1,,,,,,10,"16,0",256,2,Estandar,Double,20,,26,40,Light Fusion Engine,Compra,NO
Lumberjack LM5/M MilitiaMech Lumberjack,70,Pesado,3076,1360,3979405,3,5,3,Inner Sphere,,,,2,1,,,,,,,,,,,,,,,,2,,,,,,,,,,,,,,,,,,,,,,,,,,,,,,,,,11,"12,0",192,2,Estandar,Single,11,,24,48,Fusion Engine,Compra,NO
Lumberjack LoggerMech LM1/A Lumberjack LoggerMech,60,Pesado,2355,308,2028369,3,5,0,Inner Sphere,,,,,,,,,,,,,,,,,,,,,,,,,,,,,,,,,,,,,,,,,,,,,,,,,,,,,,0,"5,2",84,2,Estandar,Single,0,,0,0,Primitive I.C.E. Engine,Compra,NO
Lumberjack LoggerMech LM4/C Lumberjack LoggerMech,70,Pesado,2489,316,2150955,3,5,0,Inner Sphere,,,,,,,,,,,,,,,,,,,,,,,,,,,,,,,,,,,,,,,,,,,,,,,,,,,,,,0,"4,5",72,2,Estandar,Single,0,,0,0,I.C.E. Engine,Compra,NO
Lumberjack LoggerMech MOD LM4/P Lumberjack LoggerMech MOD,70,Pesado,2811,651,2532905,3,5,0,Inner Sphere,,,,,,,,,,,,,,,,,,,,1,,,,,,,,,,,,,,,,,,,,,,,,,,,,,,,,,,4,"7,5",120,2,Estandar,Single,4,,4,10,I.C.E. Engine,Compra,NO
Lupus  Lupus,60,Pesado,3025,2428,9091200,5,8,5,Clan,,,,,,2,6,,,4,1,,2,2,,,,,,1,,2,,,,,,,,,,,,,,,,,,,,,1,,,,,1,,1,,,,10,"10,8",172,2,Ferro Fibroso,Double,20,,137,206,Fusion Engine,Compra,NO
Lynx C Lynx,55,Medio,2848,2712,10794329,5,8,5,Clan,,,,,,1,2,1,,,1,,,,,1,,,,,,,,,,,,,,,,,,,,,,,,,,,,,,,,,,,,,,17,"11,6",185,2,Ferro Fibroso,Double,34,,49,40,XL Engine,Compra,NO
Lynx LNX-8Q Lynx,55,Medio,2853,1292,4417241,5,8,0,Inner Sphere,,,,2,2,,,,,,,,,,,,,,,,,,,,,,,,,,,,,,,,,,,,,,,,,,,,,,,,,15,"11,0",176,2,Estandar,Single,15,,22,26,Fusion Engine,Compra,NO
Lynx LNX-9C Lynx,55,Medio,3058,1630,10105241,5,8,5,Inner Sphere,,,,4,,,,,,,,,,,,1,,,,,,,,,,2,,,,,,,,,,,,,,,,,,,,,,,,,,,,15,"11,6",185,2,Estandar,Double,30,,31,38,XL Engine,Compra,NO
Lynx LNX-9Q Lynx,55,Medio,2761,1725,10105741,5,8,5,Inner Sphere,,,,4,1,,,,,,,,,,,1,,,,,,,,,,,,,,,,,,,,,,,,,,,,,,,,,,,,,,15,"11,6",185,2,Estandar,Double,30,,35,38,XL Engine,Compra,NO
Lynx LNX-9R Lynx,55,Medio,3058,1755,10260741,5,8,5,Inner Sphere,,,,4,,,,1,,,,,,,,1,,,,,,,,,,,,,,,,,,,,,,,,,,,,,,,,,,,,,,15,"11,6",185,2,Estandar,Double,30,,39,38,XL Engine,Compra,NO
Mackie MSK-6S Mackie,100,Asalto,2439,1461,10152000,3,5,0,Inner Sphere,,,,2,,,,,,,,,,,1,,,,,,,,,,,,,,,,,,,,,,,,1,,,,,,,,,,,,,,,15,"13,4",214,2,Estandar,Single,15,,19,30,Primitive Fusion Engine,Compra,NO
Mackie MSK-7A Mackie,100,Asalto,2470,1900,9224000,3,5,0,Inner Sphere,,,,,2,,,,,,,,,,1,,,,,,,,,,,,,,,,,,,,,,,,,1,,,,,,,,,,,,,,21,"19,0",304,2,Estandar,Single,21,,33,46,Fusion Engine,Compra,NO
Mackie MSK-8B Mackie,100,Asalto,2576,2019,9504000,3,5,0,Inner Sphere,,,,2,,,,,,,,,,,2,,,,,,,,,,,,,,,,,,,,,,,,,1,,,,,,,,,,,,,,21,"19,2",307,2,Estandar,Single,21,,33,50,Fusion Engine,Compra,NO
Mackie MSK-9H Mackie,100,Asalto,2576,2022,9890000,3,5,0,Inner Sphere,,,,2,,,,,,,,,,,2,,,,,,,,,,,,,,,,,,,,,,,,,1,,,,,,,,,,,,,,20,"19,0",304,2,Estandar,Single,20,,33,50,Fusion Engine,Compra,NO
Mad Cat (Timber Wolf)  Mad Cat (Timber Wolf),75,Pesado,2945,2737,24160687,5,8,5,Clan,1,8,,,,10,16,14,2,14,8,,2,2,,8,,,4,1,4,10,,4,4,,3,9,,,,,,,4,,,,,,,1,,1,,,,,,,6,,,15,"14,4",230,2,Ferro Fibroso,Double,30,,785,1223,XL Engine,Compra,NO
Mad Cat Mk II Enhanced Mad Cat Mk II,90,Asalto,3083,2732,24201400,4,6,4,Clan,,,,,,,2,,,,2,,,,,,,,,2,,,,,,,,,,,,,,,,,,,,,,,,,,,,,,,,,,18,"12,5",200,2,Estandar,Double,36,,38,48,XL Engine,Compra,NO
Mad Cat III 2 Mad Cat III,55,Medio,3131,2095,12497200,6,9,5,Clan,,,,,,,,,,,,,2,,,,,,,,,2,,,,,,,,,,,,,,,,,,,,,,,,,,,,,,,,16,"11,6",185,2,Ferro Fibroso,Double,32,,26,60,XL Engine,Compra,NO
Mad Cat III 3 Mad Cat III,55,Medio,3094,2515,12760250,6,9,0,Clan,,,,,,,2,,,,,,,,,1,,,,,,2,,,,,,,,,,,,,,,,,,,,,,,,,,,,,,,,12,"10,2",163,2,Ferro Fibroso,Double,24,,37,60,XL Engine,Compra,NO
Mad Cat III 4 Mad Cat III,55,Medio,3095,2061,12309325,6,9,0,Clan,,,,,,2,2,,,,,,,,,,,,,,,2,,,,,,,,,,,,,,,,,,,,,,,,,,,,,,,,16,"10,8",172,2,Ferro Fibroso,Double,32,,26,56,XL Engine,Compra,NO
Mad Cat III 5 Mad Cat III,55,Medio,3097,2095,12497200,6,9,5,Clan,,,,,,,,,,,,,2,,,,,,,,,2,,,,,,,,,,,,,,,,,,,,,,,,,,,,,,,,16,"11,6",185,2,Ferro Fibroso,Double,32,,26,60,XL Engine,Compra,NO
Mad Cat III  Mad Cat III,55,Medio,3132,2061,12309325,6,9,0,Clan,,,,,,2,2,,,,,,,,,,,,,,,2,,,,,,,,,,,,,,,,,,,,,,,,,,,,,,,,16,"10,8",172,2,Ferro Fibroso,Double,32,,26,56,XL Engine,Compra,NO
Mad Cat Mk II 2 Mad Cat Mk II,90,Asalto,3069,2822,24417500,4,6,3,Clan,,,,,,,2,,,,,,,,,,,,,,,,,,,,4,,,,,,,,,,,,,,,,,,,,,1,,,1,,,13,"15,6",249,2,Ferro Fibroso,Double,26,,29,77,XL Engine,Compra,NO
Mad Cat Mk II 3 Mad Cat Mk II,90,Asalto,3082,3168,24633300,4,6,0,Clan,,,,,,,4,,,,,,,,,,,,,2,,,,,,,,,,,,,,,,,,,,,,,,,,,,,,,,,,12,"17,4",278,2,Ferro Fibroso,Double,24,,28,40,XL Engine,Compra,NO
Mad Cat Mk II 4 Mad Cat Mk II,90,Asalto,3090,2962,24275800,4,6,4,Clan,,,,,,,,4,,,,,,,,,,,,,2,,,,,,,,,,,,,,,,,,,,,,,,,,,,,,,,,20,"17,4",278,2,Ferro Fibroso,Double,40,,58,62,XL Engine,Compra,NO
Mad Cat Mk II 5 Mad Cat Mk II,90,Asalto,3109,2491,26019650,4,6,6,Clan,,,,,,,,,,,,,1,1,,,,,,,,,,,,,,,,,,,,,,,,,,,,,,,,,,,,,1,,,14,"17,4",278,2,Ferro Fibroso,Double,28,,26,41,XL Engine,Compra,NO
Mad Cat Mk II 6 Mad Cat Mk II,90,Asalto,3139,2655,28019300,4,6,4,Clan,,,,,,,4,,,,,,,,,2,,,,,,,,,,,,,,,,,,,,,,,,,,,,,,,,,,,,,,14,"15,6",249,2,Ferro Fibroso,Double,28,,50,40,XL Engine,Compra,NO
Mad Cat Mk II  Mad Cat Mk II,90,Asalto,3066,3135,23891900,4,6,3,Clan,,,,,,,4,,,,,,,,,,,,,2,,,,,,,,,,,,,,,,,,,,,,,,,,,,,,,2,,,14,"15,6",249,2,Ferro Fibroso,Double,28,,30,70,XL Engine,Compra,NO
Mad Cat Mk IV PR 2 Mad Cat Mk IV PR,75,Pesado,3131,2666,19260812,5,8,0,Clan,,,,,,1,,,,,,,,,,2,,,,,,,,,,,,,,,,,2,2,,,,,,,,,,,,,,,,,,,,16,"14,4",230,2,Ferro Fibroso,Double,32,,44,59,XL Engine,Compra,NO
Mad Cat Mk IV PR Mad Cat Mk IV,75,Pesado,3130,2702,19296312,5,8,0,Clan,,,,,,1,,,,,,,,,,2,,,,,,,,,,,,4,,,,,,,,,,,,,,,,,,,,,,,,,,16,"14,4",230,2,Ferro Fibroso,Double,32,,48,71,XL Engine,Compra,NO
Mad Cat Mk IV  Mad Cat Mk IV,75,Pesado,3139,2681,91719406,5,8,0,Clan,,,,,,,2,4,4,2,,,,1,,2,,,,,2,,,,,,,4,,,,,,,3,,,,,,,,,,,,,,,,,,,15,"14,0",224,2,Ferro Fibroso,Double,30,,166,234,XXL Engine,Compra,NO
Mad Dog (Vulture)  Mad Dog (Vulture),60,Pesado,2963,2351,15232000,5,8,5,Clan,,,,,,2,12,4,,20,2,,3,1,,5,,,,,3,7,,,6,,,5,,,,,,,,2,,,,,,,,,2,1,,,2,,2,,,12,"10,2",163,2,Ferro Fibroso,Double,24,,450,740,XL Engine,Compra,NO
Mad Dog Mk III (Vulture Mk III)  Mad Dog Mk III (Vulture Mk III),60,Pesado,3109,2729,16484000,5,8,4,Clan,,,,,,,8,2,,4,,,,,,,,,,,,6,,,4,,,8,,,,,,,,,,,,,,2,,,,,,,,2,,,,12,"11,4",182,2,Ferro Fibroso,Double,24,,168,364,XL Engine,Compra,NO
Maelstrom MTR-5K Maelstrom,75,Pesado,3059,1694,18016687,5,8,0,Inner Sphere,,,1,,,,,1,,2,,,,,,1,,,,,,,,,,,,,,,,,,,,,,,,,,,,,,,,,,,,,,19,"14,4",231,2,Estandar,Double,38,,36,33,XL Engine,Compra,NO
Maelstrom MTR-6E Maelstrom,75,Pesado,3062,1806,18665062,5,8,0,Inner Sphere,,,3,2,,,,1,,,,,,,,1,,,,,,,,,,,,,,,,,,,,,,,,,,,,,,,,,,,,,,17,"14,4",231,2,Estandar,Double,34,,36,37,XL Engine,Compra,NO
Maelstrom MTR-6K Maelstrom,75,Pesado,3062,1678,18315062,5,8,0,Inner Sphere,,,3,2,1,,,,,,,,,,1,,,,,,,,,,,,,,,,,,,,,,,,,,,,,,,,,,,,,,,17,"14,4",231,2,Estandar,Double,34,,27,37,XL Engine,Compra,NO
Maelstrom MTR-7K Maelstrom,75,Pesado,3112,2462,25959500,5,8,0,Mixed,,,,,,,,,,,,,,1,,1,,,,,,,,,,,,,,,,,,,,,,,,,,,,,,,,,,,,,,19,"14,4",231,2,Estandar,Double,38,,33,26,XL Engine,Compra,NO
Malak C-MK-O Malak,30,Ligero,3069,792,6592487,7,11,0,Inner Sphere,3,2,,,,11,11,,,,,,,,4,1,1,,,,,,1,,,,,,,,,,,,,,,,,,,,,,,,,,,,,,,10,"6,3",101,2,Ferro Fibroso,Double,20,,153,162,Light Fusion Engine,Compra,NO
MALAK  MALAK,30,Ligero,3070,1038,5028140,7,11,0,Inner Sphere,,,,,,,3,,,,,,,,1,,,,,,,,,,,,,,,,,,,,,,,,,,,,,,,,,,,,,,,10,"6,0",96,2,Estandar,Double,20,,25,25,Light Fusion Engine,Compra,NO
Malice MAL-XP Malice,100,Asalto,3139,2016,29051333,4,6,0,Mixed,,,,,,,2,,,,,,,,,,,,,,,,,,,,,,,,,,,,,,,,,,,,,,,2,2,,,,,,,10,"19,2",307,2,Estandar,Double,20,,16,40,XL Engine,Compra,NO
Malice MAL-XT Malice,100,Asalto,3134,1852,28755333,4,6,0,Inner Sphere,,,,,,,4,,,,,,,,,,,,,,,,,,,,,,,,,,,,,,,,,,,,,,,4,,,,,,,,12,"19,2",307,2,Estandar,Double,24,,24,40,XL Engine,Compra,NO
Malice MAL-XV Malice,100,Asalto,3140,1996,29763333,4,6,0,Mixed,,,,,,,,,,,,,4,,,,,,,,,,,,,,,,,,,,,,,,,,,,,,,,,,,,,,,,,17,"19,2",307,2,Estandar,Double,34,,28,40,XL Engine,Compra,NO
Malice MAL-YZ Malice,100,Asalto,3142,2982,125275666,4,6,0,Mixed,,,,,,,,2,,,2,,,,,,,,,,,,,,,,,,,,,,,,,,,,,,,,,,,,,,,,,,,12,"18,8",301,2,Ferro Fibroso,Double,24,,44,34,XXL Engine,Compra,NO
Man O&apos; War (Gargoyle)  Man O&apos; War (Gargoyle),80,Asalto,2945,1537,25940812,5,8,0,Clan,,,,,,4,19,2,1,4,1,,4,1,,5,,,,2,,,3,1,2,,,3,,,,,,,1,1,,,,,,,1,1,,2,,1,,,4,,,16,"13,2",211,2,Ferro Fibroso,Double,32,,351,527,XL Engine,Compra,NO
Mandrill  Mandrill,30,Ligero,2829,1209,3864065,4,6,4,Clan,,,,,,1,,,,,,,,,,,,,,,,2,,,,,,,,,,,,,,,,,,,,,,,,,,,,,,,,10,"6,0",96,2,Ferro Fibroso,Double,20,,14,43,XL Engine,Compra,NO
Mangonel MNL-3L Mangonel,70,Pesado,3079,1552,13441500,5,8,0,Inner Sphere,,,,,,,4,,,,,,,,,,,,,,,,,,,,,,,,,,,,,,,,,,,,,,,,,,,,2,,,10,"8,9",143,2,Ferro Fibroso,Double,20,,22,50,Light Fusion Engine,Compra,NO
Mangonel MNL-3W Mangonel,70,Pesado,3082,2657,16944566,5,8,0,Clan,,,,,,,4,,,,,,,,,,,,,,,,,,,,,,,,,,,,,,,,,,,,,,,,,,,,2,,,12,"11,4",182,2,Ferro Fibroso,Double,24,,22,50,XL Engine,Compra,NO
Mangonel MNL-4S Mangonel,70,Pesado,3088,2659,13656500,5,8,0,Mixed,,,,,,,2,,,2,,,,,,,,,,,,,,,,,,,,,,,,,,,,,,,,,,,,,,,,,,,,10,"11,2",179,2,Ferro Fibroso,Double,20,,18,22,Light Fusion Engine,Compra,NO
Marauder (Bounty Hunter 3015) Marauder,75,Pesado,3015,1919,6755875,3,5,3,Inner Sphere,,,,5,,,,,,,,,,,3,,,,,,,,,,,,,,,,,,,,,,,,,,,,,,,,,,,,,,,18,"14,4",231,2,Estandar,Double,36,,45,55,Fusion Engine,Compra,NO
Marauder (Bounty Hunter 3044) Marauder,75,Pesado,3044,2103,13055625,3,5,3,Inner Sphere,,,,3,,,,,,,,,,,,2,,,,,,,,,,,,,,,,,,,,,,,,,,,,,,,,,,,1,,,15,"14,4",231,2,Estandar,Double,30,,40,50,XL Engine,Compra,NO
Marauder Bounty Hunter 3015 Marauder,75,Pesado,3015,1919,6755875,3,5,3,Inner Sphere,,,,5,,,,,,,,,,,3,,,,,,,,,,,,,,,,,,,,,,,,,,,,,,,,,,,,,,,18,"14,4",231,2,Estandar,Double,36,,45,55,Fusion Engine,Compra,NO
Marauder Bounty Hunter 3044 Marauder,75,Pesado,3044,2103,13055625,3,5,3,Inner Sphere,,,,3,,,,,,,,,,,,2,,,,,,,,,,,,,,,,,,,,,,,,,,,,,,,,,,,1,,,15,"14,4",231,2,Estandar,Double,30,,40,50,XL Engine,Compra,NO
Marauder Bounty Hunter 3138 Marauder,75,Pesado,3138,2708,15895000,4,6,4,Mixed,,,,2,,,,,,,,,,,,2,,,,,,,,,,,,,,,,,,,,,,,,,,,,,,,,,,,1,,,15,"14,4",231,2,Estandar,Double,30,,37,45,XL Engine,Compra,NO
Marauder Bounty Hunter 3146 Marauder,75,Pesado,3146,2509,22151000,4,6,0,Mixed,,,,,,,2,,,,,,,,,,2,,,,,,,,,,,,,,,,,,,,,,,,,,1,,,,,,,,,,,14,"13,5",216,2,Estandar,Double,28,,34,40,XL Engine,Compra,NO
Marauder C Marauder,75,Pesado,3050,1711,6778000,4,6,0,Mixed,,,,2,,,,,,,2,,,,,,,,,,,,,,,,,,,,,,,,,,,,,,,1,,,,,,,,,,,,19,"11,5",184,2,Estandar,Single,19,,27,33,Fusion Engine,Compra,NO
Marauder II (Bounty Hunter) Marauder II,100,Asalto,3064,3767,11364000,3,5,3,Clan,,,,,,,,,,4,,,,,,2,,,,,,,,,,,,,,,,,,,,,,,,,,,,,,,,,,,1,,,17,"19,2",307,2,Ferro Fibroso,Double,34,,47,59,Fusion Engine,Compra,NO
Marauder II C Marauder II,100,Asalto,3066,2916,29501333,4,6,4,Clan,,,,,,,2,,,,,,,,,2,,,,,,,,,,,,,,,,,,,,,,,,,,,,,,,1,,,,,,,23,"17,4",278,2,Ferro Fibroso,Double,46,,42,40,XL Engine,Compra,NO
Marauder II MAD-10D Marauder II,100,Asalto,3132,2741,29873333,4,6,4,Mixed,,,,,,,,,,,,,,,,2,,,,,,,,,,,,,,,,,,,,,,,,,,,,,,,,,,,,,,20,"19,0",304,2,Estandar,Double,40,,30,20,XL Engine,Compra,NO
Marauder II MAD-4A Marauder II,100,Asalto,3012,2073,9356000,3,5,3,Inner Sphere,,,,2,1,,,,,,,,,,2,,,,,,,,,,,,,,,,,,,,,,,,,,,,,,,,,,,,,,,29,"19,0",304,2,Estandar,Single,29,,34,38,Fusion Engine,Compra,NO
Marauder II MAD-4H Marauder II,100,Asalto,3067,2180,10444000,3,5,3,Inner Sphere,,,,,,,2,,,,,,,,,2,,,,,,,,,,,,,,,,,,,,,,,,,,,,,,,,,,,,,,21,"19,2",307,2,Estandar,Single,21,,40,30,Fusion Engine,Compra,NO
Marauder II MAD-4K Marauder II,100,Asalto,3070,2626,18007000,3,5,3,Inner Sphere,,,,,,2,,,,,,,,,,,,2,,,,,,,,,,,,,,,,,,,,,,,,,,,,,,,,,1,,,16,"19,2",307,2,Estandar,Double,32,,35,51,Light Fusion Engine,Compra,NO
Marauder II MAD-4L Marauder II,100,Asalto,3084,2839,20064000,3,5,3,Inner Sphere,,,,,,,,,,,,,,,,1,,,,,,,,,,,,,,,,,,,,,,,,,,,,,,,,,,,2,,,12,"19,0",304,2,Furtivo,Double,24,,17,40,Light Fusion Engine,Compra,NO
Marauder II MAD-4S Marauder II,100,Asalto,3064,2623,18922000,3,5,3,Inner Sphere,,,,,,,2,,,,,,,,,2,,,,,,,,,,,,,,,,,,,,,,,,,,,,,,,,,,,,1,,16,"19,2",307,2,Estandar,Double,32,,41,55,Light Fusion Engine,Compra,NO
Marauder II MAD-5A Marauder II,100,Asalto,3049,2058,22492000,3,5,3,Inner Sphere,,,,2,,,,,,,,,,,,2,,,,,,,,,,,,,,,,,,,,,,,,,,,,,,,1,,,,,,,29,"19,0",304,2,Estandar,Single,29,,38,40,XL Engine,Compra,NO
Marauder II MAD-5B Marauder II,100,Asalto,3050,2589,10332000,3,5,3,Inner Sphere,,,,2,,,,,,,,,,,,2,,,,,,,,,,,,,,,,,,,,,,,,,,,,,,,,,,,1,,,16,"19,0",304,2,Estandar,Double,32,,37,45,Fusion Engine,Compra,NO
Marauder II MAD-5BL-D Marauder II,100,Asalto,3083,2719,10472000,3,5,3,Inner Sphere,,,,,,,,,,,,,,,,,,,,,,,,,,,,,,,,,,,,,,,,,,,,,,,,,,3,,,,11,"19,2",307,2,Estandar,Double,22,,3,15,Fusion Engine,Compra,NO
Marauder II MAD-5C Marauder II,100,Asalto,3052,2024,22086000,3,5,3,Inner Sphere,,,,2,,,,,,,,,,,,2,,,,,,,,,,,,,,,,,,,,,,,,,,1,,,,,,,,,,,,32,"19,0",304,2,Estandar,Single,32,,37,35,XL Engine,Compra,NO
Marauder II MAD-5W Marauder II,100,Asalto,3070,2383,13902000,3,5,5,Inner Sphere,,,,,,,,,,,,,,,,,2,1,,,,,,,,,,,,,,,,,,,,,,,,,,,,,,,,,,,,16,"19,2",307,2,Estandar,Double,32,,35,35,Fusion Engine,Compra,NO
Marauder II MAD-6A Marauder II,100,Asalto,3132,2367,20562000,3,5,3,Inner Sphere,,,,,,,,,,,,,,,,2,,,,,,,,,,,,,,,,,,,,,,,,,,,1,,,,,,,,,,,18,"19,2",307,2,Estandar,Double,36,,34,30,Light Fusion Engine,Compra,NO
Marauder II MAD-6BL-D Marauder II,100,Asalto,3083,2639,22570000,3,5,3,Inner Sphere,,,,,,,,,,,,,,,,,,,,,,,,,,,,,,,,,,,,,,,,,,,,,,,,,,3,,,,11,"19,0",304,2,Estandar,Double,22,,3,15,XL Engine,Compra,NO
Marauder II MAD-6C Marauder II,100,Asalto,3132,2346,13314000,3,5,3,Inner Sphere,,,,,,,2,,,,,,,,,3,,,,,,,,,,,,,,,,,,,,,,,,,,,,,,,,,,,,,,22,"19,2",307,2,Estandar,Double,44,,55,40,Fusion Engine,Compra,NO
Marauder II MAD-6D Marauder II,100,Asalto,3083,2378,24914000,3,5,5,Inner Sphere,,,,,,,,,,,,,,,2,,2,,,,,,,,,,,,,,,,,,,,,,,,,,,,,,,,,1,,,,14,"19,0",304,2,Estandar,Double,28,,41,45,XL Engine,Compra,NO
Marauder II MAD-6M Marauder II,100,Asalto,3078,2218,29329333,4,6,4,Inner Sphere,,,,,,,,,,,,,,,,1,,,,,,,,,,,,,,,,,,,,,,,,,,,,,,,,,,,,,,18,"19,0",304,2,Estandar,Double,36,,15,10,XL Engine,Compra,NO
Marauder II MAD-8K Marauder II,100,Asalto,3132,2849,23585000,3,5,3,Inner Sphere,,,,,,,,,,,,,,,4,,,,,,,,,,,,,,,,,,,,,,,,,,,,,,,,,,,,1,,,15,"19,1",306,2,Estandar,Double,30,,41,55,XL Engine,Compra,NO
Marauder IIC 10 Marauder IIC,85,Asalto,3135,2877,22796008,4,6,6,Clan,,,,,,2,,,2,2,2,,,,,1,,,,,,,,,,,,,,,,,,,,,,,,,,,,,,,,,,,,,,20,"13,0",208,2,Estandar,Double,40,,51,52,XL Engine,Compra,NO
Marauder IIC 2 Marauder IIC,85,Asalto,3063,2358,10033783,4,6,4,Clan,,,,,,,,1,,2,,,,2,,,,,,,,,,,,,,,,,,,,,,,,,,,,,,,,,,,,,,,,24,"15,0",240,2,Ferro Fibroso,Double,48,,56,52,Fusion Engine,Compra,NO
Marauder IIC 3 Marauder IIC,85,Asalto,3064,2445,10071008,4,6,0,Clan,,,,,,2,,,,,,,,,,2,,,,,,,,,,,,,,,,,,,,1,,,,,,,,,,,,,,,,,,22,"13,8",220,2,Ferro Fibroso,Double,44,,42,50,Fusion Engine,Compra,NO
Marauder IIC 4 Marauder IIC,85,Asalto,3070,3447,21539233,4,6,3,Clan,,,,,,,,,,,,,,,,,,,,,,,,,,,,,,,,,,,,,,,,,,,,,,,,,,,,,,10,"15,0",240,2,Estandar,Double,20,,0,0,XL Engine,Compra,NO
Marauder IIC 5 Marauder IIC,85,Asalto,3070,2386,10148583,4,6,0,Clan,,,,,,,,,,,,,,,,2,,,,,,,,,,,,,,,,,,,,,,,,,,,,,,,,,,,2,,,19,"13,8",220,2,Ferro Fibroso,Double,38,,32,50,Fusion Engine,Compra,NO
Marauder IIC 6 Marauder IIC,85,Asalto,3077,2646,23504383,4,6,6,Clan,,,,,,,2,,,,,,,1,,,,,,,,,,,,,,,,,,,,,,,,,,,,,,,,,1,,,,1,,,12,"13,0",208,2,Estandar,Double,24,,31,51,XL Engine,Compra,NO
Marauder IIC 7 Marauder IIC,85,Asalto,3081,2843,17415362,3,5,0,Clan,,,,,,1,,,,,1,,,,,,,,,,,,,,,,2,,,,,,,,,,,,,,,,,,,,,,,,1,,,12,"16,4",263,2,Estandar,Double,24,,19,43,XL Engine,Compra,NO
Marauder IIC 8 Marauder IIC,85,Asalto,3025,2554,9825595,4,6,0,Clan,,,,,,1,,,,4,,,,,,2,,,,1,,,,,,,,,,,,,,,,,,,,,,,,,,,,,,,,,,21,"13,8",220,2,Ferro Fibroso,Double,42,,52,57,Fusion Engine,Compra,NO
Marauder IIC 9 Marauder IIC,85,Asalto,3025,2595,10098883,4,6,0,Clan,,,,,,,,,,,,,,,,3,,,,,,,,,,,2,,,,,,,,,,,,,,,,,,,,,,,,,,,22,"13,8",220,2,Ferro Fibroso,Double,44,,51,46,Fusion Engine,Compra,NO
Marauder IIC  Marauder IIC,85,Asalto,2828,2680,9913533,4,6,0,Clan,,,,,,4,,,,2,,,,,,3,,,,,,,,,,,,,,,,,,,,,,,,,,,,,,,,,,,,,,21,"13,8",220,2,Ferro Fibroso,Double,42,,61,54,Fusion Engine,Compra,NO
Marauder MAD-11D Marauder,75,Pesado,3135,2263,16809750,4,6,0,Mixed,,,,,,,,,,,,,,,,2,,,,,,,,,,,,,,,,,,,,,,,,,,,,,,,,,,,,,,17,"14,0",224,2,Estandar,Double,34,,30,20,XL Engine,Compra,NO
Marauder MAD-1R Marauder,75,Pesado,2612,1420,6903000,4,6,0,Inner Sphere,,,,2,,,,,,,,,,,2,,,,,,,,,,,,,,,,,,,,,,,1,,,,,,,,,,,,,,,,16,"12,3",197,2,Ferro Fibroso,Single,16,,27,35,Fusion Engine,Compra,NO
Marauder MAD-2R Marauder,75,Pesado,2760,1630,7400000,4,6,0,Inner Sphere,,,,2,,,,,,,,,,,,2,,,,,,,,,,,,,,,,,,,,,,1,,,,,,,,,,,,,,,,16,"12,3",197,2,Ferro Fibroso,Double,32,,37,35,Fusion Engine,Compra,NO
Marauder MAD-2T Marauder,75,Pesado,3135,1646,7763250,4,6,0,Inner Sphere,,,,,,,2,,,,,,,,,2,,,,,,,,,,,,,,,,,,,,,,,,,,,,,,1,,,,,,,,16,"12,3",197,2,Ferro Fibroso,Double,32,,41,35,Fusion Engine,Compra,NO
Marauder MAD-3D Salazar Mk II Marauder,75,Pesado,3070,1717,7177187,4,6,0,Inner Sphere,,,1,2,,,,1,,,,,,,2,,,,,,,,,,,,,,,,,,,,,,,,,,,,,,,,,,,,,,,20,"14,4",231,2,Estandar,Double,40,,39,41,Fusion Engine,Compra,NO
Marauder MAD-3D Salazar Mk III B Marauder,75,Pesado,3070,1653,7126000,4,6,0,Inner Sphere,,,,4,,,,,,,,,,,,2,,,,,,,,,,,,,,,,,,,,,,,,,,,,,,,,,,,,,,22,"12,5",200,2,Estandar,Double,44,,42,40,Fusion Engine,Compra,NO
Marauder MAD-3D Salazar Mk III C Marauder,75,Pesado,3070,1805,7527187,4,6,0,Inner Sphere,,,1,2,,,,1,,,,,,,,2,,,,,,,,,,,,,,,,,,,,,,,,,,,,,,,,,,,,,,20,"14,4",231,2,Estandar,Double,40,,49,41,Fusion Engine,Compra,NO
Marauder MAD-3D Salazar Mk III Marauder,75,Pesado,3070,1681,7304500,4,6,0,Inner Sphere,,,,2,,,,1,,,,,,,,2,,,,,,,,,,,,,,,,,,,,,,,,,,,,,,,,,,,,,,19,"12,5",200,2,Estandar,Double,38,,48,38,Fusion Engine,Compra,NO
Marauder MAD-3D Salazar Marauder,75,Pesado,2834,1470,6597500,4,6,0,Inner Sphere,,,,2,1,,,,,,,,,,2,,,,,,,,,,,,,,,,,,,,,,,,,,,,,,,,,,,,,,,20,"11,5",184,2,Estandar,Single,20,,34,38,Fusion Engine,Compra,NO
Marauder MAD-3D Marauder,75,Pesado,2834,1470,6597500,4,6,0,Inner Sphere,,,,2,1,,,,,,,,,,2,,,,,,,,,,,,,,,,,,,,,,,,,,,,,,,,,,,,,,,20,"11,5",184,2,Estandar,Single,20,,34,38,Fusion Engine,Compra,NO
Marauder MAD-3L Marauder,75,Pesado,2905,1369,6463750,4,6,0,Inner Sphere,,,,2,1,,,,,,,,,,1,,,,,,,,,,,,,,,,,,,,,,,1,,,,,,,,,,,,,,,,18,"11,5",184,2,Estandar,Single,18,,25,33,Fusion Engine,Compra,NO
Marauder MAD-3M Marauder,75,Pesado,2873,1335,6295750,4,6,0,Inner Sphere,,,,2,2,,,,,,,,,,,,,,,,,,,,,,,,,,,,,,,,,1,,,,,,,,,,,,,,,,20,"11,5",184,2,Estandar,Single,20,,23,31,Fusion Engine,Compra,NO
Marauder MAD-3R Marauder,75,Pesado,2819,1363,6631750,4,6,0,Inner Sphere,,,,2,,,,,,,,,,,2,,,,,,,,,,,,,,,,,,,,,,,1,,,,,,,,,,,,,,,,16,"11,5",184,2,Estandar,Single,16,,27,35,Fusion Engine,Compra,NO
Marauder MAD-5CS Marauder,75,Pesado,3052,1648,15629750,4,6,0,Inner Sphere,,,,,,,,,,2,,,,,,2,,,,,,,,,,,,,,,,,,,,,,,,,,,,,,,1,,,,,,,18,"13,0",208,2,Estandar,Double,36,,40,42,XL Engine,Compra,NO
Marauder MAD-5D-DC Marauder,75,Pesado,3055,1787,16513000,4,6,4,Inner Sphere,,,,,,,,,1,2,1,,,,,2,,,,,,,,,,,,,,,,,,,,,,,,,,,,,,,,,,,,,,15,"14,0",224,2,Estandar,Double,30,,50,44,XL Engine,Compra,NO
Marauder MAD-5D Marauder,75,Pesado,3047,1787,15788250,4,6,4,Inner Sphere,,,,,,,,,,2,1,,,,,2,,,,,,,,,,1,,,,,,,,,,,,,,,,,,,,,,,,,,,,16,"14,0",224,2,Estandar,Double,32,,50,45,XL Engine,Compra,NO
Marauder MAD-5L Marauder,75,Pesado,3067,2244,10452750,4,6,0,Inner Sphere,,,,,,,2,2,,,,,,,,1,,,,,,,,,,,,,,,,,,,,,,,,,,,,,,,,,,,,,,18,"14,0",224,2,Furtivo,Double,36,,49,36,Fusion Engine,Compra,NO
Marauder MAD-5M Marauder,75,Pesado,3051,1471,15632500,4,6,4,Inner Sphere,,,,,,,,,,2,2,,,,,,,,,,,,,,,,,,,,,,,,,,,,,,,,,,,,1,,,,,,,16,"11,5",184,2,Estandar,Double,32,,30,40,XL Engine,Compra,NO
Marauder MAD-5R Marauder,75,Pesado,3068,1877,16215000,4,6,0,Inner Sphere,,,,2,,,,,,,,,,,,2,,,,,,,,,,,,,,,,,,,,,,,,,,,,,,,,,,1,,,,17,"14,0",224,2,Estandar,Double,34,,37,35,XL Engine,Compra,NO
Marauder MAD-5S Marauder,75,Pesado,3051,1799,15483000,4,6,0,Inner Sphere,,,,,,,,,,2,,,,,,2,,,,,,,,,,,,,,,,,,,,,,,,,,,,,,,,,,,1,,,16,"11,5",184,2,Estandar,Double,32,,39,47,XL Engine,Compra,NO
Marauder MAD-5T Marauder,75,Pesado,3068,1750,15308500,4,6,0,Inner Sphere,,,,,,,,,,2,2,,,,,,,,,,,,,,,,,,,,,,,,,,,,,,,,,,,,,,,1,,,,14,"14,0",224,2,Estandar,Double,28,,29,35,XL Engine,Compra,NO
Marauder MAD-6L Marauder,75,Pesado,3070,2322,10206250,4,6,0,Inner Sphere,,,,,,,,,,,,,,,1,,,,,,,,,,,,,,,,,,,,,,,,,,,,,,,,,,,,,,2,15,"14,0",224,2,Furtivo,Double,30,,30,30,Fusion Engine,Compra,NO
Marauder MAD-7C Marauder,75,Pesado,3135,1810,16846250,4,6,0,Inner Sphere,,,,,,,,,,,,,,,,2,,,,,,,,,,,,,,,,,,,,,,,,,,,,,,,,,,,1,,,15,"14,0",224,2,Ferro Fibroso,Double,30,,31,35,XL Engine,Compra,NO
Marauder MAD-7D Marauder,75,Pesado,3068,1986,15662000,4,6,0,Inner Sphere,,,,,,,2,2,,,,,,,,,,,,,,,,,,,,,,,,,,,,,,,,,,,,,,,,,,1,,,,16,"14,0",224,2,Estandar,Double,32,,35,31,XL Engine,Compra,NO
Marauder MAD-7M Marauder,75,Pesado,3135,1908,15689000,4,6,4,Inner Sphere,,,,,,,2,,,,,,,,,,,2,,,,,,,,,,,,,,,,,,,,,,,,,,,,1,,,,,,,,15,"11,5",184,2,Estandar,Double,30,,41,45,XL Engine,Compra,NO
Marauder MAD-7R Marauder,75,Pesado,3135,1832,16428750,4,6,0,Inner Sphere,,,,,,,,,,,,,,,,2,,,,,,,,,,,,,,,,,,,,,,,,,,,,,,,,,,,1,,,15,"14,0",224,2,Ferro Fibroso,Double,30,,31,35,XL Engine,Compra,NO
Marauder MAD-7S Marauder,75,Pesado,3135,1903,16070000,4,6,0,Inner Sphere,,,,,,,,,,,,,,,,2,,,,,,,,,,,,,,,,,,,,,,,,,,,,,,,,,,,1,,,15,"12,3",197,2,Ferro Fibroso,Double,30,,31,35,XL Engine,Compra,NO
Marauder MAD-9D Marauder,75,Pesado,3125,1967,16773000,4,6,0,Mixed,,,,,,,,2,,,,,,,,,,,,,,,,,,,,,,,,,,,,,,,,,,,,,,,,,,,,,,16,"14,0",224,2,Estandar,Double,32,,24,16,XL Engine,Compra,NO
Marauder MAD-9M Marauder,75,Pesado,3068,1704,16192250,4,6,0,Inner Sphere,,,,,,,,4,,,,,,,,,,,,,,,,,,,,2,,,,,,,,,,,,,,,,,,,,,,,,,,16,"14,0",224,2,Ferro Fibroso,Double,32,,56,56,XL Engine,Compra,NO
Marauder MAD-9M2 Marauder,75,Pesado,3068,1875,15667250,4,6,0,Inner Sphere,,,,,,,,,,,,,,,,,,2,,,,,,,,,,2,,,,,,,,,,,,,,,,,,,,,,,,,,16,"14,0",224,2,Ferro Fibroso,Double,32,,38,54,XL Engine,Compra,NO
Marauder MAD-9S Marauder,75,Pesado,3068,1786,13990875,4,6,0,Inner Sphere,1,,,,,,2,,,,,,,,,2,,,,,,,,,,,,,,,,,,,,,,,,,,,,,,,1,,,,,,,14,"13,0",208,2,Estandar,Double,28,,45,42,Light Fusion Engine,Compra,NO
Marauder MAD-9W Marauder,75,Pesado,3071,1788,17077375,3,5,5,Inner Sphere,,,,,,,,2,,2,,,,,,,1,,,,,,,,,,,,,,,,,,,,,,,,,,,,,,,,,,,,,16,"12,5",200,2,Estandar,Double,32,,42,38,Light Fusion Engine,Compra,NO
Marauder MAD-9W2 Marauder,75,Pesado,3080,1868,16552375,3,5,5,Inner Sphere,,,,,,,,2,,2,,,,,,,1,,,,,,,,,,,,,,,,,,,,,,,,,,,,,,,,,,,,,16,"12,5",200,2,Estandar,Double,32,,42,38,Light Fusion Engine,Compra,NO
Marco MR-6 ExplorerMech Marco,30,Ligero,2712,295,1399005,4,6,0,Inner Sphere,,,1,,,,,,,,,,,,,,,,,,,,,,,,,,,,,,,,,,,,,,,,,,,,,,,,,,,10,"4,0",64,2,Estandar,Single,10,,1,3,Fusion Engine,Compra,NO
Marco MR-7 ExplorerMech Marco,30,Ligero,2715,295,1409755,4,6,0,Inner Sphere,,,1,,,,,,,,,,,,,,,,,,,,,,,,,,,,,,,,,,,,,,,,,,,,,,,,,,,10,"4,0",64,2,Estandar,Single,10,,1,3,Fusion Engine,Compra,NO
Marco MR-8C ExplorerMech Marco,30,Ligero,2719,304,1414055,4,6,3,Inner Sphere,,,1,,,,,,,,,,,,,,,,,,,,,,,,,,,,,,,,,,,,,,,,,,,,,,,,,,,10,"4,0",64,2,Estandar,Single,10,,1,3,Fusion Engine,Compra,NO
Marco MR-8C Marco,30,Ligero,2712,304,1414055,4,6,3,Inner Sphere,,,1,,,,,,,,,,,,,,,,,,,,,,,,,,,,,,,,,,,,,,,,,,,,,,,,,,,10,"4,0",64,2,Estandar,Single,10,,1,3,Fusion Engine,Compra,NO
Marco MR-8D Marco,30,Ligero,2801,436,1487011,4,6,0,Inner Sphere,,,,,1,,,,,,,,,,,,,,,,,,,1,,,,,,,,,,,,,,,,,,,,,,,,,,,,,,10,"4,0",64,2,Estandar,Single,10,,11,16,Fusion Engine,Compra,NO
Marco MR-8E Marco,30,Ligero,2801,476,1507311,4,6,0,Inner Sphere,,,,2,,,,,,2,,,,,,,,,,,,,,,,,,,,,,,,,,,,,,,,,,,,,,,,,,,,12,"4,0",64,2,Estandar,Single,12,,14,22,Fusion Engine,Compra,NO
Marshal MHL-2L Marshal,55,Medio,3063,1313,4890798,4,6,4,Inner Sphere,1,2,,1,1,,,,,1,,,,,,,,,,,1,,,,,,,,,,,,,,,,,,,,,,,,,,,,,,,,,11,"11,2",179,2,Ferro Fibroso,Double,22,,23,40,Fusion Engine,Compra,NO
Marshal MHL-3MC Marshal,55,Medio,3119,1714,5892298,4,6,4,Inner Sphere,1,2,,1,,,,,,1,,,,,,,,,,,,,,,,,,,,,,,,,,,,,,,,,,,,,,,,,,,,11,"11,2",179,2,Ferro Fibroso,Double,22,,10,17,Fusion Engine,Compra,NO
Marshal MHL-6MC Marshal,55,Medio,3073,1467,7710227,4,6,4,Inner Sphere,,1,,,,,,,,1,,,,,1,,,,,,,,,,,,,,,,,,,,,,,,,,,,,,,,,,,,,,1,10,"11,2",179,2,Ferro Fibroso,Double,20,,24,28,Light Fusion Engine,Compra,NO
Marshal MHL-X1 Marshal,55,Medio,3059,1163,4528548,4,6,4,Inner Sphere,1,2,,1,1,,,,,1,,,,,,,,,1,,,,,,,,,,,,,,,,,,,,,,,,,,,,,,,,,,,18,"11,2",179,2,Ferro Fibroso,Single,18,,20,30,Fusion Engine,Compra,NO
Masakari (Warhawk) Blackmore Masakari (Warhawk),85,Asalto,2999,3194,26385947,4,6,0,Clan,,,,,,5,3,4,,,11,,,2,,11,,,,3,1,1,,,3,,,1,,,,,,,1,,,,,,1,,1,,,,1,,,,1,,3,20,"16,2",259,2,Ferro Fibroso,Double,40,,458,471,XL Engine,Compra,NO
Masakari (Warhawk)  Masakari (Warhawk),85,Asalto,2999,3194,26385947,4,6,0,Clan,1,,,,,3,3,4,,,5,,,2,,13,,,,3,1,1,,,3,,,1,,,,,,,1,,,,,,1,,1,,,,1,,,,1,,3,20,"16,2",259,2,Ferro Fibroso,Double,40,,427,433,XL Engine,Compra,NO
Masakari Croach Masakari,85,Asalto,3070,2926,20422643,4,6,4,Clan,,,,,,,,,,,4,,,,,,,,,,,,,,,,,,,,,,,,,,,,,,,,,,,,,,,,,,,21,"16,0",256,2,Estandar,Double,42,,40,36,XL Engine,Compra,NO
Masauwu  Masauwu,75,Pesado,2832,2299,16407687,4,6,4,Clan,,,,,,1,,,,,2,,,,,,,,,,,,,,,2,,,,,,,,,,,,,,,,,,,,,1,,,,,,,16,"14,4",231,2,Estandar,Double,32,,28,39,XL Engine,Compra,NO
Matador 2 Matador,60,Pesado,3069,1728,5847960,4,6,4,Clan,,,,,,,,,,,,,3,,,,,,,,,,,,,,,,,,,,,,1,,,,,,,,,,,,,,,,3,,,15,"12,0",192,2,Estandar,Double,30,,30,93,Fusion Engine,Compra,NO
Matador  Matador,60,Pesado,2846,2006,5675860,4,6,4,Clan,,4,,,,,2,,2,3,,,,,,,,,,,,,,,,,1,1,,,,,,,,,,,,,,,,,,,,,,,,,,12,"12,0",192,2,Estandar,Double,24,,33,62,Fusion Engine,Compra,NO
Mauler MAL-1BL Mauler,90,Asalto,3048,2056,9886000,3,5,0,Inner Sphere,,,,,,,,,,4,,,,,,2,,,,,2,,,,,,,,,,,,,,,,,,,,,,,,,,,,,,,,,14,"17,3",277,2,Ferro Fibroso,Double,28,,56,74,Fusion Engine,Compra,NO
Mauler MAL-1K Mauler,90,Asalto,3069,1622,19103800,3,5,0,Inner Sphere,,,,,,,,,,,,,,,,,2,,,,2,,,,,,,,,,,,,,,,,,,,,,,,,,,,,,,,,11,"14,0",224,2,Ferro Fibroso,Double,22,,30,50,XL Engine,Compra,NO
Mauler MAL-1R Mauler,90,Asalto,3048,1460,18289800,3,5,0,Inner Sphere,,,,,,,,2,,,,,,,,,,,,,2,,,,,,,,,,,,,,,,4,,,,,,,,,,,,,,,,,11,"12,9",206,2,Ferro Fibroso,Double,22,,38,54,XL Engine,Compra,NO
Mauler MAL-2R Mauler,90,Asalto,3060,1586,8912200,3,5,0,Inner Sphere,,,,,,,4,,,,,,,,,,,,,2,,,,,,,,,,,,,,,,,,,,,4,,,,,,,,,,,,,12,"12,9",206,2,Ferro Fibroso,Double,24,,32,48,Fusion Engine,Compra,NO
Mauler MAL-3R Mauler,90,Asalto,3062,1877,19298475,3,5,3,Inner Sphere,,,1,,,,,,,,,,,,,,,,,,2,,,,,,,,,,,,,,,,,,,,,,,,,,2,,,,,,,10,"17,4",279,2,Ferro Fibroso,Double,20,,15,53,XL Engine,Compra,NO
Mauler MAL-C Mauler,90,Asalto,3051,1473,18763800,3,5,0,Inner Sphere,,,,,,,,2,,,,,,,,,,,,,2,,,,,,,,,,,,,,,,4,,,,,,,,,,,,,,,,,11,"12,9",206,2,Ferro Fibroso,Double,22,,38,54,XL Engine,Compra,NO
Men Shen MS1-O Men Shen,55,Medio,3060,1550,16572343,6,9,6,Inner Sphere,,2,,2,,1,9,,,10,2,,,,,1,3,,,,2,,,2,,,2,,,,,,,,,,,,,,,,,,2,,1,,,,,,1,10,"11,0",176,2,Estandar,Double,20,,194,266,XL Engine,Compra,NO
Mercury II MCY-100 Mercury II,40,Medio,2823,1376,7924513,7,11,7,Inner Sphere,,,2,2,,,,1,,,,,,,,,,,,,,,,,,,,,,,,,,,,,,,,,,,,,,,,,,,,,,10,"8,4",134,2,Ferro Fibroso,Double,20,,20,24,XL Engine,Compra,NO
Mercury MCY-102 Mercury,20,Ligero,3067,510,2711739,8,12,0,Inner Sphere,,,,,,1,1,,,,,,,,,,,,,,,,,,,,,,,,,,,,,,,,,,,,,,,,,,,,,,,10,"3,3",53,2,Ferro Fibroso,Single,10,,7,8,Fusion Engine,Compra,NO
Mercury MCY-104 Mercury,20,Ligero,3069,683,3659740,8,12,0,Inner Sphere,,,,,,1,2,,,,,,,,,,,,,,,,,,,,,,,,,,,,,,,,,,,,,,,,,,,,,,,10,"4,3",69,2,Ferro Fibroso,Single,10,,12,13,XL Engine,Compra,NO
Mercury MCY-97 Mercury,20,Ligero,3049,466,1974939,8,12,0,Inner Sphere,,,1,1,,,,,,,,,,,,,,,,,,,,,,,,,,,,,,,,,,,,,,,,,,,,,,,,,,10,"3,3",53,2,Ferro Fibroso,Single,10,,4,8,Fusion Engine,Compra,NO
Mercury MCY-98 Mercury,20,Ligero,2810,553,1580439,8,12,0,Inner Sphere,,,2,2,,,,,,,,,,,,,,,,,,,,,,,,,,,,,,,,,,,,,,,,,,,,,,,,,,10,"4,0",64,2,Estandar,Single,10,,8,16,Fusion Engine,Compra,NO
Mercury MCY-99 Mercury,20,Ligero,2742,586,1796439,8,12,0,Inner Sphere,,,2,2,,,,,,,,,,,,,,,,,,,,,,,,,,,,,,,,,,,,,,,,,,,,,,,,,,10,"3,3",53,2,Ferro Fibroso,Single,10,,8,16,Fusion Engine,Compra,NO
Merlin MLN-1A Merlin,60,Pesado,3010,1217,4941700,4,6,4,Inner Sphere,1,1,,2,,,,,,,,,,,1,,,,1,,,,,,,,,,,,,,,,,,,,,,,,,,,,,,,,,,,18,"10,5",168,2,Estandar,Single,18,,21,29,Fusion Engine,Compra,NO
Merlin MLN-1B (Porter) Merlin,60,Pesado,3064,1233,4844600,4,6,4,Inner Sphere,,,,2,1,,,,,,,,,,,,,,,,,,,1,,,,,,,,,,,,,,,,,,,,,,,,,,,,,,20,"12,5",200,2,Estandar,Single,20,,17,26,Fusion Engine,Compra,NO
Merlin MLN-1B Merlin,60,Pesado,3053,1228,4936400,4,6,4,Inner Sphere,1,,,2,,,,,,,,,,,1,,,,1,,,,,,,,,,,,,,,,,,,,,,,,,,,,,,,,,,,19,"10,5",168,2,Estandar,Single,19,,21,27,Fusion Engine,Compra,NO
Merlin MLN-1C Merlin,60,Pesado,3068,1267,5079760,4,6,4,Inner Sphere,1,,,,,,2,,,,,,,,1,,,,1,,,,,,,,,,,,,,,,,,,,,,,,,,,,,,,,,,,19,"10,5",168,2,Estandar,Single,19,,25,27,Fusion Engine,Compra,NO
Minsk 2 Minsk,70,Pesado,3148,2364,9437100,3,5,0,Mixed,,,,,,,,,2,,,,,,,2,,,,,,,,,,,,2,,,,,,,,,,,,,,,,,,,,,,,,,,12,"13,2",211,2,Ferro Fibroso,Double,24,,42,50,Fusion Engine,Compra,NO
Minsk MNK-101 Minsk,70,Pesado,2830,2024,7240800,3,5,0,Mixed,,2,,,,,,,2,,,,,,,,,,,1,,,,,2,,,,,,,,,,,,,,,,,,,,,,,,,,2,,,10,"13,2",211,2,Ferro Fibroso,Double,20,,18,74,Fusion Engine,Compra,NO
Minsk  Minsk,70,Pesado,2862,2028,7245400,3,5,0,Clan,,2,,,,,,,2,,,,,,,,,,,1,,,,,2,,,,,,,,,,,,,,,,,,,,,,,,,,2,,,10,"13,2",211,2,Ferro Fibroso,Double,20,,18,74,Fusion Engine,Compra,NO
Mist Lynx (Koshi)  Mist Lynx (Koshi),25,Ligero,2926,871,4765229,7,11,6,Clan,2,6,,,,12,6,2,,,,7,6,,,1,,,4,2,,,6,1,2,,1,1,,,,,2,1,,,,,,,1,,,,,,,,,,4,,1,10,"4,2",67,2,Ferro Fibroso,Double,20,,228,412,XL Engine,Compra,NO
Mjolnir MLR-B2 Mjolnir,25,Ligero,3077,670,2600312,6,9,6,Inner Sphere,,,,,,1,1,,,,,,,,,,,,,,,,,,,,,,,,,,,,,,,,,,,,,,,,,,,,,,,10,"5,0",80,2,Ferro Fibroso,Single,10,,7,8,Fusion Engine,Compra,NO
Mjolnir MLR-BX Mjolnir,25,Ligero,3078,612,3788250,6,9,6,Inner Sphere,,,,,,,,,,,,,,,,,,,,,,,,2,,,,,,,,,,,,,,,,,,,,,,,,,,,,,,10,"5,0",80,2,Ferro Fibroso,Single,10,,6,16,XL Engine,Compra,NO
Mongoose C 2 Mongoose,25,Ligero,2860,1620,3866979,8,12,0,Clan,,,,,,1,2,1,,,,,,,,,,,,,,,,,,,,,,,,,,,,,,,,,,,,,,,,,,,,,,10,"5,4",86,2,Ferro Fibroso,Double,20,,24,21,XL Engine,Compra,NO
Mongoose II MON-266 Mongoose II,40,Medio,3073,1085,10155226,8,12,0,Inner Sphere,,,,,,,,1,,,,,,,,,,,,,,,,,,,,,,,,,,,,,,,,,,,,,,,,,,,,,,10,"7,0",112,2,Estandar,Double,20,,12,8,XL Engine,Compra,NO
Mongoose II MON-267 Mongoose II,40,Medio,3073,1237,9840226,8,12,0,Inner Sphere,,,,,,,,1,,,,,,,,,,,,,,,,,,,,,,,,,,,,,,,,,,,,,,,,,,,,,,10,"6,5",104,2,Furtivo,Double,20,,12,8,XL Engine,Compra,NO
Mongoose II MON-268 Mongoose II,40,Medio,3076,1215,11093226,8,12,0,Inner Sphere,,,,,,,3,,,,,,,,,,,,,,,,,,,,,,,,,,,,,,,,,,,,,,,,,,,,,,,10,"7,8",125,2,Ferro Fibroso,Double,20,,15,15,XL Engine,Compra,NO
Mongoose MON-66 Mongoose,25,Ligero,2660,758,2229479,8,12,0,Inner Sphere,,,1,3,,,,,,,,,,,,,,,,,,,,,,,,,,,,,,,,,,,,,,,,,,,,,,,,,,10,"5,6",89,2,Ferro Fibroso,Single,10,,10,18,Fusion Engine,Compra,NO
Mongoose MON-66b Mongoose,25,Ligero,2740,934,3754479,8,12,0,Inner Sphere,,,1,2,,,,1,,,,,,,,,,,,,,,,,,,,,,,,,,,,,,,,,,,,,,,,,,,,,,10,"5,6",89,2,Ferro Fibroso,Double,20,,19,21,XL Engine,Compra,NO
Mongoose MON-67 Mk II Salazar Mongoose,25,Ligero,3070,870,2077916,8,12,0,Inner Sphere,,,,5,,,,,,,,,,,,,,,,,,,,,,,,,,,,,,,,,,,,,,,,,,,,,,,,,,10,"5,0",80,2,Estandar,Double,20,,15,25,Fusion Engine,Compra,NO
Mongoose MON-67 Salazar Mongoose,25,Ligero,2830,741,1885729,8,12,0,Inner Sphere,,,1,3,,,,,,,,,,,,,,,,,,,,,,,,,,,,,,,,,,,,,,,,,,,,,,,,,,10,"5,5",88,2,Estandar,Single,10,,10,18,Fusion Engine,Compra,NO
Mongoose MON-67 Mongoose,25,Ligero,2830,741,1885729,8,12,0,Inner Sphere,,,1,3,,,,,,,,,,,,,,,,,,,,,,,,,,,,,,,,,,,,,,,,,,,,,,,,,,10,"5,5",88,2,Estandar,Single,10,,10,18,Fusion Engine,Compra,NO
Mongoose MON-68-BL Mongoose,25,Ligero,3070,872,2525833,7,11,0,Inner Sphere,,,,,,,,1,,,,,,,,,,,,,,,,,,,,,,,,,,,,,,,,,,,,,,,,,,,,,,10,"5,0",80,2,Furtivo,Double,20,,12,8,Fusion Engine,Compra,NO
Mongoose MON-68 Mongoose,25,Ligero,3039,676,1794583,7,11,0,Inner Sphere,,,,,1,,,,,,,,,,,,,,,,,,,,,,,,,,,,,,,,,,,,,,,,,,,,,,,,,10,"5,5",88,2,Estandar,Single,10,,8,8,Fusion Engine,Compra,NO
Mongoose MON-69 Mongoose,25,Ligero,2819,737,2006479,8,12,0,Inner Sphere,,,1,3,,,,,,,,,,,,,,,,,,,1,,,,,,,,,,,,,,,,,,,,,,,,,,,,,,,10,"5,0",80,2,Ferro Fibroso,Single,10,,12,22,Fusion Engine,Compra,NO
Mongoose MON-70 Mongoose,25,Ligero,2819,750,1984166,8,12,0,Inner Sphere,2,,,3,,,,,,,,,,,,,,,,,,,,,,,,,,,,,,,,,,,,,,,,,,,,,,,,,,10,"5,6",89,2,Ferro Fibroso,Single,10,,15,19,Fusion Engine,Compra,NO
Mongoose MON-76 Mongoose,25,Ligero,3077,894,3879479,8,12,0,Inner Sphere,,,1,,,,,,,3,,,,,,,,,,,,,,,,,,,,,,,,,,,,,,,,,,,,,,,,,,,,10,"5,6",89,2,Ferro Fibroso,Double,20,,13,21,XL Engine,Compra,NO
Mongoose MON-86 Mongoose,25,Ligero,3080,887,4214375,9,14,0,Inner Sphere,,,1,2,,1,,,,,,,,,1,,,,,,,,,,,,,,,,,,,,,,,,,,,,,,,,,,,,,,,10,"5,6",89,2,Ferro Fibroso,Single,10,,19,26,XL Engine,Compra,NO
Mongoose MON-96 Mongoose,25,Ligero,3150,1011,6745104,8,12,0,Inner Sphere,,,,,,1,3,,,,,,,,,,,,,,,,,,,,,,,,,,,,,,,,,,,,,,,,,,,,,,,10,"5,6",89,2,Ferro Fibroso,Double,20,,17,18,XL Engine,Compra,NO
Mongrel (Grendel)  Mongrel (Grendel),45,Medio,3053,2290,12401837,7,11,7,Clan,,,,,,6,9,2,2,9,1,3,2,1,,1,,,,,2,,,,2,,1,4,,,,,,3,,,,,,,,1,,,,,1,,1,,,,3,10,"9,0",144,2,Ferro Fibroso,Double,20,,264,385,XL Engine,Compra,NO
Mongrel MGL-T1 Mongrel,50,Medio,3092,1860,10921750,7,11,0,Mixed,,,,,,,3,,,,,,,,,,,,,,,,,,,,,,,,,,,,,,,1,,,,,,,,,,,,,,,,10,"10,5",168,2,Estandar,Double,20,,16,20,XL Engine,Compra,NO
Mongrel MGL-T2 Mongrel,50,Medio,3108,1949,11336050,7,11,0,Mixed,,,,,,,3,,,,,,,,,,,,,,,,,,,,,,,,,,,,,,,,,,,,,,,,,,,,,,,10,"10,5",168,2,Estandar,Double,20,,15,15,XL Engine,Compra,NO
Morpheus MPR-3 'L&apos;Morte II' Morpheus,65,Pesado,3067,1358,15835637,6,9,6,Inner Sphere,,,,,,,3,,,,,,,,,,,,,,,,,,,,,,,,,,,,,,,,,,,,,,,,,,,,1,,,10,"13,0",208,2,Ferro Fibroso,Double,20,,16,30,XL Engine,Compra,NO
Morrigan 2 Morrigan,35,Ligero,3084,1874,6331680,8,12,0,Clan,,,,,,4,2,,2,,,,,1,,,,,,,,,,,,,,,,,,,,,,,,,,,,,,,,,,,,,,,,11,"7,2",115,2,Ferro Fibroso,Double,22,,40,44,XL Engine,Compra,NO
Morrigan 3 Morrigan,35,Ligero,3085,1390,6376180,8,12,0,Mixed,,,,,,4,2,,2,,,,,,,,,,,,,,,,,,,,,,,,,,,,,,,,,,,,,,,,,,,,,11,"7,2",115,2,Ferro Fibroso,Double,22,,22,28,XL Engine,Compra,NO
Morrigan 4 Morrigan,35,Ligero,3111,2063,6954705,8,12,0,Mixed,,,,,,10,,,,,,,,,,,,,,,,,,,,,,,,,,,,,,,,,,,,,,,,,,,,,,,,12,"7,2",115,2,Ferro Fibroso,Double,24,,20,30,XL Engine,Compra,NO
Morrigan 5 Morrigan,35,Ligero,3124,1904,6401130,8,12,0,Clan,,,,,,,,,,,,,,,,1,,,2,,,,,,,,,,,,,,,,,,,,,,,,,,,,,,,,,,,10,"7,2",115,2,Ferro Fibroso,Double,20,,19,20,XL Engine,Compra,NO
Morrigan  Morrigan,35,Ligero,3083,1523,6809130,8,12,0,Clan,,,,,,,,,,,,,,1,,,,,,,,,,,,,,,,,,,3,,,,,,,,,,,,,,,,,,,,,10,"6,6",105,2,Ferro Fibroso,Double,20,,24,34,XL Engine,Compra,NO
Mortis MS-1A Mortis,75,Pesado,3109,1834,18365500,5,8,5,Inner Sphere,,,,,,,,,,,,,,,,,,1,,,,,,,,,,,,,,,,,,,,,,,,,,,,,,,,,,,,11,"13,0",208,2,Estandar,Double,22,,15,15,XL Engine,Compra,NO
Mortis MS-1P Mortis,75,Pesado,3122,2198,19953500,5,8,5,Inner Sphere,,,,,,,,,,,,,,,,,,,,,,,,,,,,,,,,,,,,,,,,,,,,,,,,,,,,,,11,"13,0",208,2,Estandar,Double,22,,0,0,XL Engine,Compra,NO
Naga  Naga,80,Asalto,2945,1840,26397937,5,8,0,Clan,,,,,,8,6,,,,,,,,,,,,,,,,,1,1,,,,,,,,,,,,,,,,,,,,,,,,,,,,,12,"9,0",144,2,Estandar,Double,24,,53,74,XL Engine,Compra,NO
Naginata NG-C3A Naginata,95,Asalto,3055,1954,12919170,3,5,0,Inner Sphere,,,,,,,,,,,,,,,,1,,,,,3,,,,,,,,,,,,,,,,,,,,,,,,,,,,,,,,,15,"15,0",240,2,Estandar,Double,30,,30,55,Fusion Engine,Compra,NO
Naginata NG-C3Ar Naginata,95,Asalto,3076,1879,16094670,3,5,0,Inner Sphere,,,,,,,,,,,,,,,,1,,,,,2,,,,,,,,,,,,,,,,,,,,,,,,,,,,,,,,,15,"15,0",240,2,Estandar,Double,30,,25,40,Fusion Engine,Compra,NO
Naginata NG-C3B Naginata,95,Asalto,3063,1943,15875857,3,5,0,Inner Sphere,,,,,,1,1,,,,,,,,,1,,,,,2,,,,,,,,,,,,,,,,,,,,,,,,,,,,,,,,,15,"15,0",240,2,Estandar,Double,30,,32,48,Fusion Engine,Compra,NO
Naginata NG-C3C Naginata,95,Asalto,3066,2131,10695120,3,5,3,Inner Sphere,,,,,,,,,,,,,,,,1,,,,,3,,,,,,,,,,,,,,,,,,,,,,,,,,,,,,,,,15,"15,0",240,2,Estandar,Double,30,,30,55,Fusion Engine,Compra,NO
Naja KTO-19b-EC Naja,55,Medio,2824,1494,10053294,5,8,0,Mixed,,,1,2,,,,,,,,,,,,,,,,,,1,,2,2,,,,,,,,,,,,,,,,,,,,,,,,,,,,,14,"11,6",185,2,Estandar,Double,28,,27,73,XL Engine,Compra,NO
Naja  Naja,55,Medio,2826,1817,10177294,5,8,0,Clan,,,,,,1,2,,,,,,,,,,,,,,,1,,2,2,,,,,,,,,,,,,,,,,,,,,,,,,,,,,14,"11,6",185,2,Estandar,Double,28,,32,73,XL Engine,Compra,NO
Neanderthal NTL-AG Neanderthal,80,Asalto,3128,2020,23439840,5,8,0,Inner Sphere,,,,,,,,,,,,,,,,,2,,,,,,,,,,,,,,,,,,,,,,,,,,,,,,,,,,,,,11,"14,5",232,2,Ferro Fibroso,Double,22,,20,20,XL Engine,Compra,NO
Neanderthal NTL-UG Neanderthal,80,Asalto,3124,1817,22492140,5,8,0,Inner Sphere,,,2,,2,,,,,,1,,,,,,,,,,,,,,,,,,,,,,,,,,,,,,,,,,,,,,,,,,,10,"14,5",232,2,Ferro Fibroso,Double,20,,28,31,XL Engine,Compra,NO
Nexus II NXS2-A Nexus II,25,Ligero,3066,702,4028125,8,12,6,Inner Sphere,,,,,,2,2,,,,,,,,,,,,,,,,,,,,,,,,,,,,,,,,,,,,,,,,,,,,,,,10,"3,5",56,2,Estandar,Double,20,,14,16,Light Fusion Engine,Compra,NO
Nexus II NXS2-B-BL Nexus II,25,Ligero,3067,913,2566666,8,12,0,Inner Sphere,,,,,,,2,,,,,,,,,,,,,,,,,,,,,,,,,,,,,,,,,,,,,,,,,,,,,,,10,"5,5",88,2,Furtivo,Double,20,,10,10,Fusion Engine,Compra,NO
Nexus II NXS2-B Nexus II,25,Ligero,3067,717,4512500,8,12,0,Inner Sphere,,,,,,,2,,,,,,,,,,,,,,,,,,,,,,,,,,,,,,,,,,,,,,,,,,,,,,,10,"3,5",56,2,Furtivo,Double,20,,10,10,Light Fusion Engine,Compra,NO
Nexus II NXS2-C-BL Nexus II,25,Ligero,0,956,3589500,8,12,0,Inner Sphere,,,,,,,2,,,,,,,,,,,,,,,,,,,,,,,,,,,,,,,,,,,,,,,,,,,,,,,10,"5,5",88,2,Furtivo,Double,20,,10,10,Light Fusion Engine,Compra,NO
Nexus II NXS2-D-BL Nexus II,25,Ligero,0,922,3910416,8,12,0,Inner Sphere,,,,,,,,1,,,,,,,,,,,,,,,,,,,,,,,,,,,,,,,,,,,,,,,,,,,,,,10,"5,0",80,2,Furtivo,Double,20,,12,8,XL Engine,Compra,NO
Nexus NXS1-A Nexus,25,Ligero,3054,643,2213458,7,11,4,Inner Sphere,,,2,1,,,,,,2,,,,,,,,,,,,,,,,,,,,,,,,,,,,,,,,,,,,,,,,,,,,10,"2,2",35,2,Ferro Fibroso,Double,20,,13,23,Fusion Engine,Compra,NO
Nexus NXS1-B Nexus,25,Ligero,3062,715,3116145,7,11,5,Inner Sphere,,,,,,1,2,,,,,,,,,,,,,,,,,,,,,,,,,,,,,,,,,,,,,,,,,,,,,,,10,"4,4",71,2,Ferro Fibroso,Double,20,,12,13,Fusion Engine,Compra,NO
Night Gyr  Night Gyr,75,Pesado,3052,2830,20537281,4,6,4,Clan,,,,,,,4,2,,14,4,,,1,,2,,,,,,4,,,1,,,2,,,,,,1,,,,,,,3,,2,1,2,,,,,,3,,,12,"13,8",220,2,Ferro Fibroso,Double,24,,252,415,XL Engine,Compra,NO
Night Hawk NTK-2Q-EC Night Hawk,35,Ligero,2819,1041,5165100,6,9,0,Mixed,,,,,1,,1,1,,,,,,,,,,,,,,,,,,,,,,,,,,,,,,,,,,,,,,,,,,,,,,12,"7,4",119,2,Estandar,Double,24,,25,21,XL Engine,Compra,NO
Night Hawk NTK-2Q Night Hawk,35,Ligero,2566,997,5126625,6,9,0,Inner Sphere,,,,,1,,,1,,1,,,,,,,,,,,,,,,,,,,,,,,,,,,,,,,,,,,,,,,,,,,,12,"7,0",112,2,Estandar,Double,24,,24,22,XL Engine,Compra,NO
Night Hawk NTK-2S Night Hawk,35,Ligero,3057,1017,5577525,6,9,0,Inner Sphere,,,,,1,,,1,,,,,,,,,,,,,,,,,,,,,,,,,,,,,,,,,,,,,,,,,,,,,,11,"7,0",112,2,Estandar,Double,22,,20,16,XL Engine,Compra,NO
Night Stalker NSR-K1 Night Stalker,40,Medio,3134,1149,8999626,8,12,0,Inner Sphere,,,,,,,3,,,,,,,,,,,,,,,,,,,,,1,,,,,,,,,,,,,,,,,,,,,,,,,,10,"7,2",116,2,Ferro Fibroso,Double,20,,19,27,XL Engine,Compra,NO
Night Stalker NSR-K3 Night Stalker,40,Medio,3135,1028,8912776,8,12,0,Inner Sphere,,,,,,1,2,,1,,,,,,,,,,,,,,,,1,,,,,,,,,,,,,,,,,,,,,,,,,,,,,10,"7,2",116,2,Ferro Fibroso,Double,20,,18,28,XL Engine,Compra,NO
Night Stalker NSR-K4 Night Stalker,40,Medio,3136,1159,9079026,8,12,0,Inner Sphere,,,,,,,4,,,,,,,,,,,,,,,,,1,,,,,,,,,,,,,,,,,,,,,,,,,,,,,,11,"7,2",116,2,Ferro Fibroso,Double,22,,23,28,XL Engine,Compra,NO
Night Stalker NSR-K7 Night Stalker,40,Medio,3136,857,9290376,8,12,0,Inner Sphere,,,,,,1,,,,,,,,,,,,,,,,,,,,,,,,,,,,,,,,,,,,,,,,,,,,,,,,10,"7,4",119,2,Estandar,Double,20,,2,3,XL Engine,Compra,NO
Night Stalker NSR-KC Night Stalker,40,Medio,3136,1037,9237626,8,12,0,Inner Sphere,,,,,,,2,,,,,,,,,,,,,,,,,,,,,1,,,,,,,,,,,,,,,,,,,,,,,,,,10,"7,2",116,2,Ferro Fibroso,Double,20,,14,22,XL Engine,Compra,NO
Night Wolf  Night Wolf,90,Asalto,3084,2878,24805500,4,6,4,Clan,,,,,,,1,,,,,,,1,,,,,,,,,,,,,,,,,,,,,2,,,,,,,,,,,,,,,,,,1,18,"15,5",248,2,Estandar,Double,36,,42,57,XL Engine,Compra,NO
Nightsky NGS-1BL Nightsky,50,Medio,3056,1236,9427500,6,9,6,Inner Sphere,,,,,,,,,,5,,,,,,,,,,,,,,,,,,,,,,,,,,,,,,,,,,,,,,,,,,,,12,"10,5",168,2,Estandar,Double,24,,20,30,XL Engine,Compra,NO
Nightsky NGS-2BL Nightsky,50,Medio,3057,1345,9592500,6,9,6,Inner Sphere,,,,,,,,,,2,,,,,,1,,,,,,,,,,,,,,,,,,,,,,,,,,,,,,,,,,,,,,12,"9,5",152,2,Estandar,Double,24,,23,22,XL Engine,Compra,NO
Nightsky NGS-4S Nightsky,50,Medio,3053,1159,9420000,6,9,6,Inner Sphere,,,,,,,,,1,2,1,,,,,,,,,,,,,,,,,,,,,,,,,,,,,,,,,,,,,,,,,,,11,"9,5",152,2,Estandar,Double,22,,20,24,XL Engine,Compra,NO
Nightsky NGS-4T Nightsky,50,Medio,3056,1287,9626375,6,9,6,Inner Sphere,,,1,,,,,1,1,2,,,,,,,,,,,,,,,,,,,,,,,,,,,,,,,,,,,,,,,,,,,,11,"9,5",152,2,Estandar,Double,22,,23,26,XL Engine,Compra,NO
Nightsky NGS-5S Nightsky,50,Medio,3056,1045,8907000,6,9,0,Inner Sphere,,,,,,,,,1,2,1,,,,,,,,,,,,,,,,,,,,,,,,,,,,,,,,,,,,,,,,,,,14,"9,5",152,2,Estandar,Double,28,,20,24,XL Engine,Compra,NO
Nightsky NGS-5T Nightsky,50,Medio,3057,1356,9607500,6,9,6,Inner Sphere,,,,,,,,,1,2,,,,,,1,,,,,,,,,,,,,,,,,,,,,,,,,,,,,,,,,,,,,,11,"9,5",152,2,Estandar,Double,22,,25,25,XL Engine,Compra,NO
Nightsky NGS-6S Nightsky,50,Medio,3066,1474,8293500,6,9,6,Inner Sphere,,,,,,,7,,,,,,,,,,,,,,,,,,,,,,,,,,,,,,,,,,,,,,,,,,,,,,,11,"9,5",152,2,Estandar,Double,22,,35,35,Light Fusion Engine,Compra,NO
Nightsky NGS-6T Nightsky,50,Medio,3080,1462,10533750,6,9,6,Inner Sphere,,,,,,2,1,,1,1,1,,,,,,,,,,,,,,,,,,,,,,,,,,,,,,,,,,,,,,,,,,,11,"9,5",152,2,Estandar,Double,22,,25,29,XL Engine,Compra,NO
Nightstar NSR-10D Nightstar,95,Asalto,3150,2539,21947690,3,5,0,Mixed,,,,,,,,2,,,,,,,,1,,,,,,,,,,,,,,,,,,,,,,,,,,,,,,,,,,,2,,,16,"18,3",293,2,Estandar,Double,32,,41,56,XL Engine,Compra,NO
Nightstar NSR-9FC Nightstar,95,Asalto,3062,1929,25682840,4,6,0,Inner Sphere,,,,3,,,,,,,,,,,,1,,,,,,,,,,,,,,,,,,,,,,,,,,,,,,,2,,,,,,,13,"18,3",293,2,Estandar,Double,26,,28,45,XL Engine,Compra,NO
Nightstar NSR-9J Nightstar,95,Asalto,2764,2399,20026977,3,5,0,Inner Sphere,,,1,,,,,,,2,,,,,,1,,,,,,,,,,,,,,,,,,,,,,,,,,,,,,,,,,,2,,,14,"18,3",293,2,Estandar,Double,28,,26,55,XL Engine,Compra,NO
Nightstar NSR-9SS Nightstar,95,Asalto,3065,2145,20983262,3,5,3,Inner Sphere,,,1,,,,,,,3,,,,,,,,,,,,,,,,,,,,,,,,,,,,,,,,,,1,,,,1,,,,,,14,"18,3",293,2,Estandar,Double,28,,27,61,XL Engine,Compra,NO
Ninja-To NJT-2 Ninja-To,65,Pesado,3062,1527,16077650,6,9,0,Inner Sphere,,,,,,,2,2,,,,,,,,,,,,,,,,,,,,,1,,,,,,,,,,,,,,,,,,,,,,,,,12,"12,0",192,2,Estandar,Double,24,,38,36,XL Engine,Compra,NO
Ninja-To NJT-3 Ninja-To,65,Pesado,3068,1605,15915900,6,9,0,Inner Sphere,,,,,,,2,,,,,,,,2,,,,,,,,,,,,,,,,,,,,,,,,,,,,,,,,,,,,,,,12,"12,5",200,2,Estandar,Double,24,,30,30,XL Engine,Compra,NO
Ninja-To NJT-4 Ninja-To,65,Pesado,3075,1762,16475250,6,9,0,Inner Sphere,,,,,,,2,,,,,,,,,,2,,,,,,,,,,,,,,,,,,,,,,,,,,,,,,,,,,,,,11,"12,9",206,2,Ferro Fibroso,Double,22,,30,30,XL Engine,Compra,NO
No-Dachi NDA-1K No-Dachi,70,Pesado,3058,1708,17584086,5,8,0,Inner Sphere,,,,1,,,,,,,,,,,,1,,,,,,,1,1,,,,,,2,,,,,,,,,,,,,,,,,,,,,,,,10,"12,0",192,2,Estandar,Double,20,,35,67,XL Engine,Compra,NO
No-Dachi NDA-2K No-Dachi,70,Pesado,3059,1739,17818461,5,8,0,Inner Sphere,,,1,,,,,1,,5,,,,,,,,,,,,,,,,,,,2,,,,,,,,,,,,,,,,,,,,,,,,,11,"13,0",208,2,Estandar,Double,22,,41,61,XL Engine,Compra,NO
No-Dachi NDA-2KC No-Dachi,70,Pesado,3067,1705,17993961,5,8,0,Inner Sphere,1,,1,,,,1,,1,6,1,,,,,,,,,,,,,,,,,,,,,,,,,,,,,,,,,,,,,,,,,,,14,"13,5",216,2,Estandar,Double,28,,45,58,XL Engine,Compra,NO
No-Dachi NDA-2KO No-Dachi,70,Pesado,3060,1759,17704961,5,8,0,Inner Sphere,1,,1,,,,2,,1,6,1,,,,,,,,,,,,,,,,,,,,,,,,,,,,,,,,,,,,,,,,,,,14,"13,5",216,2,Estandar,Double,28,,50,63,XL Engine,Compra,NO
No-Dachi NDA-3S No-Dachi,70,Pesado,3081,1706,18308461,5,8,0,Inner Sphere,,,3,,,,2,,1,3,,,,,,,,,,,,,,,,,,,,,,,,,,,,,,,,,,,,,,,,,,,,14,"13,5",216,2,Estandar,Double,28,,27,40,XL Engine,Compra,NO
Nobori-nin (Huntsman)  Nobori-nin (Huntsman),50,Medio,3048,2108,12532000,5,8,5,Clan,3,2,,,,3,7,4,3,9,3,1,9,1,,2,,,2,2,2,1,,,,,1,4,,,,,,3,,,,,,,2,1,1,,1,,1,,,,,,1,10,"10,6",169,2,Ferro Fibroso,Double,20,,360,511,XL Engine,Compra,NO
Nova (Black Hawk)  Nova (Black Hawk),50,Medio,2870,2663,11586250,5,8,5,Clan,,14,,,,1,24,,1,7,1,,18,,,3,,,,,,1,,1,,,,,,,,,,,,1,,,,,,1,,,,1,,,,,1,,,14,"10,0",160,2,Estandar,Double,28,,353,492,XL Engine,Compra,NO
Nova Blackmore Nova,50,Medio,3070,2068,8724000,5,8,5,Clan,,,,,,,,,,,2,,,,,,,,,,,,,,,,,,,,,,,,,,,,,,,,,,,,,,,,,,,12,"10,0",160,2,Estandar,Double,24,,20,18,XL Engine,Compra,NO
Nova Cat  Nova Cat,70,Pesado,3059,2530,17672916,4,6,4,Clan,,,,,,,2,8,,8,5,,,7,,2,,,,,6,3,,,,,,,,,,,,,4,,,,,,,2,,,,1,1,1,,,8,,,11,"13,5",216,2,Estandar,Double,22,,435,686,XL Engine,Compra,NO
Nyx NX-100 Nyx,30,Ligero,3095,917,5533250,10,15,0,Inner Sphere,,,,,,,2,,,,,,,,,,,,,,,,,,,,,,,,,,,,,,,,,,,,,,,,,,,,,,,10,"5,6",89,2,Ferro Fibroso,Double,20,,10,10,XL Engine,Compra,NO
Nyx NX-110 Nyx,30,Ligero,3141,805,6600750,10,15,0,Inner Sphere,,,,,,,,,,,,,,,,,,,,,,,,,,,,,,,,,,,,,,,,,,,,,,,,,,,,,,10,"4,9",78,2,Estandar,Double,20,,0,0,XL Engine,Compra,NO
Nyx NX-80 Nyx,30,Ligero,3076,924,5690125,10,15,0,Inner Sphere,,,,,,1,2,,,,,,,,,,,,,,,,,,1,,,,,,,,,,,,,,,,,,,,,,,,,,,,,10,"5,6",89,2,Ferro Fibroso,Double,20,,16,25,XL Engine,Compra,NO
Nyx NX-80C Nyx,30,Ligero,3078,874,5989125,10,15,0,Inner Sphere,,,,,,1,2,,,,,,,,,,,,,,,,,1,,,,,,,,,,,,,,,,,,,,,,,,,,,,,,10,"5,6",89,2,Ferro Fibroso,Double,20,,15,21,XL Engine,Compra,NO
Nyx NX-90 Nyx,30,Ligero,3080,613,5233240,10,15,0,Inner Sphere,,,,,,,,,,,,,,,,,,,,,,,,,1,,,,,,,,,,,,,,,,,,,,,,,,,,,,,10,"5,6",89,2,Ferro Fibroso,Double,20,,4,12,XL Engine,Compra,NO
O-Bakemono OBK-M10 O-Bakemono,80,Asalto,3057,1659,18060450,4,6,0,Inner Sphere,,,1,2,,,,,,,,,,,,,,,,,,,,,,,,,,,,,,,,,,,,,,,,,,,,,,,,,,10,"14,0",224,2,Estandar,Double,20,,7,13,XL Engine,Compra,NO
O-Bakemono OBK-M11 O-Bakemono,80,Asalto,3068,1793,7634650,3,5,0,Inner Sphere,,,1,2,,,,,,,,,,,,,,,,,,,,,,,,,,,,2,,,,,,,,,,,,,,,,,,,,,,14,"14,0",224,2,Estandar,Double,28,,31,93,Fusion Engine,Compra,NO
O-Bakemono OBK-M12 O-Bakemono,80,Asalto,3070,1732,9853050,3,5,0,Inner Sphere,,,1,2,,,,,,,,,,,,,,,,,,,,,,,,,,,,2,,,,,,,,,,,,,,,,,,,,,,12,"14,0",224,2,Estandar,Double,24,,31,93,Fusion Engine,Compra,NO
Ocelot 2 Ocelot,35,Ligero,3070,1734,5697810,6,9,6,Clan,,,,,,,2,,,,,,,,,1,,,,,,,,,,,,,,,,,,,,,,,,,,,,,,,,,,,,,,14,"7,2",115,2,Ferro Fibroso,Double,28,,25,20,XL Engine,Compra,NO
Ocelot 3 Ocelot,35,Ligero,3075,1594,5978610,6,9,6,Clan,,,,,,,,1,,,,,2,,,,,,,,,,,,,,,,,,,,,,,,,,,,,,,,,,,,,,,,,12,"7,4",119,2,Ferro Fibroso,Double,24,,26,28,XL Engine,Compra,NO
Ocelot 4 Ocelot,35,Ligero,3096,1468,5458860,6,9,6,Clan,,,,,,,,,,2,1,,,,,,,,,,,,,,,,,,,,,,,,,,,,,,,,,,,,,,,,,,,12,"7,2",115,2,Ferro Fibroso,Double,24,,18,21,XL Engine,Compra,NO
Ocelot  Ocelot,35,Ligero,3067,1439,5719410,6,9,6,Clan,,,,,,,2,,,,,,,1,,,,,,,,,,,,,,,,,,,,,,,,,,,,,,,,,,,,,,,,15,"7,4",119,2,Ferro Fibroso,Double,30,,28,26,XL Engine,Compra,NO
Omen 2 Omen,85,Asalto,3141,2378,18819950,3,5,3,Clan,,,,,,,1,,,1,1,,,,,,,,,,,,,,,,,,,,,,,,1,,,,,,,,,,,,1,,,,,,,15,"16,4",263,2,Estandar,Double,30,,27,48,XL Engine,Compra,NO
Omen  Omen,85,Asalto,3087,2750,17420500,3,5,3,Clan,,,,,,,2,,,2,1,,,,,,,,,,,,,,,,,,,,,,,,,1,,,,,,,,,,,1,,,,,,,18,"16,4",263,2,Estandar,Double,36,,38,65,XL Engine,Compra,NO
Omni-Corvis  Omni-Corvis,50,Medio,2921,1678,6042062,5,8,0,Clan,,2,,,,,1,1,1,6,,,,,,,,,,,,2,,,,,,2,,,,,,,,,,,,,,,1,,,,,,,,,,,10,"9,6",153,2,Ferro Fibroso,Double,20,,67,130,Fusion Engine,Compra,NO
Onager 2 Onager,90,Asalto,3137,2847,11140230,3,5,3,Clan,,,,,,,,,1,,2,,,,,,,,,,,,,,2,,,,,,,,,,,,,,,,,,,,,,,,,,,,,12,"17,4",279,2,Ferro Fibroso,Double,24,,30,45,Fusion Engine,Compra,NO
Onager  Onager,90,Asalto,3083,2732,11164930,3,5,5,Clan,,,,,,,,,1,2,,,,,,,,,,,,,,,2,,,,,,,,,,,,,,,,,,,,,,,,,,,,,12,"17,4",279,2,Ferro Fibroso,Double,24,,18,39,Fusion Engine,Compra,NO
Orion IIC  Orion IIC,75,Pesado,2841,2392,8149250,4,6,0,Clan,,,,,,,,2,,,,,,,,,,,,,,1,,1,,,,,,,,,,,,,,,,,,,,,,,,,,,1,,,12,"14,4",230,2,Ferro Fibroso,Double,24,,34,59,Fusion Engine,Compra,NO
Orion ON1-K (Kerensky) Orion,75,Pesado,2753,1821,7557750,4,6,0,Inner Sphere,,,,2,,,,,,,,,,,,,1,,,,,,,1,,,,,,,,,,,,,,,,,,,,,,,,,,,1,,,10,"14,4",231,2,Ferro Fibroso,Double,20,,20,43,Fusion Engine,Compra,NO
Orion ON1-K Orion,75,Pesado,2525,1429,6600250,4,6,0,Inner Sphere,,,,2,,,,,,,,,,,,,,,,,1,,,1,,,,,,,,,,,,,,,1,,,,,,,,,,,,,,,10,"14,4",231,2,Estandar,Single,10,,17,43,Fusion Engine,Compra,NO
Orion ON1-M-DC Orion,75,Pesado,3053,1444,16390750,4,6,0,Inner Sphere,,,,2,,,,,,,,,,,,,,,,,,1,,1,,,,,,,,,,,,,,,,,,,,,,,1,,,,,,,10,"14,0",224,2,Estandar,Double,20,,17,48,XL Engine,Compra,NO
Orion ON1-M Orion,75,Pesado,3049,1414,15586250,4,6,0,Inner Sphere,,,,2,,,,,,,,,,,,,,,,,,1,,1,,,,,,,,,,,,,,,,,,,,,,,1,,,,,,,11,"14,0",224,2,Estandar,Double,22,,17,48,XL Engine,Compra,NO
Orion ON1-MA Orion,75,Pesado,3052,1501,15854250,4,6,0,Inner Sphere,,,,,,,,,,2,,,,,,,,,,,,1,,,1,,,,,,,,,,,,,,,,,,,,,,1,,,,,,,11,"14,0",224,2,Estandar,Double,22,,20,54,XL Engine,Compra,NO
Orion ON1-MB Orion,75,Pesado,3058,1472,15495500,4,6,0,Inner Sphere,,,,,,,2,,,,,,,,,,,,,,,1,,1,,,,,,,,,,,,,,,,,,,,,,,,,,,1,,,11,"14,0",224,2,Estandar,Double,22,,20,53,XL Engine,Compra,NO
Orion ON1-MC Orion,75,Pesado,3056,1501,15693750,4,6,0,Inner Sphere,,,,2,,,,,,,,,,,,,,,,,,,,,,,,,,1,1,,,,,,,,,,,,,,,,1,,,,,,,11,"14,0",224,2,Estandar,Double,22,,24,70,XL Engine,Compra,NO
Orion ON1-MD Orion,75,Pesado,3062,1597,15329500,4,6,0,Inner Sphere,,,,2,,,,,,,,,,,,,,,,,,1,,1,,,,,,,,,,,,,,,,,,,,,,,,,,1,,,,11,"14,0",224,2,Estandar,Double,22,,16,43,XL Engine,Compra,NO
Orion ON1-V-DC Orion,75,Pesado,2913,1310,7491750,4,6,0,Inner Sphere,,,,2,,,,,,,,,,,,,,,,,1,,,2,,,,,,,,,,,,,,,1,,,,,,,,,,,,,,,10,"11,5",184,2,Estandar,Single,10,,20,51,Fusion Engine,Compra,NO
Orion ON1-V Orion,75,Pesado,2799,1298,6679750,4,6,0,Inner Sphere,,,,2,,,,,,,,,,,,,,,,,1,,,2,,,,,,,,,,,,,,,1,,,,,,,,,,,,,,,10,"11,5",184,2,Estandar,Single,10,,20,51,Fusion Engine,Compra,NO
Orion ON1-VA Orion,75,Pesado,2901,1328,6387000,4,6,0,Inner Sphere,,,,2,,,,,,,,,,,,,,,,,,,,2,,,,,,,,,,,,,,,1,,,,,,,,,,,,,,,16,"14,4",231,2,Estandar,Single,16,,15,36,Fusion Engine,Compra,NO
Orion ON2-M Orion,75,Pesado,3063,1828,7615000,4,6,0,Inner Sphere,,,,,,,,,,3,,,,,,,,,,,1,,,,,,,,,,,,,,,,,,,,,,,,,,,,,,1,,,10,"14,0",224,2,Ferro Fibroso,Double,20,,18,48,Fusion Engine,Compra,NO
Orion ON3-M Orion,75,Pesado,3083,1826,15868750,4,6,0,Inner Sphere,,,,,,,2,,,,,,,,,,,,,,1,,,,,,,,,,,,,,,,,,,,,,,,,,,,,,1,,,10,"14,0",224,2,Estandar,Double,20,,16,40,XL Engine,Compra,NO
Orochi OR-2I Orochi,90,Asalto,3084,2077,23210375,4,6,0,Inner Sphere,,,,,,1,,,,,,,,,,,,,,,,,,,,,2,,,,,,,,,,,,,,,,,,,,,,,,,,,10,"17,4",279,2,Estandar,Double,20,,8,19,XL Engine,Compra,NO
Osiris OSR-3D Osiris,30,Ligero,3063,1138,5222300,8,12,4,Inner Sphere,,1,,,,,5,,,,,,,,,,,,,,,,,,1,,,,,,,,,,,,,,,,,,,,,,,,,,,,,10,"5,0",80,2,Ferro Fibroso,Double,20,,29,39,XL Engine,Compra,NO
Osiris OSR-4D Osiris,30,Ligero,3067,1230,5562700,8,12,8,Inner Sphere,,,,,,,5,,,1,,,,,,,,,,,,,,,,,,,,,,,,,,,,,,,,,,,,,,,,,,,,10,"6,1",98,2,Ferro Fibroso,Double,20,,29,31,XL Engine,Compra,NO
Osiris OSR-5D Osiris,30,Ligero,3081,1226,5127200,7,11,7,Inner Sphere,,,,,,,,,,,,,,,,,,1,,,,,,,,,,,,,,,,,,,,,,,,,,,,,,,,,,,,10,"6,3",101,2,Ferro Fibroso,Double,20,,15,15,XL Engine,Compra,NO
Osprey OSP-15 Osprey,55,Medio,2750,1564,8935258,4,6,4,Inner Sphere,,,,3,,,,,,,,,,,,,,,,1,,,,,,,,,,,,,,,,,,,,,,,,,,,,,,,1,,,10,"11,0",176,2,Estandar,Double,20,,14,40,XL Engine,Compra,NO
Osprey OSP-25 Osprey,55,Medio,3074,1630,9121258,4,6,4,Inner Sphere,,,,,,,3,,,,,,,,,,,,,1,,,,,,,,,,,,,,,,,,,,,,,,,,,,,,,1,,,10,"11,0",176,2,Estandar,Double,20,,20,40,XL Engine,Compra,NO
Osprey OSP-26 (Lawrence) Osprey,55,Medio,3085,1461,11630333,4,6,5,Inner Sphere,,,,,,,,,,2,,,,,,,,1,,,,,,,,,,,,,,,,,,,,,,,,,,,,,,,,,,,,10,"11,0",176,2,Estandar,Double,20,,23,27,XL Engine,Compra,NO
Osprey OSP-26 Osprey,55,Medio,3076,1541,9251945,4,6,4,Inner Sphere,,,,,,1,2,,,,,,,,,,,,,,,,,,,,,,,,,,,,,,,,,,,,,,,,,,,,1,,,10,"11,0",176,2,Estandar,Double,20,,13,28,XL Engine,Compra,NO
Osteon  Osteon,85,Asalto,3072,3073,31851781,3,5,5,Clan,,2,,,,2,3,6,,7,7,,4,2,,1,,,,,,,,,,,,,,,,,,,4,,,,,,,,,1,,,,,,1,1,,,10,"15,8",252,2,Ferro Fibroso,Double,20,,302,372,XL Engine,Compra,NO
Ostroc OSR-2C Ostroc,60,Pesado,2511,1228,5009400,5,8,0,Inner Sphere,,,,2,2,,,,,,,,,,,,,,,,,,,1,,,,,,,,,,,,,,,,,,,,,,,,,,,,,,15,"9,0",144,2,Estandar,Single,15,,25,34,Fusion Engine,Compra,NO
Ostroc OSR-2Cb Ostroc,60,Pesado,2729,1478,5586160,5,8,0,Inner Sphere,,,,2,,,,2,,,,,,,,,,,,,,,,,,2,,,,,,,,,,,,,,,,,,,,,,,,,,,,14,"10,1",161,2,Ferro Fibroso,Double,28,,34,34,Fusion Engine,Compra,NO
Ostroc OSR-2D Ostroc,60,Pesado,3052,1396,5472760,5,8,0,Inner Sphere,,,,2,,,,2,,,,,,,,,,,,,,,,1,,,,,,,,,,,,,,,,,,,,,,,,,,,,,,15,"9,0",144,2,Estandar,Double,30,,33,34,Fusion Engine,Compra,NO
Ostroc OSR-2L Ostroc,60,Pesado,2884,1233,4964400,5,8,0,Inner Sphere,,,,2,2,,,,,,,,,,,,,,1,,,,,,,,,,,,,,,,,,,,,,,,,,,,,,,,,,,15,"9,0",144,2,Estandar,Single,15,,24,31,Fusion Engine,Compra,NO
Ostroc OSR-2M Ostroc,60,Pesado,2793,1239,5238400,5,8,5,Inner Sphere,,,,,2,,,,,,,,,,,,,,,,,,,,,,,,,,,,,,,,,,,,,,,,,,,,,,,,,15,"9,0",144,2,Estandar,Single,15,,16,16,Fusion Engine,Compra,NO
Ostroc OSR-3C Ostroc,60,Pesado,2876,1288,4918400,5,8,0,Inner Sphere,,,,,3,,,,,,,,,,,,,,,,,,,,,,,,,,,,,,,,,,,,,,,,,,,,,,,,,15,"9,0",144,2,Estandar,Single,15,,24,24,Fusion Engine,Compra,NO
Ostroc OSR-4C Ostroc,60,Pesado,3066,1325,5189760,5,8,0,Inner Sphere,,,,2,2,,,,,,,,,,,,,,,,,,,,,,,,,,,,,,,,,,,,,,,,,,,,,,,,,15,"10,1",161,2,Ferro Fibroso,Single,15,,22,26,Fusion Engine,Compra,NO
Ostroc OSR-4K Ostroc,60,Pesado,3077,1490,10586560,4,6,6,Inner Sphere,,,,,,,2,,,,,,,,,,2,,,,,,,,,,,,,,,,,,,,,,,,,,,,,,,,,,,,,11,"9,5",152,2,Estandar,Double,22,,30,30,Fusion Engine,Compra,NO
Ostroc OSR-4L Ostroc,60,Pesado,3066,1778,7069760,5,8,5,Inner Sphere,,,,,,,2,2,,,,,,,,,,,,,,,,,,,,,,,,,,,,,,,,,,,,,,,,,,,,,,13,"10,5",168,2,Furtivo,Double,26,,34,26,Fusion Engine,Compra,NO
Ostroc OSR-5C Ostroc,60,Pesado,3082,1788,13980160,6,9,5,Inner Sphere,,,,,,,1,,,1,,,,,1,,,1,,,,,,,,,,,,,,,,,,,,,,,,,,,,,,,,,,,,12,"11,8",188,2,Ferro Fibroso,Double,24,,34,36,XL Engine,Compra,NO
Ostroc OSR-5W Ostroc,60,Pesado,3070,1655,13037760,5,8,5,Inner Sphere,,,,,,,2,,,,,,,,,,2,,,,,,,,,,,,,,,,,,,,,,,,,,,,,,,,,,,,,13,"12,6",201,2,Ferro Fibroso,Double,26,,30,30,Light Fusion Engine,Compra,NO
Ostscout OTT-10CS Ostscout,35,Ligero,3071,862,9449100,8,12,10,Inner Sphere,,,,,,,2,,,,,,,,,,,,,,,,,,,,,,,,,,,,,,,,,,,,,,,,,,,,,,,10,"6,0",96,2,Estandar,Double,20,,10,10,XL Engine,Compra,NO
Ostscout OTT-11J Ostscout,35,Ligero,3078,908,7512210,9,14,8,Inner Sphere,,,,,,,,,,,,,,,2,,,,,,,,,,,,,,,,,,,,,,,,,,,,,,,,,,,,,,,10,"4,4",71,2,Ferro Fibroso,Double,20,,20,20,XL Engine,Compra,NO
Ostscout OTT-12R Ostscout,35,Ligero,3145,1209,6123060,8,12,8,Mixed,,,,,,,,1,,,,,,,,,,,,,,,,,,,,,,,,,,,,,,,,,,,,,,,,,,,,,,10,"4,5",72,2,Furtivo,Double,20,,12,8,Light Fusion Engine,Compra,NO
Ostscout OTT-7J Ostscout,35,Ligero,2600,596,3409200,8,12,8,Inner Sphere,,,,1,,,,,,,,,,,,,,,,,,,,,,,,,,,,,,,,,,,,,,,,,,,,,,,,,,10,"4,5",72,2,Estandar,Single,10,,3,5,Fusion Engine,Compra,NO
Ostscout OTT-7Jb Ostscout,35,Ligero,2600,610,3735900,8,12,8,Inner Sphere,,,,1,,,,,,,,,,,,,,,,,,,,,,,,,,,,,,,,,,,,,,,,,,,,,,,,,,10,"4,5",72,2,Estandar,Single,10,,3,5,Fusion Engine,Compra,NO
Ostscout OTT-7K Ostscout,35,Ligero,3049,484,3430260,8,12,8,Inner Sphere,,,,,,,,,,,,,,,,,,,,,,,,,,,,,,,,,,,,,,,,,,,,,,,,,,,,,,10,"4,5",72,2,Estandar,Single,10,,0,0,Fusion Engine,Compra,NO
Ostscout OTT-8J Ostscout,35,Ligero,3145,894,9242010,8,12,8,Inner Sphere,,,,,,,,,,,,,,,,,,,,,,,,,,,,,,,,,,,,,,,,,,,,,,,,,,,,,,10,"6,7",107,2,Ferro Fibroso,Double,20,,0,0,XL Engine,Compra,NO
Ostscout OTT-9CS Ostscout,35,Ligero,3064,930,7929337,8,12,8,Inner Sphere,,,,,,1,2,,,,,,,,,,,,,,,,,,,,,,,,,,,,,,,,,,,,,,,,,,,,,,,10,"6,0",96,2,Estandar,Single,10,,12,13,XL Engine,Compra,NO
Ostscout OTT-9S Ostscout,35,Ligero,3064,855,6050700,8,12,8,Inner Sphere,,,,,,,2,,,,,,,,,,,,,,,,,,,,,,,,,,,,,,,,,,,,,,,,,,,,,,,10,"4,4",71,2,Ferro Fibroso,Single,10,,10,10,Light Fusion Engine,Compra,NO
Ostsol OTL-4D Ostsol,60,Pesado,2694,1277,5017600,5,8,0,Inner Sphere,,,,4,2,,,,,,,,,,,,,,,,,,,,,,,,,,,,,,,,,,,,,,,,,,,,,,,,,16,"9,0",144,2,Estandar,Single,16,,28,36,Fusion Engine,Compra,NO
Ostsol OTL-4F Ostsol,60,Pesado,2871,1264,5081600,5,8,0,Inner Sphere,,,,,,,,,,,,,,,2,,,,,,,,,,,,,,,,,,,,,,,,,,,,,,,,,,,,,,,16,"9,0",144,2,Estandar,Single,16,,20,20,Fusion Engine,Compra,NO
Ostsol OTL-5BL Ostsol,60,Pesado,3058,1481,5672960,5,8,0,Inner Sphere,,,,,,,,,,8,,,,,,,,,,,,,,,,,,,,,,,,,,,,,,,,,,,,,,,,,,,,15,"12,3",197,2,Ferro Fibroso,Double,30,,32,48,Fusion Engine,Compra,NO
Ostsol OTL-5D Ostsol,60,Pesado,3063,1333,5152960,5,8,0,Inner Sphere,,,,2,2,,,,,,,,,,,,,,,,,,,,,,,,,,,,,,,,,,,,,,,,,,,,,,,,,16,"9,5",152,2,Ferro Fibroso,Single,16,,22,26,Fusion Engine,Compra,NO
Ostsol OTL-5M Ostsol,60,Pesado,3052,1245,11457360,5,8,0,Inner Sphere,,,,,,,,,,4,2,,,,,,,,,,,,,,,,,,,,,,,,,,,,,,,,,,,,,,,,,,,16,"9,0",144,2,Estandar,Double,32,,36,42,XL Engine,Compra,NO
Ostsol OTL-6D Ostsol,60,Pesado,3064,1880,13119360,5,8,0,Inner Sphere,,,,,,,2,2,2,2,,,,,,,,,,,,,,,,,,,,,,,,,,,,,,,,,,,,,,,,,,,,14,"12,6",201,2,Ferro Fibroso,Double,28,,46,44,XL Engine,Compra,NO
Ostsol OTL-7M Ostsol,60,Pesado,3065,1581,12024960,5,8,0,Inner Sphere,,,,,,,4,,,,,,,,,,,,,,,,,,,,,,,,,,,,,,,,,,,,,,,,,,,,2,,,10,"10,5",168,2,Estandar,Double,20,,22,50,XL Engine,Compra,NO
Ostsol OTL-8D Ostsol,60,Pesado,3069,1462,9827760,5,8,0,Inner Sphere,,,,,,,2,,,,,,,,1,,,,,,,,,,,,,,,,,,,,,,,,,,,,,,,,,,,,,,,10,"12,6",201,2,Ferro Fibroso,Double,20,,20,20,Light Fusion Engine,Compra,NO
Ostsol OTL-8M Ostsol,60,Pesado,3066,1733,14844560,6,9,0,Inner Sphere,,,,,,1,1,,,3,1,,,,1,,,,,,,,,,,,,,,,,,,,,,,,,,,,,,,,,,,,,,,11,"11,0",176,2,Estandar,Double,22,,39,45,XL Engine,Compra,NO
Ostsol OTL-9M Ostsol,60,Pesado,3079,1871,15839360,6,9,0,Inner Sphere,,,,,,,2,1,,1,,,,,,,1,,,,,,,,,,,,,,,,,,,,,,,,,,,,,,,,,,,,,14,"11,2",179,2,Ferro Fibroso,Double,28,,36,34,XL Engine,Compra,NO
Ostsol OTL-9R Ostsol,60,Pesado,3077,1654,8560160,3,5,0,Inner Sphere,,,1,,1,1,1,,,,,,,,,,1,1,,,,,,,,,,,,,,,,,,,,,,,,,,,,,,,,,,,,14,"12,0",192,2,Estandar,Double,28,,41,44,Fusion Engine,Compra,NO
Ostwar OWR-2M Ostwar,65,Pesado,2470,1205,4895125,3,5,0,Inner Sphere,,,,2,,,,,,,,,,,,,,,,,,1,,2,,,,,,,,,,,,,,,,,,,,,,,,,,,,,,12,"11,7",187,2,Estandar,Single,12,,18,46,Primitive Fusion Engine,Compra,NO
Ostwar OWR-2Mb Ostwar,65,Pesado,2750,1638,14135049,5,8,0,Inner Sphere,,,,,,,,3,,,,,,,,,,,,,,,,,2,,,,,,,,,,,,,,,,,,,,,,,,,,,,,18,"12,0",192,2,Estandar,Double,36,,44,48,XL Engine,Compra,NO
Ostwar OWR-3M Ostwar,65,Pesado,3075,1557,6606575,4,6,0,Inner Sphere,,,,,,,2,,,,,,,,,,,,,,,1,,,,,2,,,,,,,,,,,,,,,,,,,,,,,,,,,12,"12,2",195,2,Ferro Fibroso,Double,24,,22,46,Fusion Engine,Compra,NO
Owens OW-1 Owens,35,Ligero,3056,839,7862250,8,12,0,Inner Sphere,,2,6,4,1,2,3,,1,1,,,,,1,,,,2,,,,,1,1,2,,,2,,,,,,,,,,,,,,,,,,,,,,,,,10,"7,0",112,2,Estandar,Single,10,,84,148,XL Engine,Compra,NO
Pack Hunter 2 Pack Hunter,30,Ligero,3062,1598,5047640,7,11,7,Clan,,,,,,,,,,,,,,,,1,,,,,,,,,,,,,,,,,,,,,,,,,,,,,,,,,,,,,,11,"6,6",105,2,Ferro Fibroso,Double,22,,15,10,XL Engine,Compra,NO
Pack Hunter 3 Pack Hunter,30,Ligero,3068,1747,5268640,7,11,7,Clan,,,,,,,,,,,,,,,,1,,,,,,,,,,,,,,,,,,,,,,,,,,,,,,,,,,,,,,11,"6,6",105,2,Ferro Fibroso,Double,22,,15,10,XL Engine,Compra,NO
Pack Hunter 4 Pack Hunter,30,Ligero,3070,1257,5561140,6,9,9,Clan,,,,,,,,1,,,,,,,,,,,,,,,,,,,,,,,,,,,,,,,,,,,,,,,,,,,,,,10,"6,0",96,2,Ferro Fibroso,Double,20,,12,8,XL Engine,Compra,NO
Pack Hunter 5 Pack Hunter,30,Ligero,3145,1644,5559840,9,14,7,Mixed,,,,,,,,,,,,,,,,1,,,,,,,,,,,,,,,,,,,,,,,,,,,,,,,,,,,,,,10,"6,6",105,2,Ferro Fibroso,Double,20,,15,10,XL Engine,Compra,NO
Pack Hunter II 2 Pack Hunter II,30,Ligero,3078,1457,6623240,7,11,7,Mixed,,,,,,,,,,,,,,,,1,,,,,,,,,,,,,,,,,,,,,,,,,,,,,,,,,,,,,,10,"6,0",96,2,Ferro Fibroso,Double,20,,15,10,Light Fusion Engine,Compra,NO
Pack Hunter II 3 Pack Hunter II,30,Ligero,3082,1438,8986640,7,11,10,Mixed,,,,,,,,,,,,,,,,1,,,,,,,,,,,,,,,,,,,,,,,,,,,,,,,,,,,,,,10,"4,2",67,2,Ferro Fibroso,Double,20,,15,10,XL Engine,Compra,NO
Pack Hunter II 4 Pack Hunter II,30,Ligero,3093,1447,7245940,7,11,7,Clan,,,,,,,,,,,,,,,,1,,,,,,,,,,,,,,,,,,,,,,,,,,,,,,,,,,,,,,10,"5,4",86,2,Ferro Fibroso,Double,20,,15,10,XL Engine,Compra,NO
Pack Hunter II  Pack Hunter II,30,Ligero,3077,1797,5124340,7,11,7,Clan,,,,,,,2,,,,,,,,,1,,,,,,,,,,,,,,,,,,,,,,,,,,,,,,,,,,,,,,10,"5,4",86,2,Ferro Fibroso,Double,20,,25,20,XL Engine,Compra,NO
Pack Hunter  Pack Hunter,30,Ligero,3059,1369,3206840,7,11,7,Clan,,,,,,,,,,,,,,,,1,,,,,,,,,,,,,,,,,,,,,,,,,,,,,,,,,,,,,,10,"4,0",64,2,Estandar,Double,20,,15,10,Fusion Engine,Compra,NO
Pandarus LFA-1A Pandarus,75,Pesado,3083,1589,7848750,4,6,0,Inner Sphere,,,,,,,1,,,,,,,,,,,,,3,,,,,,,,,,,,,,,,,,,,,,,,,,,,,,,,,,10,"13,0",208,2,Estandar,Double,20,,17,35,Fusion Engine,Compra,NO
Panther PNT-10BL Panther,35,Ligero,3055,944,2951460,4,6,4,Inner Sphere,,,,,,,,,,,,,,,,1,,,,,,,,,,,1,,,,,,,,,,,,,,,,,,,,,,,,,,,11,"7,4",119,2,Estandar,Double,22,,18,18,Fusion Engine,Compra,NO
Panther PNT-10K Panther,35,Ligero,3051,838,2897460,4,6,4,Inner Sphere,,,,,,,,,,,,,,,,1,,,,,,,,1,,,,,,,,,,,,,,,,,,,,,,,,,,,,,,13,"6,5",104,2,Estandar,Single,13,,18,18,Fusion Engine,Compra,NO
Panther PNT-10K2 Panther,35,Ligero,3074,913,2905560,4,6,4,Inner Sphere,,,,,,,,,,,,,,,,1,,,,,,,,2,,,,,,,,,,,,,,,,,,,,,,,,,,,,,,12,"6,5",104,2,Estandar,Double,24,,21,26,Fusion Engine,Compra,NO
Panther PNT-10KA Panther,35,Ligero,3055,797,2762460,4,6,4,Inner Sphere,,,,,,,,,,,,,,,1,,,,,,,,,1,,,,,,,,,,,,,,,,,,,,,,,,,,,,,,13,"6,5",104,2,Estandar,Single,13,,13,18,Fusion Engine,Compra,NO
Panther PNT-12A Panther,35,Ligero,3064,982,2862360,4,6,4,Inner Sphere,,,,,,,,1,,1,,,,,,,,,,,,,,,,,1,,,,,,,,,,,,,,,,,,,,,,,,,,,10,"7,4",119,2,Estandar,Double,20,,19,22,Fusion Engine,Compra,NO
Panther PNT-12K Panther,35,Ligero,3079,930,2802560,4,6,4,Inner Sphere,,,,,,,,,,,,,,,,1,,,,,,,,,,,,,1,,,,,,,,,,,,,,,,,,,,,,,,,12,"7,4",119,2,Estandar,Double,24,,19,20,Fusion Engine,Compra,NO
Panther PNT-12K2 Panther,35,Ligero,3074,930,2802560,4,6,4,Inner Sphere,,,,,,,,,,,,,,,,1,,,,,,,,,,,,,1,,,,,,,,,,,,,,,,,,,,,,,,,12,"7,4",119,2,Estandar,Double,24,,19,20,Fusion Engine,Compra,NO
Panther PNT-12KC Panther,35,Ligero,3139,1036,3585960,4,6,4,Mixed,,,,1,,,,,,,,,,,,1,,,,,,,,,,,,,,,,,,,,,,,,,,,,,,,,,,,,,,11,"6,8",108,2,Estandar,Double,22,,18,15,Fusion Engine,Compra,NO
Panther PNT-13K Panther,35,Ligero,3076,996,5960710,5,8,8,Inner Sphere,,,,,,,,,,,,,,,,,,,,,,,,1,,,,,,,,,,,,,,,,,,,,,,,,,,,,,1,10,"6,0",96,2,Estandar,Double,20,,13,18,XL Engine,Compra,NO
Panther PNT-14S Panther,35,Ligero,3069,825,3313260,4,6,6,Inner Sphere,,,,,,,,,,,,,,,,,1,,,,,,,,,,,,,,,,,,,,,,,,,,,,,,,,,,,,,13,"7,0",112,2,Estandar,Single,13,,10,10,Fusion Engine,Compra,NO
Panther PNT-16K Panther,35,Ligero,3070,988,3041235,4,6,4,Inner Sphere,,,,,,,,,,,,,,,,1,,,,,,,,,,,2,,,,,,,,,,,,,,,,,,,,,,,,,,,10,"6,9",110,2,Ferro Fibroso,Double,20,,21,26,Fusion Engine,Compra,NO
Panther PNT-8Z Panther,35,Ligero,2739,741,2357460,4,6,4,Inner Sphere,,,,,1,,,,,,,,,,,,,,,,,,,1,,,,,,,,,,,,,,,,,,,,,,,,,,,,,,14,"7,4",119,2,Estandar,Single,14,,11,16,Fusion Engine,Compra,NO
Panther PNT-9R Panther,35,Ligero,2759,769,2476260,4,6,4,Inner Sphere,,,,,,,,,,,,,,,1,,,,,,,,,1,,,,,,,,,,,,,,,,,,,,,,,,,,,,,,13,"6,5",104,2,Estandar,Single,13,,13,18,Fusion Engine,Compra,NO
Panther PNT-C Panther,35,Ligero,3051,833,3072960,4,6,4,Inner Sphere,,,,,,,,,,,,,,,,1,,,,,,,,1,,,,,,,,,,,,,,,,,,,,,,,,,,,,,,13,"6,5",104,2,Estandar,Single,13,,18,18,Fusion Engine,Compra,NO
Panther PNT-CA Panther,35,Ligero,3055,787,2937960,4,6,4,Inner Sphere,,,,,,,,,,,,,,,1,,,,,,,,,1,,,,,,,,,,,,,,,,,,,,,,,,,,,,,,13,"6,5",104,2,Estandar,Single,13,,13,18,Fusion Engine,Compra,NO
Parash 2 Parash,35,Ligero,3084,1523,7214760,7,11,7,Clan,,,,,,,,,,,1,,1,,,,,,,,,,,,,,,,,,,,,,,,,,,,,,,,,,,,,,,,,10,"7,0",112,2,Estandar,Double,20,,17,19,XL Engine,Compra,NO
Parash  Parash,35,Ligero,3083,1300,6384510,7,11,7,Clan,,,,,,,,,,,1,,,,,,,,,,,,,,,,,,,,,,,,,,,,,,,,,,,,,,,,,,,10,"7,0",112,2,Estandar,Double,20,,10,9,XL Engine,Compra,NO
Pariah (Septicemia)  Pariah (Septicemia),55,Medio,3072,2511,13084070,5,8,7,Clan,,4,,,,7,8,2,5,9,4,12,,,,5,,,,,,,,,,,,,,,,,,,,5,,,,,,,,2,,,,,,,14,,6,11,"10,8",172,2,Ferro Fibroso,Double,22,,387,682,XL Engine,Compra,NO
Patriot PKM-2C Patriot,65,Pesado,3070,1613,15670350,4,6,0,Inner Sphere,,,,,,,,,,,,,,,,,,1,,,,,,,,,,,,,,,,,,,,,,,,,,,,,,,,,,,,10,"12,0",192,2,Estandar,Double,20,,15,15,XL Engine,Compra,NO
Patriot PKM-2D Patriot,65,Pesado,3072,1699,16205850,4,6,0,Inner Sphere,,,,,,,2,,,,,,,,,,,1,,,,,,,,,,,,,,,,,,,,,,,,,,,,,,1,,,,,,10,"12,0",192,2,Estandar,Double,20,,31,45,XL Engine,Compra,NO
Patriot PKM-2E Patriot,65,Pesado,3076,1443,15785237,4,6,0,Inner Sphere,,,,,,,,,,,,,,,,,,1,,,,,,,,,,,,,,,,,,,,,,,,,,,,,,,,,,,,10,"12,0",192,2,Estandar,Double,20,,15,15,XL Engine,Compra,NO
Patron LoaderMech PTN-1 Patron LoaderMech,15,Ligero,2550,73,633964,2,3,0,Inner Sphere,,,,,,,,,,,,,,,,,,,,,,,,,,,,,,,,,,,,,,,,,,,,,,,,,,,,,,1,"1,5",24,2,Estandar,Single,1,,0,0,Fuel-Cell Engine,Compra,NO
Patron LoaderMech PTN Patron LoaderMech,15,Ligero,2470,73,570521,2,3,0,Inner Sphere,,,,,,,,,,,,,,,,,,,,,,,,,,,,,,,,,,,,,,,,,,,,,,,,,,,,,,1,"1,5",24,2,Estandar,Single,1,,0,0,Primitive Fuel-Cell Engine,Compra,NO
Patron PatrolMech PTN-2M Patron PatrolMech,15,Ligero,3083,154,768146,2,3,0,Inner Sphere,,4,,,,,,,,,,,,,,,,,,,,,,,,,,,,,,,,,,,,,,,,,,,,,,,,,,,,1,"2,0",32,2,Estandar,Single,1,,0,8,Fuel-Cell Engine,Compra,NO
Peacekeeper PK-6 SecurityMech Peacekeeper,25,Ligero,2522,422,1091903,4,6,0,Inner Sphere,,1,,2,,,,,,,,,,,,,,,,,,,1,,,,,,,,,,,,,,,,,,,,,,,,,,,,,,,10,"5,0",80,2,Estandar,Single,10,,8,16,Fusion Engine,Compra,NO
Peacekeeper PKP-1A Peacekeeper,95,Asalto,3086,2824,28878075,4,6,3,Inner Sphere,,,,,,,,1,,,,,,,,1,,1,,,,,1,,,,,,,,,,,,,,,,,,,,,,,,,,,,,,1,15,"18,0",288,2,Estandar,Double,30,,54,47,XL Engine,Compra,NO
Peacekeeper PKP-1B Peacekeeper,95,Asalto,3087,2981,28797450,4,6,3,Inner Sphere,,,,,,,,1,,,,,,,,,,2,,,,,,,,,,,,,,,,,,,,,,,,,,,,,,,,,,,1,15,"18,3",293,2,Ferro Fibroso,Double,30,,52,48,XL Engine,Compra,NO
Peacekeeper PKP-2K Peacekeeper,95,Asalto,3116,2863,33838200,4,6,3,Inner Sphere,,,,,,,,,,,,,,,,1,,1,,,,,,,,,,,,,,,,,,,,,,,,,,,,,,,,,,,1,15,"16,9",270,2,Estandar,Double,30,,40,35,XL Engine,Compra,NO
Peacemaker PM-6 PoliceMech Peacemaker,35,Ligero,3067,426,1820657,4,6,0,Inner Sphere,,1,,,,,,,,,,,,,,,,,,,,,1,,,,,,,,,,,,,,,,,,,,,,,,,,,,,,,10,"6,0",96,2,Estandar,Single,10,,2,6,Fusion Engine,Compra,NO
Pendragon PDG-1R Pendragon,95,Asalto,3083,2151,27631425,4,6,0,Inner Sphere,,,,,,,3,,,,,,,,,1,,,,,2,,,,,,,,,,,,,,,,,,,,,,,,,,,,,,,,,14,"18,3",293,2,Ferro Fibroso,Double,28,,40,55,XL Engine,Compra,NO
Penetrator PTR-4D Salazar Penetrator,75,Pesado,3053,1873,7707250,4,6,4,Inner Sphere,,,,6,,,,2,,,,,,,,,,,,,,,,,,,,,,,,,,,,,,,,,,,,,,,,,,,,,,18,"14,4",231,2,Ferro Fibroso,Double,36,,42,46,Fusion Engine,Compra,NO
Penetrator PTR-4D Penetrator,75,Pesado,3053,1687,7626750,4,6,4,Inner Sphere,,,,,,,,2,,6,,,,,,,,,,,,,,,,,,,,,,,,,,,,,,,,,,,,,,,,,,,,12,"13,0",208,2,Estandar,Double,24,,48,52,Fusion Engine,Compra,NO
Penetrator PTR-4F Penetrator,75,Pesado,3056,1564,7536750,4,6,4,Inner Sphere,,,,,,,,,,4,,,,,,,,,,2,,,,,,,,,,,,,,,,,,,,,,,,,,,,,,,,,,12,"13,0",208,2,Estandar,Double,24,,24,44,Fusion Engine,Compra,NO
Penetrator PTR-6M Penetrator,75,Pesado,3058,1639,7451750,4,6,4,Inner Sphere,,,,,,,,2,,4,,,,,,,,,,,,,,,,,,,,,,,,,,,,,,,,,,,,,,,,,,,,17,"12,0",192,2,Estandar,Double,34,,40,40,Fusion Engine,Compra,NO
Penetrator PTR-6S Penetrator,75,Pesado,3059,1689,7950500,4,6,4,Inner Sphere,,,,,,,,2,,6,,,,,,,,,,,,,,,,,,,,,,,,,,,,,,,,,,,,,,,,,,,,12,"11,5",184,2,Estandar,Double,24,,48,52,Fusion Engine,Compra,NO
Penetrator PTR-6T Penetrator,75,Pesado,3066,1994,7927750,4,6,4,Inner Sphere,,,,,,,6,2,,,,,,,,,,,,,,,,,,,,,,,,,,,,,,,,,,,,,,,,,,,,,,14,"13,0",208,2,Estandar,Double,28,,54,46,Fusion Engine,Compra,NO
Penthesilea PEN-2H Penthesilea,75,Pesado,3083,1899,9885375,4,6,3,Inner Sphere,,,,,,,3,,,,,,,,1,1,,,,,,,,,,,,,,,,,,,,,,,,,,,,,,,1,,,,,,,13,"13,4",215,2,Ferro Fibroso,Double,26,,42,45,Fusion Engine,Compra,NO
Penthesilea PEN-2MAF Penthesilea,75,Pesado,3085,1834,8605375,4,6,0,Inner Sphere,,,,,,,1,1,,,,,,,,1,,,,,,,,,,,,,,,,,,,,,,,,,,,,,,,,1,,,,,,14,"14,4",231,2,Ferro Fibroso,Double,28,,38,43,Fusion Engine,Compra,NO
Peregrine (Horned Owl) 2 Peregrine (Horned Owl),35,Ligero,2856,1191,3587610,6,9,6,Clan,,,,,,,,,,,,,,,,,,,6,,,,,,,,,,,,,,,,,,,,,,,,,,,,,,,,,,,10,"6,0",96,2,Ferro Fibroso,Double,20,,12,30,Fusion Engine,Compra,NO
Peregrine (Horned Owl) 3 Peregrine (Horned Owl),35,Ligero,3061,1545,3629860,6,9,6,Clan,,6,,,,,,,,,,,,,,1,,,,,,,,,,,,,,,,,,,,,,,,,,,,,,,,,,,,,,10,"6,0",96,2,Ferro Fibroso,Double,20,,15,22,Fusion Engine,Compra,NO
Peregrine (Horned Owl) 4 Peregrine (Horned Owl),35,Ligero,3064,1198,3827610,6,9,6,Clan,,,,,,,1,,,,,,,,,,,,,,,,,,,,,,,,,,4,,,,,,,,,,,,,,,,,,,,,10,"6,0",96,2,Ferro Fibroso,Double,20,,13,29,Fusion Engine,Compra,NO
Peregrine (Horned Owl) 5 Peregrine (Horned Owl),35,Ligero,3066,1523,3772710,6,9,6,Clan,,,,,,,,2,,,,,1,,,,,,,,,,,,,,,,,,,,,,,,,,,,,,,,,,,,,,,,,11,"6,0",96,2,Ferro Fibroso,Double,22,,31,26,Fusion Engine,Compra,NO
Peregrine (Horned Owl)  Peregrine (Horned Owl),35,Ligero,2835,1434,3487860,6,9,6,Clan,,,,,,,,,,2,1,,,,,,,,,,,,,,,,,,,,,,,,,,,,,,,,,,,,,,,,,,,10,"6,0",96,2,Ferro Fibroso,Double,20,,18,21,Fusion Engine,Compra,NO
Perseus P1 Perseus,75,Pesado,3058,1713,20259015,4,6,0,Inner Sphere,,,,1,,7,14,1,,4,2,,,,1,,,,,,,4,,1,3,1,1,,,1,,,,,,,,,,,,,2,,,,1,1,,1,4,,,12,"14,0",224,2,Estandar,Double,24,,216,427,XL Engine,Compra,NO
Phantom  Phantom,40,Medio,3052,1159,11178287,9,14,0,Clan,3,,,,,16,9,,,1,,6,1,,,,,,3,,,,,2,,,1,,,,,,1,,,,,,,,,,,,,,,,,,,,,12,"7,2",115,2,Ferro Fibroso,Double,24,,132,196,XL Engine,Compra,NO
Phoenix Hawk IIC 2 Phoenix Hawk IIC,80,Asalto,3055,2892,22333440,5,8,5,Clan,,,,,,,,,,,,,,,,,,,,,,4,,,,,,,,,,,,,,,,,,,,,,,,,,,,,,,,10,"11,4",182,2,Ferro Fibroso,Double,20,,24,80,XL Engine,Compra,NO
Phoenix Hawk IIC 3 Phoenix Hawk IIC,80,Asalto,3062,2448,21398640,5,8,5,Clan,,,,,,,,,2,1,,,,2,,,,,,,,,,,,,,,,,,,,,,,,,,,,,,,,,,,,,,,,22,"12,6",201,2,Ferro Fibroso,Double,44,,44,44,XL Engine,Compra,NO
Phoenix Hawk IIC 4 Phoenix Hawk IIC,80,Asalto,3065,2483,22564440,5,8,5,Clan,,,,,,,,,,,,,,,,,,,,,,,,,,,,,,,,,,,4,,,,,,,,,,,,,,,,,,,10,"12,6",201,2,Ferro Fibroso,Double,20,,24,72,XL Engine,Compra,NO
Phoenix Hawk IIC 5 Phoenix Hawk IIC,80,Asalto,3069,2350,22144440,5,8,5,Clan,,,,,,,,,,,,,,,,,,,,,,,,,,,,,,,,,,,,,,,,,,,,,,,,,,,4,,,10,"12,6",201,2,Ferro Fibroso,Double,20,,4,60,XL Engine,Compra,NO
Phoenix Hawk IIC 6 Phoenix Hawk IIC,80,Asalto,3070,2490,25680240,5,8,8,Clan,,,,,,,,,,,,,2,,,,,,,,,,,,,,,,,,,,,,,,,,,,,,,,,,,,,,,,2,11,"13,8",220,2,Ferro Fibroso,Double,22,,28,20,XL Engine,Compra,NO
Phoenix Hawk IIC 7 Phoenix Hawk IIC,80,Asalto,3078,2219,21272440,4,6,6,Clan,,,,,,,2,,,,,,,,,,,,,,,,,,,,2,,,,,,,,,,,,,,,,,,,,2,,,,,,,10,"14,5",232,2,Estandar,Double,20,,20,46,XL Engine,Compra,NO
Phoenix Hawk IIC 8 Phoenix Hawk IIC,80,Asalto,3086,2903,85900440,5,8,7,Clan,,,,,,,,,4,,,,,,,2,,,,,,,,,,,,,,,,,,,,,,,,,,,,,,,,,,,,,,16,"14,5",232,2,Estandar,Double,32,,38,32,XXL Engine,Compra,NO
Phoenix Hawk IIC  Phoenix Hawk IIC,80,Asalto,3055,2057,21571940,5,8,5,Clan,,2,,,,,,,,,,,,,,,,,,,,,,,,,,,,,,,,,,,,,,,,,2,,,,,,,,,,,10,"12,6",201,2,Ferro Fibroso,Double,20,,8,24,XL Engine,Compra,NO
Phoenix Hawk L PXH-11K Phoenix Hawk L,35,Ligero,3116,1563,9057342,6,9,6,Inner Sphere,,3,,,,,1,,,,,,,,,,,,,,,,,,,,,,,,,,,,,,,,,,,,,,,,,,,,,,,10,"6,5",104,2,Estandar,Double,20,,5,11,XL Engine,Compra,NO
Phoenix Hawk L PXH-11K2 Phoenix Hawk L,35,Ligero,3116,1233,8898217,6,9,6,Inner Sphere,,,,,,,2,,,,,,,,,,1,,,,,,,,,,,,,,,,,,,,,,,,,,,,,,,,,,,,,10,"6,5",104,2,Estandar,Double,20,,20,20,XL Engine,Compra,NO
Phoenix Hawk PXH-1 Phoenix Hawk,45,Medio,2568,1041,4067090,6,9,6,Inner Sphere,,2,,2,1,,,,,,,,,,,,,,,,,,,,,,,,,,,,,,,,,,,,,,,,,,,,,,,,,10,"8,0",128,2,Estandar,Single,10,,14,22,Fusion Engine,Compra,NO
Phoenix Hawk PXH-1b 'Special' Phoenix Hawk,45,Medio,2760,1512,8698390,6,9,6,Inner Sphere,,2,,2,,,,1,,,,,,,,1,,,,,,,,,,,,,,,,,,,,,,,,,,,,,,,,,,,,,,10,"8,0",128,2,Estandar,Double,20,,33,32,XL Engine,Compra,NO
Phoenix Hawk PXH-1bC Phoenix Hawk,45,Medio,3052,1174,8439165,6,9,6,Inner Sphere,1,,,2,,,,1,,,,,,,,,,,,,,,,,,,,,,,,,,,,,,,,,,,,,,,,,,,,,,12,"8,0",128,2,Estandar,Double,24,,21,20,XL Engine,Compra,NO
Phoenix Hawk PXH-1c 'Special' Phoenix Hawk,45,Medio,2784,1443,8712890,6,9,6,Inner Sphere,,2,,2,,,,1,,,,,,,,,1,,,,,,,,,,,,,,,,,,,,,,,,,,,,,,,,,,,,,10,"9,0",144,2,Estandar,Double,20,,28,32,XL Engine,Compra,NO
Phoenix Hawk PXH-1D Phoenix Hawk,45,Medio,2586,1083,4057390,6,9,6,Inner Sphere,,,,2,1,,,,,,,,,,,,,,,,,,,,,,,,,,,,,,,,,,,,,,,,,,,,,,,,,12,"8,0",128,2,Estandar,Single,12,,14,18,Fusion Engine,Compra,NO
Phoenix Hawk PXH-1EC Phoenix Hawk,45,Medio,2819,1206,4481340,6,9,6,Mixed,,,,,1,,2,,,,,,,,,,,,,,,,,,,,,,,,,,,,,,,,,,,,,,,,,,,,,,,10,"8,5",136,2,Estandar,Double,20,,18,18,Fusion Engine,Compra,NO
Phoenix Hawk PXH-1K Phoenix Hawk,45,Medio,2603,1073,3628552,6,9,0,Inner Sphere,,,1,2,1,,,,,,,,,,,,,,,,,,,,,,,,,,,,,,,,,,,,,,,,,,,,,,,,,13,"9,5",152,2,Estandar,Single,13,,15,21,Fusion Engine,Compra,NO
Phoenix Hawk PXH-2 Phoenix Hawk,45,Medio,2750,1145,4348840,6,9,6,Inner Sphere,,,,2,1,,,,,,,,,,,,,,,,,,,,,,,,,,,,,,,,,,,,,,,,,,,,,,,,,10,"8,5",136,2,Estandar,Single,10,,14,18,Fusion Engine,Compra,NO
Phoenix Hawk PXH-3D Phoenix Hawk,45,Medio,3048,1315,8392540,6,9,6,Inner Sphere,,,,,,,,2,,2,,,,,,,,,,,,,,,,,,,,,,,,,,,,,,,,,,,,,,,,,,,,12,"7,5",120,2,Estandar,Double,24,,32,28,XL Engine,Compra,NO
Phoenix Hawk PXH-3K Phoenix Hawk,45,Medio,3052,1359,8288490,6,9,6,Inner Sphere,,,,,,,,2,,2,,,,,,,,,,,,,,,,,,,,,,,,,,,,,,,,,,,,,,,,,,,,12,"8,9",143,2,Ferro Fibroso,Double,24,,32,28,XL Engine,Compra,NO
Phoenix Hawk PXH-3M (Masters) Phoenix Hawk,45,Medio,3055,1154,8366890,6,9,6,Inner Sphere,,1,,,,,,1,,2,,,,,,,,,,,,,,2,,,,,,,,,,,,,,,,,,,,,,,,,,,,,,10,"7,5",120,2,Estandar,Double,20,,26,38,XL Engine,Compra,NO
Phoenix Hawk PXH-3M Salazar Phoenix Hawk,45,Medio,3037,1301,8350490,6,9,6,Inner Sphere,,,,,,,,,,2,,,,,,1,,,,,,,,,,,,,,,,,,,,,,,,,,,,,,,,,,,,,,13,"9,0",144,2,Estandar,Double,26,,23,22,XL Engine,Compra,NO
Phoenix Hawk PXH-3M Phoenix Hawk,45,Medio,3037,1307,8455890,6,9,6,Inner Sphere,,1,,,,,,2,,2,,,,,,,,,,,,,,,,,,,,,,,,,,,,,,,,,,,,,,,,,,,,10,"7,5",120,2,Estandar,Double,20,,32,30,XL Engine,Compra,NO
Phoenix Hawk PXH-3PL Phoenix Hawk,45,Medio,3067,1244,8015165,6,9,6,Inner Sphere,,,,,,2,,,,2,1,,,,,,,,,,,,,,,,,,,,,,,,,,,,,,,,,,,,,,,,,,,12,"9,0",144,2,Estandar,Double,24,,22,27,XL Engine,Compra,NO
Phoenix Hawk PXH-3S Phoenix Hawk,45,Medio,3041,1237,8906840,6,9,6,Inner Sphere,,2,,2,,,,,,,1,,,,,,,,,,,,,,,,,,,,,,,,,,,,,,,,,,,,,,,,,,,10,"8,9",143,2,Ferro Fibroso,Double,20,,16,23,XL Engine,Compra,NO
Phoenix Hawk PXH-4L (Sante) Phoenix Hawk,45,Medio,3068,1442,7829340,6,9,6,Mixed,,2,,,,,2,1,,,,,,,,,,,,,,,,,,,,,,,,,,,,,,,,,,,,,,,,,,,,,,11,"8,0",128,2,Furtivo,Double,22,,22,22,Fusion Engine,Compra,NO
Phoenix Hawk PXH-4L Phoenix Hawk,45,Medio,3066,1282,5255590,6,9,6,Inner Sphere,,2,,,,,2,1,,,,,,,,,,,,,,,,,,,,,,,,,,,,,,,,,,,,,,,,,,,,,,11,"8,0",128,2,Furtivo,Double,22,,22,22,Fusion Engine,Compra,NO
Phoenix Hawk PXH-4W Phoenix Hawk,45,Medio,3079,1395,11345090,5,8,8,Inner Sphere,,,,,,,2,,,,,,,,2,,,,,,,,,,,,,,,,,,,,,,,,,,,,,,,,,,,,,,,10,"8,5",136,2,Estandar,Double,20,,30,30,Light Fusion Engine,Compra,NO
Phoenix Hawk PXH-5L Phoenix Hawk,45,Medio,3069,1530,7696590,6,9,5,Inner Sphere,,,,,,,2,,,,,,,,,,,,,,,,,,,,,,,,,,,,,,,,,,,,,,,,,,,,,,1,10,"8,0",128,2,Furtivo,Double,20,,20,20,Fusion Engine,Compra,NO
Phoenix Hawk PXH-6D Phoenix Hawk,45,Medio,3067,1665,8468290,6,9,6,Inner Sphere,,,,,,,4,,,,,,,,,1,,,,,,,,,,,,,,,,,,,,,,,,,,,,,,,,,,,,,,12,"9,6",153,2,Estandar,Double,24,,35,30,XL Engine,Compra,NO
Phoenix Hawk PXH-7CS Phoenix Hawk,45,Medio,3067,1281,9344840,6,9,5,Inner Sphere,,,,,,,2,1,,,,,,,,,,,,,,,,,,,,,,,,,,,,,,,,,,,,,,,,,,,,,,10,"9,0",144,2,Estandar,Double,20,,22,18,XL Engine,Compra,NO
Phoenix Hawk PXH-7K Phoenix Hawk,45,Medio,3070,1241,9460090,6,9,9,Inner Sphere,,,,,,,1,,,,,,,,,,1,,,,,,,,,,,,,,,,,,,,,,,,,,,,,,,,,,,,,10,"9,0",144,2,Ferro Fibroso,Double,20,,15,15,Light Fusion Engine,Compra,NO
Phoenix Hawk PXH-7S Phoenix Hawk,45,Medio,3067,1496,7734952,6,9,6,Inner Sphere,,,1,4,,,,,,,1,,,,,,,,,,,,,,,,,,,,,,,,,,,,,,,,,,,,,,,,,,,10,"9,6",153,2,Ferro Fibroso,Double,20,,23,32,Light Fusion Engine,Compra,NO
Phoenix Hawk PXH-8CS Phoenix Hawk,45,Medio,3080,1442,32620940,7,11,6,Inner Sphere,,,,,,,,,,,,,,,,,2,,,,,,,,,,,,,,,,,,,,,,,,,,,,,,,,,,,,,14,"8,5",136,2,Estandar,Double,28,,20,20,XXL Engine,Compra,NO
Phoenix PX-1R Phoenix,50,Medio,2510,900,3825000,4,6,4,Inner Sphere,,,,,,,,,,,,,,,1,,,,,,,,2,,,,,,,,,,,,,,,,,,,,,,,,,,,,,,,10,"8,2",132,2,Estandar,Single,10,,14,18,Primitive Fusion Engine,Compra,NO
Phoenix PX-3R Phoenix,50,Medio,2520,1106,4288250,5,8,5,Inner Sphere,,,,,,,,,,,,,,,1,,,,,,,,2,,,,,,,,,,,,,,,,,,,,,,,,,,,,,,,14,"9,0",144,2,Estandar,Single,14,,14,18,Fusion Engine,Compra,NO
Phoenix PX-4R Phoenix,50,Medio,2581,996,4240250,5,8,5,Inner Sphere,,,,,,,,,,,,,,,,,,,,,,,1,,,,,,,,,,,,,,,,1,,,,,,,,,,,,,,,10,"9,0",144,2,Estandar,Single,10,,5,14,Fusion Engine,Compra,NO
Pillager PLG-1N Pillager,100,Asalto,2575,1812,9563000,3,5,2,Inner Sphere,,,,3,,,,,,,,,,,,,,,,,,,,1,,,,,,,,,,,,,,,,2,,,,,,,,,,,,,,16,"17,0",272,2,Estandar,Single,16,,26,63,Fusion Engine,Compra,NO
Pillager PLG-3Z-BL Pillager,100,Asalto,2594,2843,10416000,3,5,3,Inner Sphere,,,,7,,,,,,,,,,,,,,,,,,,,,,,,,,,,,,,,,,,,,,,,,,,,,,,2,,,12,"19,0",304,2,Estandar,Double,24,,23,65,Fusion Engine,Compra,NO
Pillager PLG-3Z Pillager,100,Asalto,2594,2697,22170000,3,5,3,Inner Sphere,,,,4,1,,,,,,,,,,,,,,,,,,,,,,,,,,,,,,,,,,,,,,,,,,,,,,2,,,14,"19,2",307,2,Estandar,Double,28,,22,58,XL Engine,Compra,NO
Pillager PLG-4BL-Z Pillager,100,Asalto,3064,2588,18444000,3,5,3,Inner Sphere,,,,,,,,,,4,,,,,,,,,,,,,,,,,,,,,,,,,,,,,,,,,,,,,,,,,2,,,11,"19,0",304,2,Estandar,Double,22,,18,54,Light Fusion Engine,Compra,NO
Pillager PLG-4BL-ZZ Pillager,100,Asalto,3064,2630,18994000,3,5,3,Inner Sphere,,,,,,,4,,,,,,,,,,,,,,,,,,,,,,,,,,,,,,,,,,,,,,,,,,,,,2,,11,"18,5",296,2,Estandar,Double,22,,22,70,Light Fusion Engine,Compra,NO
Pillager PLG-4Z-BL Pillager,100,Asalto,2594,2497,10228000,3,5,0,Inner Sphere,,,,,,,,,,6,,,,,,,,,,,,,,,,,,,,,,,,,,,,,,,,,,,,,,,,,2,,,13,"19,0",304,2,Estandar,Double,26,,26,66,Fusion Engine,Compra,NO
Pillager PLG-4Z Pillager,100,Asalto,3064,2868,12062000,3,5,3,Inner Sphere,,,,,,,2,,,,,,,,,,,,,,,,,,,,,,,,,,,,,,,,,,,,,,,,,,,,2,,,10,"19,2",307,2,Furtivo,Double,20,,12,40,Fusion Engine,Compra,NO
Pillager PLG-5L Pillager,100,Asalto,3068,2656,23482000,3,5,3,Inner Sphere,,,,,,,3,,,,,,,,,1,,,,,,,,,,,,,,,,,,,,,,,,,,,,,,,,,,,1,,,10,"19,2",307,2,Estandar,Double,20,,31,40,XL Engine,Compra,NO
Pillager PLG-5Z Pillager,100,Asalto,3070,2939,15082000,3,5,0,Inner Sphere,,,,,,,2,,,,,,,,,1,,,,,,,,,,,,,,,,,,,,,,,,,,,,,,,,,,,2,,,10,"19,2",307,2,Furtivo,Double,20,,27,50,Fusion Engine,Compra,NO
Pinion 2 Pinion,45,Medio,3068,1657,4254807,5,8,5,Clan,,,,,,,,,2,2,,,,1,,,,,,,,,,,,,,,,,,,,,,,,,,,,,,,,,,,,,,,,14,"9,6",153,2,Estandar,Double,28,,30,34,Fusion Engine,Compra,NO
Pinion 3 Pinion,45,Medio,3069,1611,4405825,5,8,5,Clan,,,,,,,,,,,,,,2,,,,,,,,,,,,,,,,,,,,,,,,,,,,,,,,,,,,,,,,16,"9,6",153,2,Estandar,Double,32,,36,32,Fusion Engine,Compra,NO
Pinion  Pinion,45,Medio,3065,1646,4280907,5,8,5,Clan,,,,,,,,,,2,,,,1,,,,,,,,,,,,,,,,,,,,,,,,,,,,,,,,,,,,,,,,14,"9,6",153,2,Estandar,Double,28,,26,28,Fusion Engine,Compra,NO
Piranha 2 Piranha,20,Ligero,3067,853,2869440,9,14,0,Clan,,,,,,,,,,,,1,2,,,,,,,,,,,,,,,,,,,,,,,,,,,,,,,,,,,,,,,,,11,"4,0",64,2,Estandar,Double,22,,17,26,XL Engine,Compra,NO
Piranha 3 Piranha,20,Ligero,3068,1142,2844240,9,14,0,Clan,,,,,,,2,,,,,,,,,,,,,,,,,,,,,,,,,,,,,,,,,,,,,,,,,,,,,,,10,"4,0",64,2,Estandar,Double,20,,10,10,XL Engine,Compra,NO
Piranha 4 Piranha,20,Ligero,3072,1063,2757740,9,14,0,Clan,,2,,,,,2,,,,,,,,,,,,,,,,,,,,,,,,,,,,,,,,,,,,,,,,,,,,,,,10,"4,0",64,2,Estandar,Single,10,,10,14,XL Engine,Compra,NO
Piranha  Piranha,20,Ligero,3013,998,2780740,9,14,0,Clan,,12,,,,1,2,,,,,,,,,,,,,,,,,,,,,,,,,,,,,,,,,,,,,,,,,,,,,,,10,"4,0",64,2,Estandar,Single,10,,12,37,XL Engine,Compra,NO
Pompier FireMech GM-3A Pompier FireMech,15,Ligero,3044,106,643094,2,3,0,Inner Sphere,,,,,,,,,,,,,,,,,,,,,,,,,,,,,,,,,,,,,,,,,,,,,,,,,,,,,,1,"1,5",24,2,Estandar,Single,1,,0,0,Fuel-Cell Engine,Compra,NO
Pompier GM-3A FireMech Pompier,15,Ligero,3044,106,645117,2,3,0,Inner Sphere,,,,,,,,,,,,,,,,,,,,,,,,,,,,,,,,,,,,,,,,,,,,,,,,,,,,,,1,"1,5",24,2,Estandar,Single,1,,0,0,Fuel-Cell Engine,Compra,NO
Pompier GM-3CD FireMech Pompier,15,Ligero,3062,118,919614,2,3,0,Inner Sphere,,,,,,,,,,,,,,,,,,,,,,,,,,,,,,,,,,,,,,,,,,,,,,,,,,,,,,1,"1,5",24,2,Estandar,Single,1,,0,0,Fuel-Cell Engine,Compra,NO
Pompier GM-3HT FireMech Pompier,15,Ligero,3060,106,594798,2,3,0,Inner Sphere,,,,,,,,,,,,,,,,,,,,,,,,,,,,,,,,,,,,,,,,,,,,,,,,,,,,,,1,"1,5",24,2,Estandar,Single,1,,0,0,Fuel-Cell Engine,Compra,NO
Pouncer  Pouncer,40,Medio,3050,2557,8755687,6,9,5,Clan,4,,,,,6,14,2,,,,1,4,,,2,,,,1,2,,,2,,,,4,,,,,,,2,,,,,,,,1,,,,,,,,,,1,12,"7,2",115,2,Ferro Fibroso,Double,24,,238,328,XL Engine,Compra,NO
Powerman LoaderMech SC XI (Laser) Powerman LoaderMech,35,Ligero,2802,294,1346027,4,6,0,Inner Sphere,,1,,2,,,,,,,,,,,,,,,,,,,,,,,,,,,,,,,,,,,,,,,,,,,,,,,,,,6,"3,8",60,2,Estandar,Single,6,,6,12,I.C.E. Engine,Compra,NO
Powerman LoaderMech SC XI (SRM) Powerman LoaderMech,35,Ligero,2802,277,1393190,4,6,0,Inner Sphere,,,,,,,,,,,,,,,,,,,,,,,,2,,,,,,,,,,,,,,,,,,,,,,,,,,,,,,3,"3,8",60,2,Estandar,Single,3,,6,16,I.C.E. Engine,Compra,NO
Powerman Loadermech SC XV Powerman Loadermech,35,Ligero,2795,198,1229164,4,6,0,Inner Sphere,,,,,,,,,,,,,,,,,,,,,,,,,,,,,,,,,,,,,,,,,,,,,,,,,,,,,,0,"3,8",60,2,Estandar,Single,0,,0,0,I.C.E. Engine,Compra,NO
Powerman Loadermech SC XVI Powerman Loadermech,35,Ligero,3068,198,1226119,4,6,0,Inner Sphere,,,,,,,,,,,,,,,,,,,,,,,,,,,,,,,,,,,,,,,,,,,,,,,,,,,,,,0,"3,8",60,2,Estandar,Single,0,,0,0,I.C.E. Engine,Compra,NO
Powerman SC XI LoaderMech Powerman,35,Ligero,2764,198,1229164,4,6,0,Inner Sphere,,,,,,,,,,,,,,,,,,,,,,,,,,,,,,,,,,,,,,,,,,,,,,,,,,,,,,0,"3,8",60,2,Estandar,Single,0,,0,0,I.C.E. Engine,Compra,NO
Powerman SC XI-M HaulerMech MOD Powerman,35,Ligero,2801,294,1346027,4,6,0,Inner Sphere,,1,,2,,,,,,,,,,,,,,,,,,,,,,,,,,,,,,,,,,,,,,,,,,,,,,,,,,6,"3,8",60,2,Estandar,Single,6,,6,12,I.C.E. Engine,Compra,NO
Powerman SC XI-M-B HaulerMech MOD Powerman,35,Ligero,2801,277,1393190,4,6,0,Inner Sphere,,,,,,,,,,,,,,,,,,,,,,,,2,,,,,,,,,,,,,,,,,,,,,,,,,,,,,,3,"3,8",60,2,Estandar,Single,3,,6,16,I.C.E. Engine,Compra,NO
Powerman SC XV HaulerMech Powerman,35,Ligero,2895,198,1229164,4,6,0,Inner Sphere,,,,,,,,,,,,,,,,,,,,,,,,,,,,,,,,,,,,,,,,,,,,,,,,,,,,,,0,"3,8",60,2,Estandar,Single,0,,0,0,I.C.E. Engine,Compra,NO
Powerman SC XVI HaulerMech Powerman,35,Ligero,3068,198,1226119,4,6,0,Inner Sphere,,,,,,,,,,,,,,,,,,,,,,,,,,,,,,,,,,,,,,,,,,,,,,,,,,,,,,0,"3,8",60,2,Estandar,Single,0,,0,0,I.C.E. Engine,Compra,NO
Predator 2 Predator,60,Pesado,3075,2159,12226400,5,8,0,Clan,,,,,,2,,,,2,,,,,,,,,,,,,,,,,,,,,,,,,,,,,,,,,,,,,,,,,,,,10,"11,4",182,2,Ferro Fibroso,Double,20,,12,18,XL Engine,Compra,NO
Predator  Predator,60,Pesado,3060,1754,12114400,5,8,0,Clan,,,,,,2,2,,,,,,,,,,,,,,,,,,,,,,,,,,,,,,,,,,,,,,,,2,,,,,,,10,"11,5",184,2,Estandar,Double,20,,18,36,XL Engine,Compra,NO
Prefect PRF-1R (Veronica) Prefect,75,Pesado,3085,1835,16499437,5,8,0,Inner Sphere,,,,,,,2,,,,,,,,,1,1,,,,,,,,,,,,,,,,,,,,,,,,,,,,,,,,,,,,,17,"14,0",224,2,Ferro Fibroso,Double,34,,35,30,Light Fusion Engine,Compra,NO
Prefect PRF-1R Prefect,75,Pesado,3085,1847,15617437,5,8,0,Inner Sphere,,,,,,,2,,,,,,,,,,1,1,,,,,,,,,,,,,,,,,,,,,,,,,,,,,,,,,,,,17,"13,4",215,2,Ferro Fibroso,Double,34,,35,35,Light Fusion Engine,Compra,NO
Prefect PRF-2R Prefect,75,Pesado,3086,1710,15956500,5,8,0,Inner Sphere,,,,,,,,,,,,,,,2,,2,,,,,,,,,,,,,,,,,,,,,,,,,,,,,,,,,,,,,17,"13,4",215,2,Ferro Fibroso,Double,34,,40,40,Light Fusion Engine,Compra,NO
Prefect PRF-3R Prefect,75,Pesado,3110,2412,20895875,5,8,0,Inner Sphere,,,,,,,,,,,,,,,,,2,1,,,,,,,,,,,,,,,,,,,,,,,,,,,,,,,,,,,,13,"14,0",224,2,Ferro Fibroso,Double,26,,35,35,XL Engine,Compra,NO
Preta C-PRT-O Preta,45,Medio,3069,1067,9788321,6,9,8,Inner Sphere,,,,,,2,7,,2,6,1,,,,2,,3,1,,,,,,,,,,,,,,,,,,,,,,,,,,,,,,,,,,,1,10,"9,0",144,2,Estandar,Double,20,,152,167,Light Fusion Engine,Compra,NO
PRETA  PRETA,45,Medio,3070,1332,8016320,6,9,6,Inner Sphere,,,,,,,2,,,,,,,,,,,,,,,,,,,,,,,,,,,,,,,,,,,,,,,,,,,,,,1,12,"9,6",153,2,Estandar,Double,24,,20,20,Light Fusion Engine,Compra,NO
Prey Seeker PY-SR10 Prey Seeker,15,Ligero,3136,595,5717110,12,18,0,Inner Sphere,,,,,,,,,,,,,,,,,,,,,,,,,,,,,,,,,,,,,,,,,,,,,,,,,,,,,,10,"3,4",55,2,Estandar,Double,20,,0,0,XXL Engine,Compra,NO
Pulverizer PUL-2V Pulverizer,90,Asalto,2823,2065,10419960,4,6,0,Mixed,,,,,2,,,,,,,,,,,1,,,,1,,,,,,,,,,,,,,,,,,,,,,,,,,,,,,,,,,15,"17,3",277,2,Ferro Fibroso,Double,30,,35,36,Fusion Engine,Compra,NO
Pulverizer PUL-3R Pulverizer,90,Asalto,2823,2068,10416160,4,6,0,Mixed,,,,,2,,,,,,,,,,,1,,,,1,,,,,,,,,,,,,,,,,,,,,,,,,,,,,,,,,,18,"17,4",278,2,Ferro Fibroso,Double,36,,35,36,Fusion Engine,Compra,NO
Pulverizer  Pulverizer,90,Asalto,2845,2506,10720160,4,6,0,Clan,,,,,,,,,,,2,,,,,1,,,,1,,,,,,,,,,,,,,,,,,,,,,,,,,,,,,,,,,18,"17,4",279,2,Ferro Fibroso,Double,36,,39,38,Fusion Engine,Compra,NO
Puma (Adder)  Puma (Adder),35,Ligero,3010,2083,7021687,6,9,6,Clan,1,26,,,,,8,1,3,5,3,,2,2,,4,,,4,,2,2,,,2,2,,,,,,,,,2,,,,,,,1,,,,1,,,1,,4,,,10,"7,2",115,2,Ferro Fibroso,Double,20,,282,490,XL Engine,Compra,NO
Quasimodo QSM-3D Quasimodo,55,Medio,3140,1575,15855544,5,8,5,Inner Sphere,,,,,,1,2,,,,,,,,,,,,,,,,,,,,,,,,,,,,,,,,,,,,,,,,,,,,,,,14,"11,5",184,2,Estandar,Double,28,,12,13,XL Engine,Compra,NO
Quasit QUA-51M MilitiaMech Quasit,45,Medio,3073,707,2633855,5,8,0,Inner Sphere,,1,,2,,,,,,,,,,,,,,,,,,,,,,,,,,,,,,,,,,,,,,,,,,,,,,,,,,10,"7,5",120,2,Estandar,Single,10,,6,12,Fusion Engine,Compra,NO
Quasit QUA-51P MilitiaMech Quasit,45,Medio,3074,865,2703667,5,8,0,Inner Sphere,,1,,,,,,,,,,,,,,,,,,,,,,,,,,,,,,,,,,,,,,,,,,,,,,,,,,,1,10,"7,5",120,2,Estandar,Single,10,,10,12,Fusion Engine,Compra,NO
Quasit QUA-51T MilitiaMech Quasit,45,Medio,2517,696,2606042,5,8,0,Inner Sphere,,1,,1,,,,,,,,,,,,,,,1,,,,,1,,,,,,,,,,,,,,,,,,,,,,,,,,,,,,10,"7,5",120,2,Estandar,Single,10,,8,20,Fusion Engine,Compra,NO
Quickdraw QKD-4G Quickdraw,60,Pesado,2779,1192,5480360,5,8,5,Inner Sphere,,,,4,,,,,,,,,,,,,,,,1,,,,1,,,,,,,,,,,,,,,,,,,,,,,,,,,,,,13,"8,0",128,2,Estandar,Single,13,,19,38,Fusion Engine,Compra,NO
Quickdraw QKD-4H Quickdraw,60,Pesado,2847,1242,5480360,5,8,5,Inner Sphere,,,,4,,,,,,,,,,,,,,,,1,,,,1,,,,,,,,,,,,,,,,,,,,,,,,,,,,,,13,"8,0",128,2,Estandar,Single,13,,19,38,Fusion Engine,Compra,NO
Quickdraw QKD-5A Quickdraw,60,Pesado,3002,1196,5431160,5,8,5,Inner Sphere,,,,6,,,,,,,,,,,,,,,,,,,,1,,,,,,,,,,,,,,,,,,,,,,,,,,,,,,17,"8,0",128,2,Estandar,Single,17,,21,38,Fusion Engine,Compra,NO
Quickdraw QKD-5K Quickdraw,60,Pesado,3049,1265,5699960,5,8,5,Inner Sphere,,,,6,,,,,,,,,,,,,,,,,,,,1,,,,,,,,,,,,,,,,,,,,,,,,,,,,,,17,"8,9",143,2,Ferro Fibroso,Double,34,,21,38,Fusion Engine,Compra,NO
Quickdraw QKD-5K2 Quickdraw,60,Pesado,3057,1312,5699960,5,8,5,Inner Sphere,,,,6,,,,,,,,,,,,,,,,,,,,1,,,,,,,,,,,,,,,,,,,,,,,,,,,,,,17,"8,9",143,2,Ferro Fibroso,Double,34,,21,38,Fusion Engine,Compra,NO
Quickdraw QKD-5M Quickdraw,60,Pesado,3049,1237,5728560,5,8,5,Inner Sphere,,,,4,,,,,,,,,,,,,,,,1,,,,1,,,,,,,,,,,,,,,,,,,,,,,,,,,,,,13,"8,9",143,2,Ferro Fibroso,Double,26,,19,38,Fusion Engine,Compra,NO
Quickdraw QKD-5Mr Quickdraw,60,Pesado,3070,1471,6324960,5,8,5,Inner Sphere,,,,2,,,2,,,,,,,,,,,,,1,,,,,,,,,,,,,,,,,,,,,,,,,,,,,,,,,,12,"8,9",143,2,Ferro Fibroso,Double,24,,20,30,Fusion Engine,Compra,NO
Quickdraw QKD-8K Quickdraw,60,Pesado,3064,1583,6238160,5,8,5,Inner Sphere,,,,,,,4,,,,,,,,,,,,,,,,,,,,,,,,1,,,,,,,,,,,,,,,,,,,,,,,12,"9,5",152,2,Ferro Fibroso,Double,24,,30,50,Fusion Engine,Compra,NO
Quickdraw QKD-8P Quickdraw,60,Pesado,3084,1598,9237360,5,8,0,Inner Sphere,,,,2,,,,,,,,,,,1,,,,,,,,,,,,1,,,,,,,,,,,,,,,,,,,,,,,,,,,12,"12,0",192,2,Estandar,Single,12,,19,28,Fusion Engine,Compra,NO
Quickdraw QKD-9M Quickdraw,60,Pesado,3086,1690,12104560,5,8,5,Inner Sphere,,,,,2,,,,,,,,,,,,,,,,1,,,,,,,,,,,,,,,,,,,,,,,,,,,,,,,,,11,"11,1",178,2,Ferro Fibroso,Double,22,,21,31,XL Engine,Compra,NO
Quickdraw QKD-C Quickdraw,60,Pesado,3053,1225,6035960,5,8,5,Inner Sphere,,,,5,,,,,,,,,,,,,,,,,,,,1,,,,,,,,,,,,,,,,,,,,,,,,,,,,,,17,"8,9",143,2,Ferro Fibroso,Double,34,,18,33,Fusion Engine,Compra,NO
Rabid Coyote 2 Rabid Coyote,55,Medio,3071,2083,11121956,5,8,0,Clan,,,,,,,4,,,,,,,,,,,,,,,,,,,,,,,,,,6,,,,,,,,,,,,,,,,,,,,,15,"11,6",185,2,Estandar,Double,30,,32,56,XL Engine,Compra,NO
Rabid Coyote  Rabid Coyote,55,Medio,3066,2081,5898806,5,8,0,Clan,,,,,,,,,,4,,,,,,,,,,,,,,,,,,,,,,,,,,1,,,,,,,,,,,,,,,,,,12,"10,2",163,2,Ferro Fibroso,Double,24,,24,48,Fusion Engine,Compra,NO
Raider JL-1 Raider,50,Medio,3134,817,3402000,4,6,0,Inner Sphere,,,,,,,,,,,,,,,,,,,,,,,,,,,,,2,,,,,,,,,,,,,,,,,,,,,,,,,2,"7,0",112,2,Estandar,Single,2,,8,20,I.C.E. Engine,Compra,NO
Raider Mk II JL-2 Raider Mk II,50,Medio,3134,883,3498000,3,5,0,Inner Sphere,,,,,,,,,,,,,,,,,,,,,,,,,,,,,,,,,,,,,,,,,,,,,,,,,1,,,,,2,"10,0",160,2,Estandar,Single,2,,1,2,I.C.E. Engine,Compra,NO
Raijin II RJN-200-A Raijin II,50,Medio,3066,1763,12265500,6,9,6,Inner Sphere,,,,,,,3,,,,,,,,,1,,,,,,,,,,,1,,,,,,,,,,,,,,,,,,,,,,,,,,,11,"10,6",169,2,Estandar,Double,22,,33,33,XL Engine,Compra,NO
Raijin II RJN-200-B Raijin II,50,Medio,3066,1439,10482375,6,9,6,Inner Sphere,,,,,,1,4,,,,,,,,,,,,,,,,,,,,,,,,,,,,,,,,,,,,,,,,,,,,,,,12,"10,6",169,2,Furtivo,Double,24,,22,23,Light Fusion Engine,Compra,NO
Raijin II RJN-200-C Raijin II,50,Medio,3066,1754,11332500,6,9,6,Inner Sphere,,,,,,,2,,,,,,,,,1,,,,,,,,,,,,,,,,,,,,,,,,,,,,,,,,,,,,,,10,"10,6",169,2,Furtivo,Double,20,,25,20,Light Fusion Engine,Compra,NO
Raijin RJN101-A Raijin,50,Medio,3052,1350,9906000,6,9,6,Inner Sphere,,,,,,,,,,3,,,,,,1,,,,,,,,,1,1,,,,,,,,,,,,,,,,,,,,,,,,,,,,10,"7,8",125,2,Ferro Fibroso,Double,20,,33,44,XL Engine,Compra,NO
Raijin RJN101-C Raijin,50,Medio,3062,1389,10989000,6,9,6,Inner Sphere,,,,,,,3,,,,1,,,,,,,,,,,,,,,,,1,,,,,,,,,,,,,,,,,,,,,,,,,,10,"9,5",152,2,Ferro Fibroso,Double,20,,29,36,XL Engine,Compra,NO
Rakshasa MDG-1A Rakshasa,75,Pesado,3055,1795,18853750,5,8,0,Inner Sphere,,,,2,,,,2,,1,,,,,,,,,,2,,,,,,,,,,,,,,,,,,,,,,,,,,,,,,,,,,15,"12,9",206,2,Ferro Fibroso,Double,30,,42,52,XL Engine,Compra,NO
Rakshasa MDG-1Ar Rakshasa,75,Pesado,3076,1675,18645750,5,8,0,Inner Sphere,,,,2,,,,,,,,,,,,,2,,,,,,,,,,,,,,,,,,,,,,,,,,,,,,,,,,,,,15,"13,0",208,2,Estandar,Double,30,,26,30,XL Engine,Compra,NO
Rakshasa MDG-1B Rakshasa,75,Pesado,3056,1748,18503750,5,8,0,Inner Sphere,,,,2,2,,,,,1,,,,,,,,,,2,,,,,,,,,,,,,,,,,,,,,,,,,,,,,,,,,,15,"12,9",206,2,Ferro Fibroso,Double,30,,34,52,XL Engine,Compra,NO
Rakshasa MDG-2A Rakshasa,75,Pesado,3064,1766,18319125,5,8,0,Inner Sphere,,,,,,,,,,4,1,,,,,,,,,,,,,,,,,,,,,,,,,,,,,,,,,,,,,,,1,,,,15,"12,9",206,2,Ferro Fibroso,Double,30,,27,38,XL Engine,Compra,NO
Rampage RMP-2G Rampage,85,Asalto,2735,1444,6953705,3,5,0,Inner Sphere,1,1,,2,1,,,,,,,,,,,,,,,1,,,,,,,,,,,,,,,,,,,1,,,,,,,,,,,,,,,23,"14,0",224,2,Estandar,Single,23,,24,42,Fusion Engine,Compra,NO
Rampage RMP-4G Rampage,85,Asalto,2750,2130,22869638,4,6,0,Inner Sphere,1,,,1,,,,,,,1,,,,,,,,,,,,,,,,,,,,,,,,,,,,,,,,,,,,1,,,,1,,,10,"15,5",248,2,Estandar,Double,20,,19,41,XL Engine,Compra,NO
Rampage RMP-5G Rampage,85,Asalto,2767,1933,22958438,4,6,0,Inner Sphere,1,,,2,,,,,,,1,,,,,,,,,1,,,,,,3,,,,,,,,,,,,,,,,,,,,,1,,,,,,,13,"16,0",256,2,Estandar,Double,26,,31,53,XL Engine,Compra,NO
Raptor C Model C Salazar Raptor C,25,Ligero,3070,1024,3421583,7,11,0,Inner Sphere,,,,7,,,,,,,,,,,,,,,,,,,,,,,,,,,,,,,,,,,,,,,,,,,,,,,,,,10,"5,6",89,2,Estandar,Double,20,,21,35,XL Engine,Compra,NO
Raptor II RPT-2X Raptor II,40,Medio,3073,896,11129333,7,11,0,Inner Sphere,,,,,,,,,,,,,,,,,,,,,,,,,,,,,,,,,,,,,,,,,,,,,,,,,,,,,,10,"7,4",118,2,Ferro Fibroso,Double,20,,0,0,XL Engine,Compra,NO
Raptor II RPT-2X1 Raptor II,40,Medio,3073,1274,11615083,7,11,0,Inner Sphere,,,,,,1,1,1,,,,,,,,,,,,,,,,,,,,1,,,,,,,,,,,,,,,,,,,,,,,,,,10,"7,4",118,2,Ferro Fibroso,Double,20,,23,28,XL Engine,Compra,NO
Raptor II RPT-2X2 Raptor II,40,Medio,3109,1868,12665333,7,11,0,Inner Sphere,,,,,,,,,,,,,,,,,,,,,,,,,,,,,,,,,,,,,,,,,,,,,,,,,,,,,,10,"7,4",118,2,Ferro Fibroso,Double,20,,0,0,XL Engine,Compra,NO
Raptor II RPT-3X Raptor II,40,Medio,3084,1304,10902233,7,11,0,Inner Sphere,,,,,,,2,,,,,,,,,,,,,,,,,,,,,2,,,,,,,,,,,,,,,,,,,,,,,,,,11,"7,9",127,2,Ferro Fibroso,Double,22,,18,34,XL Engine,Compra,NO
Raptor II RPT-5X Raptor II,40,Medio,3084,1124,10370333,7,11,5,Inner Sphere,,,,,,,1,1,,,,,,,,,,,,,,,,,,,,,,,,,,,,,,,,,,,,,,,,,,,,,,10,"7,4",118,2,Ferro Fibroso,Double,20,,17,13,XL Engine,Compra,NO
Raptor RTX1-O Raptor,25,Ligero,3052,721,3900291,7,11,7,Inner Sphere,,4,9,8,2,2,10,2,5,,,,,,,,,,3,,,,,,3,3,,,3,,,,,,,,,,,,,,,,,,,,,,,,1,10,"3,5",56,2,Estandar,Double,20,,183,281,XL Engine,Compra,NO
Raven II RVN-5X Raven II,40,Medio,3123,1858,9985333,7,11,0,Inner Sphere,,,,,,,2,,,,,,,,,,,,,,,,,,,,,,,,,,,,,,,,,,,,,,,,,,,,,,,10,"7,0",112,2,Furtivo,Double,20,,10,10,XL Engine,Compra,NO
Raven RVN-1X Raven,35,Ligero,3024,639,2926575,5,8,0,Inner Sphere,,,,2,,,,,,,,,,,,,,,,,,,,,1,,,,,,,,,,,,,,,,,,,,,,,,,,,,,12,"4,0",64,2,Estandar,Single,12,,10,22,Fusion Engine,Compra,NO
Raven RVN-2X Raven,35,Ligero,3030,887,2420325,5,8,0,Inner Sphere,,,,2,1,,,,,,,,,,,,,,,,,,,,1,,,,,,,,,,,,,,,,,,,,,,,,,,,,,12,"6,5",104,2,Estandar,Single,12,,18,30,Fusion Engine,Compra,NO
Raven RVN-3L Raven,35,Ligero,3048,708,5665125,6,9,0,Inner Sphere,,,,2,,,,,,,,,,,,,,,,,,,,,1,,,,,,,,,,,,,,,,,,,,,,,,,,,,,11,"5,0",80,2,Ferro Fibroso,Single,11,,10,22,XL Engine,Compra,NO
Raven RVN-3M Raven,35,Ligero,3053,659,5193150,6,9,0,Inner Sphere,,,2,,,,,,1,,,,,,,,,,,,1,,,,,,,,,,,,,,,,,,,,,,,,,,,,,,,,,10,"5,0",80,2,Ferro Fibroso,Single,10,,9,24,XL Engine,Compra,NO
Raven RVN-3X Raven,35,Ligero,3028,691,3588075,5,8,0,Inner Sphere,,,,2,,,,,,,,,,,,,,,,,,,,,1,,,,,,,,,,,,,,,,,,,,,,,,,,,,,12,"4,0",64,2,Estandar,Single,12,,10,22,Fusion Engine,Compra,NO
Raven RVN-4L Raven,35,Ligero,3062,873,6067425,6,9,0,Inner Sphere,,,,,,,2,,,,,,,,,,,,,,,,,,1,,,,,,,,,,,,,,,,,,,,,,,,,,,,,10,"6,0",96,2,Furtivo,Double,20,,14,22,XL Engine,Compra,NO
Raven RVN-4LC Raven,35,Ligero,3062,871,6150112,6,9,0,Inner Sphere,,,,,,1,2,,,,,,,,,,,,,,,,,,1,,,,,,,,,,,,,,,,,,,,,,,,,,,,,10,"6,0",96,2,Furtivo,Double,20,,16,25,XL Engine,Compra,NO
Raven RVN-4Lr Raven,35,Ligero,3073,943,6324675,6,9,0,Inner Sphere,,,,,,,3,,,,,,,,,,,,,,,,,,,,,,,,,,,,,,,,,,,,,,,,,,,,,,,10,"6,0",96,2,Furtivo,Double,20,,15,15,XL Engine,Compra,NO
Raven RVN-4X Raven,35,Ligero,3031,820,2542825,5,8,5,Inner Sphere,,2,,2,,,,,,,,,,,,,,,,,,,,,1,,,,,,,,,,,,,,,,,,,,,,,,,,,,,12,"7,0",112,2,Estandar,Single,12,,10,26,Fusion Engine,Compra,NO
Raven RVN-5L Raven,35,Ligero,3150,1035,7865775,8,12,0,Inner Sphere,,,,,,,2,,,,,,,,,,,,,,,,3,,,,,,,,,,,,,,,,,,,,,,,,,,,,,,,10,"6,0",96,2,Furtivo,Double,20,,16,22,XL Engine,Compra,NO
Raven RVN-SR 'Shattered Raven' Raven,35,Ligero,3068,601,5518812,6,9,0,Inner Sphere,,1,,,,,,,,,,,,,,,,,,,,,,,1,,,,,,,,,,,,,,,,,,,,,,,,,,,,,11,"5,0",80,2,Ferro Fibroso,Single,11,,4,14,XL Engine,Compra,NO
Raven RVN-SS 'Shattered Raven' Raven,35,Ligero,3069,904,5698012,6,9,0,Inner Sphere,,,1,4,,,,,,,,,,,,,,,,,,,,,,,,1,,,,,,,,,,,,,,,,,,,,,,,,,,12,"5,0",80,2,Ferro Fibroso,Single,12,,17,35,XL Engine,Compra,NO
Razorback RZK-10S Razorback,30,Ligero,3079,821,4018750,6,9,0,Inner Sphere,,,,,,2,,,,,,,,,,,1,,,,,,,,,,,,,,,,,,,,,,,,,,,,,,,,,,,,,10,"6,3",101,2,Ferro Fibroso,Double,20,,14,16,Light Fusion Engine,Compra,NO
Razorback RZK-10T Razorback,30,Ligero,3071,1172,4550000,7,11,0,Inner Sphere,,,,,,4,,,,,,,,,,,,1,,,,,,,,,,,,,,,,,,,,,,,,,,,,,,,,,,,,10,"6,6",105,2,Ferro Fibroso,Double,20,,23,27,XL Engine,Compra,NO
Razorback RZK-9S Razorback,30,Ligero,3063,855,3519000,6,9,0,Inner Sphere,,4,,,,,,1,,,,,,,,,,,,,,,,,,,1,,,,,,,,,,,,,,,,,,,,,,,,,,,10,"6,6",105,2,Ferro Fibroso,Double,20,,15,24,Light Fusion Engine,Compra,NO
Razorback RZK-9T Razorback,30,Ligero,3066,1149,3810300,6,9,0,Inner Sphere,,,,,,,4,,,,,,,,,1,,,,,,,,,,,,,,,,,,,,,,,,,,,,,,,,,,,,,,11,"6,6",105,2,Ferro Fibroso,Double,22,,35,30,Light Fusion Engine,Compra,NO
Red Shift RDS-2A Red Shift,20,Ligero,3062,626,2942400,9,14,0,Inner Sphere,,,,,,,,,,2,,,,,,,,,,,,,,,,,,,,,,,,,,,,,,,,,,,,,,,,,,,,10,"4,3",69,2,Ferro Fibroso,Double,20,,8,12,XL Engine,Compra,NO
Red Shift RDS-2B Red Shift,20,Ligero,3063,555,2942400,9,14,0,Inner Sphere,,,,,,,,,,2,,,,,,,,,,,,,,,,,,,,,,,,,,,,,,,,,,,,,,,,,,,,10,"4,3",69,2,Ferro Fibroso,Double,20,,8,12,XL Engine,Compra,NO
Red Shift RDS-3A Red Shift,20,Ligero,3068,869,3782400,9,14,0,Inner Sphere,,,,,,,4,,,,,,,,,,,,,,,,,,,,,,,,,,,,,,,,,,,,,,,,,,,,,,,10,"4,3",69,2,Ferro Fibroso,Double,20,,20,20,XL Engine,Compra,NO
Redback  Redback,75,Pesado,2828,2076,18137000,5,8,0,Mixed,,,,,,,1,1,,2,,,,,,1,,,,,,,,,,,,,,,,,,,,,,,,,,,,,,,,,,,,,,19,"14,4",231,2,Estandar,Double,38,,40,35,XL Engine,Compra,NO
Reptar EPT-C-1 Reptar,35,Ligero,3086,514,1821507,5,8,0,Clan,,2,,,,,,,,,,,,,,,,,,,,,,,,,,,,,,,,,,,,,,,,,,,,,,,,,,,,2,"5,0",80,2,Estandar,Single,2,,0,4,Fuel-Cell Engine,Compra,NO
'Revenant' UBM-1A 'Revenant',30,Ligero,3075,716,2054500,6,9,0,Inner Sphere,,4,,,,,2,,,2,,,,,,,,,,,,,,,,,,,,,,,,,,,,,,,,,,,,,,,,,,,,10,"6,0",96,4,Estandar,Double,20,,18,30,Fusion Engine,Compra,NO
Revenant UBM-2R Revenant,30,Ligero,3139,779,2477000,6,9,0,Inner Sphere,,4,,,,,4,,,,,,,,,,,,,,,,,,,,,,,,,,,,,,,,,,,,,,,,,,,,,,,10,"7,0",112,4,Estandar,Double,20,,20,28,Fusion Engine,Compra,NO
Revenant UBM-2R2 Revenant,30,Ligero,3139,630,2201750,6,9,0,Inner Sphere,,,,,,2,,,,,,,,,,,,,2,,,,,,,,,,,,,,,,,,,,,,,,,,,,,,,,,,,10,"7,0",112,4,Estandar,Double,20,,8,16,Fusion Engine,Compra,NO
Revenant UBM-2R3 Revenant,30,Ligero,3141,770,2424500,6,9,0,Inner Sphere,,,,,,,,,,,,,,,,1,,,,,,,,,,,,,,,,,,,,,,,,,,,,,,,,,,,,,,10,"7,0",112,4,Estandar,Double,20,,15,10,Fusion Engine,Compra,NO
Revenant UBM-2R4 Revenant,30,Ligero,3142,615,3042000,6,9,0,Inner Sphere,1,,,,,,,,,,,,,,,,,,,,,,,,,,,,,,,,,,,,,,,,,,,,,,,,,,,,,10,"7,0",112,4,Estandar,Double,20,,3,2,Fusion Engine,Compra,NO
Revenant UBM-2R7 Revenant,30,Ligero,3144,472,2249000,6,9,0,Inner Sphere,,,,,,,,,,,,,,,,,,,,,,,,,,,,,,,,,,,,,,,,,,,,,,,,,,,,,,10,"6,0",96,4,Estandar,Double,20,,0,0,Fusion Engine,Compra,NO
Rifleman C 2 Rifleman,60,Pesado,3083,2150,54595200,6,9,9,Clan,,,,,,,,2,,,,,2,,,,,,,,,,,,,,,,,,,,,,,,,,,,,,,,,,,,,,,,,12,"10,8",172,2,Ferro Fibroso,Double,24,,38,36,XXL Engine,Compra,NO
Rifleman C 3 Rifleman,60,Pesado,3132,1871,6152400,4,6,0,Clan,,,,,,,2,2,,,,,,,,,,,,,,,,,,,,,,,,,,,,,,,,,,2,,,,,,,,,,,,14,"11,4",182,2,Ferro Fibroso,Double,28,,36,36,Fusion Engine,Compra,NO
Rifleman C Rifleman,60,Pesado,3050,1335,5460200,4,6,0,Mixed,,,,,,,,,,,2,,,,,,,,,,,,,,,,,,,,,,,,,,,,,,,,,,,2,,,,,,,,12,"7,5",120,2,Estandar,Single,12,,22,28,Fusion Engine,Compra,NO
Rifleman II RFL-3N-2 'Legend-Killer' Rifleman II,80,Asalto,3015,1768,18668200,4,6,4,Inner Sphere,,,,2,2,,,,,,,,,,,,,,,,,,,,,,,,,,,,,,,,,,,,,,,,,,2,,,,,,,13,"12,5",200,2,Estandar,Double,26,,26,46,XL Engine,Compra,NO
Rifleman II RFL-3N-2 Rifleman II,80,Asalto,2720,1543,18807200,4,6,0,Inner Sphere,,,,2,,,,,,,2,,,,,,,,,,,,,,,,,,,,,,,,,,,,,,,,,,,,2,,,,,,,14,"12,0",192,2,Estandar,Double,28,,30,48,XL Engine,Compra,NO
Rifleman IIC 2 Rifleman IIC,65,Pesado,2997,1345,5923175,4,6,3,Clan,,,,,,,,,,,,,,,,,,,,,,,,,,,,,,,,,,,,,,,,,4,,,,,,,,,,,,,10,"13,0",208,2,Estandar,Double,20,,4,8,Fusion Engine,Compra,NO
Rifleman IIC 3 Rifleman IIC,65,Pesado,3062,1733,5835575,3,5,3,Clan,,,,,,,,,,,,,,2,,,,,,,,,,,,,,,,,,,,,,,,,,,2,,,,,,,,,,,,,21,"13,2",211,2,Estandar,Double,42,,38,36,Fusion Engine,Compra,NO
Rifleman IIC 4 Rifleman IIC,65,Pesado,3065,2140,5853075,3,5,3,Clan,,,,,,,,,,,2,,,,,,,,,,,,,,,,,,,,,,,,2,,,,,,,,,,,,,,,,,,,16,"13,2",211,2,Estandar,Double,32,,32,54,Fusion Engine,Compra,NO
Rifleman IIC 5 Rifleman IIC,65,Pesado,3069,2343,6433350,3,5,5,Clan,,,,,,,,3,,2,,,,,,,,,,,,,,,,,,,,,,,,,,,,,,,,,,,,,,,,,,,,19,"13,2",211,2,Estandar,Double,38,,44,36,Fusion Engine,Compra,NO
Rifleman IIC 6 Rifleman IIC,65,Pesado,3071,2251,6663437,3,5,0,Clan,,,,,,1,,,,,,,,,,,,,,,,,,,,,,,,,,,,,,,,,,,,,,,,,,,,,,,,10,"13,2",211,2,Ferro Fibroso,Double,20,,2,3,Fusion Engine,Compra,NO
Rifleman IIC 7 Rifleman IIC,65,Pesado,3078,2205,7182525,3,5,5,Clan,,,,,,,,,,,,,,2,,,,,,,,,,,,,,,,,,,,,,,,,,,,,,,,,,,,,,,2,16,"13,0",208,2,Estandar,Double,32,,50,32,Fusion Engine,Compra,NO
Rifleman IIC 8 Rifleman IIC,65,Pesado,3078,2541,15321774,5,8,5,Clan,,,,,,,,2,,,,,,,,,,,,,,,,,,,,2,,,,,,,,,,,,,,,,,,,,,,,4,,,16,"12,6",201,2,Ferro Fibroso,Double,32,,36,100,XL Engine,Compra,NO
Rifleman IIC  Rifleman IIC,65,Pesado,2845,2307,5741587,3,5,3,Clan,,,,,,1,,,,,4,,,,,,,,,,,,,,,,,,,,,,,,,,,,,,,,,,,,,,,,,,,19,"13,2",211,2,Ferro Fibroso,Double,38,,42,39,Fusion Engine,Compra,NO
Rifleman RFL-3C Rifleman,60,Pesado,3026,1066,4800800,4,6,0,Inner Sphere,,,,2,,,,,,,,,,,,,,,,,,,,,,,,,,,,,,,,,,,2,,,,,,,,,,,,,,,10,"8,5",136,2,Estandar,Single,10,,12,30,Fusion Engine,Compra,NO
Rifleman RFL-3Cr Rifleman,60,Pesado,3071,1129,5382800,4,6,0,Inner Sphere,,,,2,,,,,,,,,,,,,,,,,,,,,,,,,,,,,,,,,,,2,,,,,,,,,,,,,,,10,"9,2",148,2,Ferro Fibroso,Single,10,,12,30,Fusion Engine,Compra,NO
Rifleman RFL-3N 'Legend-Killer 2' Rifleman,60,Pesado,3015,1209,4927700,4,6,4,Inner Sphere,,,,2,,,,,,,,,,,,,,,,,,,,,,,,,,,,,,,,,,2,,,,,,,,,,,,,,,,11,"12,5",200,2,Estandar,Single,11,,8,20,Fusion Engine,Compra,NO
Rifleman RFL-3N 'Legend-Killer' Rifleman,60,Pesado,3015,1101,4058900,3,5,3,Inner Sphere,,,,,2,,,,,,,,,,,,,,,,,,,,,,,,,,,,,,,,,2,,,,,,,,,,,,,,,,14,"8,0",128,2,Estandar,Single,14,,18,26,Fusion Engine,Compra,NO
Rifleman RFL-3N Rifleman,60,Pesado,2770,1039,4857300,4,6,0,Inner Sphere,,,,2,2,,,,,,,,,,,,,,,,,,,,,,,,,,,,,,,,,2,,,,,,,,,,,,,,,,10,"7,5",120,2,Estandar,Single,10,,24,36,Fusion Engine,Compra,NO
Rifleman RFL-4D Rifleman,60,Pesado,3021,1173,4980800,4,6,0,Inner Sphere,,,,,2,,,,,,,,,,2,,,,,,,,,,,,,,,,,,,,,,,,,,,,,,,,,,,,,,,15,"7,5",120,2,Estandar,Single,15,,36,36,Fusion Engine,Compra,NO
Rifleman RFL-5CS Rifleman,60,Pesado,3052,1303,11238800,5,8,0,Inner Sphere,,,,,2,,,,,,,,,,,,,,,,,,,,,,,,,,,,,,,,,,,,,2,,,,,,,,,,,,10,"8,5",136,2,Estandar,Double,20,,18,26,XL Engine,Compra,NO
Rifleman RFL-5D Rifleman,60,Pesado,3050,1395,10208000,4,6,0,Inner Sphere,,,,2,2,,,,,,,,,,,2,,,,,,,,,,,,,,,,,,,,,,,,,,,,,,,,,,,,,,17,"9,0",144,2,Estandar,Double,34,,52,46,XL Engine,Compra,NO
Rifleman RFL-5M Rifleman,60,Pesado,3049,1227,9921000,4,6,0,Inner Sphere,,,,2,2,,,,,,,,,,,,,,,,,,,,,,,,,,,,,,,,,,,,,2,,,,,,,,,,,,12,"8,5",136,2,Estandar,Double,24,,24,36,XL Engine,Compra,NO
Rifleman RFL-6D Rifleman,60,Pesado,3069,1274,12227000,5,8,0,Inner Sphere,,,,,,,2,,,,,,,,,,,,,,,,,,,,,,,,,,,,,,,,,,,,,,,,,,,,,,,10,"11,5",184,2,Estandar,Double,20,,10,10,XL Engine,Compra,NO
Rifleman RFL-6X Rifleman,60,Pesado,3063,1464,12220000,5,8,0,Inner Sphere,,,,,,2,2,,,,,,,,,,,,,,,,,,,,,,,,,,,,,,,,,,,,,,,,2,,,,,,,10,"11,5",184,2,Estandar,Double,20,,18,36,XL Engine,Compra,NO
Rifleman RFL-7G Rifleman,60,Pesado,3086,1302,10324000,4,6,0,Inner Sphere,,,,,,,2,,,,,,,,,,,,,,,,,,,,,,,,,,,,,,,,,,,,,,,,,,,,,,,10,"9,0",144,2,Estandar,Double,20,,10,10,XL Engine,Compra,NO
Rifleman RFL-7M Rifleman,60,Pesado,3066,1521,10899600,4,6,0,Inner Sphere,,,1,,,,6,,,,,,,,,,,,,,,,,,,,,,,,,,,,,,,,,,,,,,,,,,,,2,,,11,"10,0",160,2,Estandar,Double,22,,33,63,XL Engine,Compra,NO
Rifleman RFL-7N Rifleman,60,Pesado,3133,1398,10908800,4,6,0,Inner Sphere,,,,,,,2,2,,,,,,,,,,,,,,,,,,,,,,,,,,,,,,,,,,,,,,2,,,,,,,,13,"11,0",176,2,Estandar,Double,26,,36,36,XL Engine,Compra,NO
Rifleman RFL-7N2 Rifleman,60,Pesado,3133,1452,11220000,4,6,0,Inner Sphere,,,,,,,2,,,,,,,,2,,,,,,,,,,,,,,,,,,,,,,,,,,,,,,,,2,,,,,,,10,"11,0",176,2,Estandar,Double,20,,34,50,XL Engine,Compra,NO
Rifleman RFL-7X Rifleman,60,Pesado,3081,1645,15114400,6,9,6,Inner Sphere,,,,,,,,,,,,,,,2,,2,,,,,,,,,,,,,,,,,,,,,,,,,,,,,,,,,,,,,12,"10,1",161,2,Ferro Fibroso,Double,24,,40,40,XL Engine,Compra,NO
Rifleman RFL-8D Rifleman,60,Pesado,3064,1777,10420800,4,6,4,Inner Sphere,,,,,,,2,,,,,,,,,,,,,,,,,,,,,,,,,,,,,,,,,,,,,,,,,,,2,,,,11,"12,0",192,2,Estandar,Double,22,,12,20,XL Engine,Compra,NO
Rifleman RFL-8X Rifleman,60,Pesado,3068,1798,10049600,5,8,0,Inner Sphere,,,,,,,4,,,,,,,,,2,,,,,,,,,,,,,,,,,,,,,,,,,,,,,,,,,,,,,,16,"12,5",200,2,Estandar,Double,32,,50,40,Light Fusion Engine,Compra,NO
Rifleman RFL-9T Rifleman,60,Pesado,3071,1503,6445800,4,6,0,Inner Sphere,,,,,,,2,,,,,,,,2,,,,,,,,,,,,,,,,,,,,,,,,,,,,,,,,,,,,,,,10,"9,5",152,2,Furtivo,Double,20,,30,30,Fusion Engine,Compra,NO
'Rock Hound' ProspectorMech AM-PRM-RH7 'Rock Hound' ProspectorMech,40,Medio,3042,523,1929853,4,6,0,Inner Sphere,,,,,,,,,,,,,,,,,,,,,,,,2,,,,,,,,,,,,,,,,,,,,,,,,,,,,,,2,"6,5",104,2,Estandar,Single,2,,6,16,Fuel-Cell Engine,Compra,NO
'Rock Otter' ProspectorMech AM-PRM-RH7A 'Rock Otter' ProspectorMech,40,Medio,3043,455,1838553,4,6,0,Inner Sphere,,,,,,,,,,,,,,,,,,,,,,,,1,,,,,,,,,,,,,,,,,,,,,,,,,,,,,,1,"6,0",96,2,Estandar,Single,1,,3,8,Fuel-Cell Engine,Compra,NO
'Rock Possum' ProspectorMech AM-PRM-RH7 'Rock Possum' ProspectorMech,40,Medio,3045,479,1861653,4,6,0,Inner Sphere,,,,,,,,,,,,,,,,,,,,,,,,1,,,,,,,,,,,,,,,,,,,,,,,,,,,,,,1,"6,5",104,2,Estandar,Single,1,,3,8,Fuel-Cell Engine,Compra,NO
Rokurokubi RK-4K Rokurokubi,35,Ligero,3135,1286,6049035,7,11,0,Inner Sphere,,,,,,,,,,,,,,,,1,,,,,,,,,,,,,,,,,,,,,,,,,,,,,,,,,,,,,,10,"6,8",108,2,Estandar,Double,20,,15,10,XL Engine,Compra,NO
Rokurokubi RK-4T Rokurokubi,35,Ligero,3135,998,5855535,7,11,0,Inner Sphere,,,,,,,,,,,,,,,,,,,,,,,,,,,,,,,,,,,,,,,,,,,,,,,,,,,,,,10,"6,8",108,2,Estandar,Double,20,,0,0,XL Engine,Compra,NO
Rokurokubi RK-4X Rokurokubi,35,Ligero,3136,1858,10745910,8,12,0,Mixed,,,,,,,,,,,,,,,,1,,,,,,,,,,,,,,,,,,,,,,,,,,,,,,,,,,,,,,10,"6,8",108,2,Estandar,Double,20,,15,10,XL Engine,Compra,NO
Rook NH-1A Rook,55,Medio,3074,1197,3669444,3,5,3,Inner Sphere,,,1,6,,,,,,,,,,,1,,,,,,,,,,,,,,,,,,,,,,,,,,,,,,,,,,,,,,,14,"10,0",160,2,Estandar,Single,14,,29,43,Primitive Fusion Engine,Compra,NO
Rook NH-1B Rook,55,Medio,3075,1227,4522460,4,6,3,Inner Sphere,,,1,6,,,,,,,,,,,1,,,,,,,,,,,,,,,,,,,,,,,,,,,,,,,,,,,,,,,20,"8,5",136,2,Estandar,Single,20,,29,43,Fusion Engine,Compra,NO
Rook NH-2 Rook,55,Medio,3076,1525,7471723,4,6,6,Inner Sphere,,,,4,,,,,1,,,,,,,1,,,,,,,,,,,,,,,,,,,,,,,,,,,,,,,,,,,,,,12,"11,6",185,2,Estandar,Double,24,,29,33,Fusion Engine,Compra,NO
Rook NH-3X Rook,55,Medio,3076,1746,16806727,6,9,6,Inner Sphere,,,1,4,,,,,,,,,,,,,,,,,,,,,,,,,,,,,,,,,,,,,,,,,,,,,,,,,,10,"11,6",185,2,Estandar,Double,20,,13,23,XL Engine,Compra,NO
Ryoken (Stormcrow)  Ryoken (Stormcrow),55,Medio,2930,2073,14771112,6,9,6,Clan,,,,,,6,34,6,2,10,3,,6,3,,,,,2,,2,4,2,,,,,6,,,,,,,4,,,,,,,,,1,,2,1,,,,6,,2,10,"11,4",182,2,Ferro Fibroso,Double,20,,546,839,XL Engine,Compra,NO
Ryoken II (Tassa) Ryoken II,75,Pesado,3132,3103,19834000,5,8,5,Clan,,,,,,,2,,,,,,,,,2,,,,,,,,,,,,2,,,,,,,,,,,,,,,,,,,,,,,,,,15,"14,4",231,2,Ferro Fibroso,Double,30,,48,54,XL Engine,Compra,NO
Ryoken II 2 Ryoken II,75,Pesado,3076,2141,18871500,5,8,0,Clan,,,,,,,,,,,,,,,,,,,,,2,,,,,,,,,,,,,,,,,,,,,,2,,,,,,,,,,,10,"11,5",184,2,Estandar,Double,20,,18,50,XL Engine,Compra,NO
Ryoken II 3 Ryoken II,75,Pesado,3076,2336,19398500,5,8,0,Clan,,,,,,,,,,,,,,,,,,,,,2,,,,,,,,,,,,,,,,,,,,,,,,,,,,,,,,,10,"11,5",184,2,Estandar,Double,20,,10,30,XL Engine,Compra,NO
Ryoken II  Ryoken II,75,Pesado,3075,1801,18793800,5,8,0,Clan,,,,,,,,,,,,,,,,,,,,,2,,,,,,,,,,,,,,,,,,,,,,,,4,,,,,,,,,10,"13,5",216,2,Estandar,Double,20,,14,38,XL Engine,Compra,NO
Ryoken RYO Salazar Ryoken,55,Medio,3070,2137,11581290,6,9,0,Clan,,,,,,,,,,3,2,,,,,,,,,,,,,,,,,,,,,,,,,,,,,,,,,,,,,,,,,,,15,"11,4",182,2,Ferro Fibroso,Double,30,,32,36,XL Engine,Compra,NO
Sagittaire SGT-10X Sagittaire,95,Asalto,3084,1794,18757050,3,5,5,Inner Sphere,,,,,,,,,,,,,,,2,,,,,,,,,,,,,,,,,,,,,,,,,,,,,,,,,,,,,,,18,"18,0",288,2,Estandar,Double,36,,20,20,Light Fusion Engine,Compra,NO
Sagittaire SGT-14D Sagittaire,95,Asalto,3134,1960,19313775,3,5,3,Inner Sphere,,,,,,,,1,,,,,,,,,,,,,,,,,,,,,,,,,,,,,,,,,,,,,,,,,,,,,,14,"18,0",288,2,Estandar,Double,28,,12,8,Light Fusion Engine,Compra,NO
Sagittaire SGT-8R Sagittaire,95,Asalto,3063,2088,20226375,3,5,3,Inner Sphere,,,,,,,,,1,5,2,,,,,1,,,,,,,,,,,,,,,,,,,,,,,,,,,,,,,,,,,,,,17,"18,0",288,2,Estandar,Double,34,,57,61,XL Engine,Compra,NO
Sagittaire SGT-9D Sagittaire,95,Asalto,3074,2064,23695075,3,5,3,Inner Sphere,,,,5,,,,,1,,,,,,,1,,,,,,,,,,,,,,,,,,,,,,,,,,,,,,,2,,,,,,,13,"18,0",288,2,Estandar,Double,26,,36,58,XL Engine,Compra,NO
Salamander PPR-4S-BL Salamander,80,Asalto,3055,1868,18640920,4,6,0,Inner Sphere,,,,2,,,,,,,,,,,,,,,,,,3,,,,,,,,,,,,,,,,,,,,,,,,,,,,,,,,10,"15,4",247,2,Estandar,Double,20,,24,70,XL Engine,Compra,NO
Salamander PPR-5S-BL Salamander,80,Asalto,3055,1971,8158920,3,5,0,Inner Sphere,,,,2,,,,,,,,,,,,,,,,,,3,,,,,,,,,,,,,,,,,,,,,,,,,,,,,,,,10,"14,5",232,2,Estandar,Double,20,,24,70,Fusion Engine,Compra,NO
Salamander PPR-5S Salamander,80,Asalto,3055,1769,18190920,4,6,0,Inner Sphere,,,,2,,,,,,,,,,,,,,,,,,3,,,,,,,,,,,,,,,,,,,,,,,,,,,,,,,,10,"15,4",247,2,Estandar,Double,20,,24,70,XL Engine,Compra,NO
Salamander PPR-5T Salamander,80,Asalto,3056,1589,20628420,5,8,0,Inner Sphere,,,2,,,,,,,,,,,,,,,,,,3,,,,,,,,,,,,,,,,,,,,,,,,,,,,,,,,,10,"13,5",216,2,Estandar,Double,20,,17,51,XL Engine,Compra,NO
Salamander PPR-6S Salamander,80,Asalto,3058,1714,18782520,4,6,0,Inner Sphere,,,,,,,,,,2,,,,,,,,,,,,2,,,1,,,,,,,,,,,,,,,,,,,,,,,,,,,,,12,"15,4",247,2,Estandar,Double,24,,24,64,XL Engine,Compra,NO
Salamander PPR-6T Salamander,80,Asalto,3060,1681,18081120,4,6,0,Inner Sphere,,,,,,,,,,2,1,,,,,,,,,,,2,,,,,,,,,,,,,,,,,,,,,,,,,,,,,,,,14,"15,4",247,2,Estandar,Double,28,,30,61,XL Engine,Compra,NO
Salamander PPR-7S Salamander,80,Asalto,3064,2023,15939720,4,6,4,Inner Sphere,,,,,,,2,,,,,,,,,,,,,,3,,,,,,,,,,,,,,,,,,,,,,,,,,,,,,,,,10,"15,0",240,2,Estandar,Double,20,,25,55,Light Fusion Engine,Compra,NO
Salamander PPR-7T Salamander,80,Asalto,3111,1647,19597720,4,6,0,Inner Sphere,,,,,,,,,,,,,,,,,,,,1,2,,,,,,,,,,,,,,,,,,,,,,,,,,,,,,,,,11,"15,4",247,2,Estandar,Double,22,,14,40,XL Engine,Compra,NO
Sarath SRTH-1O Sarath,50,Medio,3122,1630,12065078,5,8,5,Inner Sphere,4,,,2,,2,2,,,,,,,,1,,,1,,,2,,,,,,,,,,,,,,,,,,,,,,,,,,,,,,,,1,10,"11,5",184,4,Estandar,Double,20,,77,99,XL Engine,Compra,NO
Sarissa MN2-A SecurityMech Sarissa,50,Medio,3082,771,2421406,4,6,0,Inner Sphere,,1,1,1,,,,,,,,,,,,,,,,,,,,,,,,,,,,,,,,,,,,,,,,,,,,,,,,,,18,"6,5",104,2,Estandar,Single,18,,4,10,Fusion Engine,Compra,NO
Savage Coyote  Savage Coyote,85,Asalto,3059,2613,22323562,3,5,3,Clan,2,,,,,2,9,7,12,3,7,,,,,2,,,,,,,,,,,,,,,,,4,3,2,4,,,,,,1,,,,,2,,,,1,,,14,"15,0",240,2,Estandar,Double,28,,345,480,XL Engine,Compra,NO
Scarabus SCB-9A Scarabus,30,Ligero,3053,846,5489770,10,15,0,Inner Sphere,,,2,2,,,,,,,,,,,,,,,,,,,,,,,,,,,,,,,,,,,,,,,,,,,,,,,,,,10,"6,1",98,2,Ferro Fibroso,Single,10,,8,16,XL Engine,Compra,NO
Scarabus SCB-9T Scarabus,30,Ligero,3054,949,6033820,10,15,0,Inner Sphere,,,2,2,,,,,,,,,,,,,,,,,,,,,,,,,,,,,,,,,,,,,,,,,,,,,,,,,,10,"6,1",98,2,Ferro Fibroso,Single,10,,8,16,XL Engine,Compra,NO
Scarecrow UCU-F4 Scarecrow,40,Medio,3099,1475,8164816,5,8,3,Mixed,2,2,,,,,3,,,2,,,,,,,,,,,,,,,,,,,,,,,,,,,,,,,,,,,,,,,,,,,,10,"8,0",128,2,Estandar,Double,20,,29,35,XL Engine,Compra,NO
Scarecrow UCU-F4r 'Hobbled Scarecrow' Scarecrow,40,Medio,3122,1433,7433066,5,8,3,Mixed,2,,,3,,,3,,,2,,,,,,,,,,,,,,,,,,,,,,,,,,,,,,,,,,,,,,,,,,,,10,"8,0",128,2,Estandar,Double,20,,38,46,XL Engine,Compra,NO
Scavenger SC-V SalvageMech Scavenger,80,Asalto,2613,528,3675440,4,6,0,Inner Sphere,,,,,,,,,,,,,,,,,,,,,,,,,,,,,,,,,,,,,,,,,,,,,,,,,,,,,,2,"7,0",112,4,Estandar,Single,2,,0,0,Fuel-Cell Engine,Compra,NO
Scavenger SC-V-M MilitiaMech Scavenger,80,Asalto,2990,672,4047200,4,6,0,Inner Sphere,,,,,,,,,,,,,,,,,,,,,,,,,,,,,,,,,,,,,,,1,,,,,,,,,,,,,,,3,"7,0",112,4,Estandar,Single,3,,3,10,Fuel-Cell Engine,Compra,NO
Scorpion SCP-10M Scorpion,55,Medio,3080,1458,12866583,7,11,0,Inner Sphere,,,,,,,,,,,,,,,,,,1,,1,,,,,,,,,,,,,,,,,,,,,,,,,,,,,,,,,,10,"9,0",144,4,Estandar,Double,20,,19,25,XL Engine,Compra,NO
Scorpion SCP-12C Scorpion,55,Medio,3067,1259,12740387,6,9,0,Inner Sphere,,,,,,1,,,,,,,,,,1,,,,,,,,,,,,,,,,,,,,,,,,,,,,,,,,,,,,,,10,"12,3",197,4,Ferro Fibroso,Double,20,,17,13,XL Engine,Compra,NO
Scorpion SCP-12K Scorpion,55,Medio,3071,1260,13811700,6,9,0,Inner Sphere,,,,,,,1,,,,,,,,,,1,,,,,,,,,,,,,,,,,,,,,,,,,,,,,,,,,,,,,10,"11,2",179,4,Ferro Fibroso,Double,20,,15,15,XL Engine,Compra,NO
Scorpion SCP-12S Scorpion,55,Medio,3066,1109,9583750,6,9,0,Inner Sphere,,,,,,,,,,,,,,,,,,,,,,,,,1,,,,,,,,,,,,,,,,,,,,,,1,,,,,,,10,"9,0",144,4,Estandar,Double,20,,6,22,Light Fusion Engine,Compra,NO
Scorpion SCP-1N (Wednall) Scorpion,55,Medio,3030,1043,5062950,6,9,0,Inner Sphere,,,,,1,,,,,,,,,,,,,,,,,,,,1,,,,,,,,,,,,,,,,,,,,,,,,,,,,,10,"9,0",144,4,Estandar,Single,10,,12,20,Fusion Engine,Compra,NO
Scorpion SCP-1N Scorpion,55,Medio,2570,1019,5186950,6,9,0,Inner Sphere,,,,,,,,,,,,,,,1,,,,,,,,,,1,,,,,,,,,,,,,,,,,,,,,,,,,,,,,10,"7,0",112,4,Estandar,Single,10,,14,22,Fusion Engine,Compra,NO
Scorpion SCP-1O Scorpion,55,Medio,3052,1098,5434950,6,9,0,Inner Sphere,,,,,,,,,,,,,,,,1,,,,,,,,,1,,,,,,,,,,,,,,,,,,,,,,,,,,,,,10,"7,0",112,4,Estandar,Double,20,,19,22,Fusion Engine,Compra,NO
Scorpion SCP-1TB Scorpion,55,Medio,3072,1185,10820200,6,9,0,Inner Sphere,,,,,,,,,,,,,,,2,,,,,,,,,,,,,,,,,,,,,,,,,,,,,,,,,,,,,,,10,"7,0",112,4,Estandar,Double,20,,20,20,Light Fusion Engine,Compra,NO
Scourge SCG-WD1 Scourge,65,Pesado,3131,2061,14236737,5,8,4,Inner Sphere,,,,,,,4,,,1,,,,,,,,,,,,,,,,,,,,,,,,,,,,,,,,,,,,,,,,,1,,,12,"13,2",211,2,Estandar,Double,24,,25,41,XL Engine,Compra,NO
Scourge SCG-WF1 Scourge,65,Pesado,3133,2172,14367087,5,8,4,Inner Sphere,,,,,,,4,,,1,,,,,,,,,,,,,,,,,,,,,,,,,,,,,,,,,,,,,,,,,1,,,11,"13,2",211,2,Ferro Fibroso,Double,22,,25,41,XL Engine,Compra,NO
Scylla 2 Scylla,100,Asalto,3079,2839,29529333,4,6,4,Clan,,,,,,,2,,1,2,,,,,,,,,,,,,,,,,,,,,,,,,,,,,,,,,,,,,,,,,,,,17,"18,6",297,2,Ferro Fibroso,Double,34,,20,25,XL Engine,Compra,NO
Scylla 3 Scylla,100,Asalto,3082,2820,30009333,4,6,0,Clan,,,,,,,,,,,,,,1,,1,,,,,,,,,,,,,,,,,,,,,,,,,,,,,,,,1,,,,,,16,"18,6",297,2,Ferro Fibroso,Double,32,,39,46,XL Engine,Compra,NO
Scylla  Scylla,100,Asalto,3062,2897,29859333,4,6,4,Clan,,,,,,,2,1,,,,,,,,,,,,,,2,,,,,,,,,,,,,,,,,,,,,,,,,1,,,,,,,17,"18,6",297,2,Ferro Fibroso,Double,34,,36,68,XL Engine,Compra,NO
Sentinel STN-1S Sentinel,40,Medio,2651,632,3132430,6,9,0,Inner Sphere,,,1,,,,,,,,,,,,,,,,,,,,,1,,,,,,,,,,,,,1,,,,,,,,,,,,,,,,,12,"6,0",96,2,Estandar,Single,12,,5,13,Fusion Engine,Compra,NO
Sentinel STN-3K Sentinel,40,Medio,2830,652,3134830,6,9,0,Inner Sphere,,,1,,,,,,,,,,,,,,,,,,,,1,,,,,,,,,,,,,,,1,,,,,,,,,,,,,,,,10,"6,0",96,2,Estandar,Single,10,,4,12,Fusion Engine,Compra,NO
Sentinel STN-3KA Sentinel,40,Medio,2830,847,3127230,6,9,0,Inner Sphere,,,1,,1,,,,,,,,,,,,,,,,,,1,,,,,,,,,,,,,,,,,,,,,,,,,,,,,,,13,"8,0",128,2,Estandar,Single,13,,11,15,Fusion Engine,Compra,NO
Sentinel STN-3KB Sentinel,40,Medio,2830,823,3239230,6,9,0,Inner Sphere,,,1,,,,,,,,,,,,1,,,,,,,,1,,,,,,,,,,,,,,,,,,,,,,,,,,,,,,,13,"6,0",96,2,Estandar,Single,13,,13,17,Fusion Engine,Compra,NO
Sentinel STN-3L Sentinel,40,Medio,2652,717,3266830,6,9,0,Inner Sphere,,,1,,,,,,,,,,,,,,,,,,,,,,,1,,,,,,,,,,,,,,,,1,,,,,,,,,,,,10,"5,5",88,2,Estandar,Single,10,,4,12,Fusion Engine,Compra,NO
Sentinel STN-3Lb Sentinel,40,Medio,2750,1260,6307030,6,9,0,Inner Sphere,,,1,1,,,,,,,,,,,,,,,,,,,,,,,,,,,,,,,,,,,,,,,,,,,,,,,1,,,10,"8,4",134,2,Ferro Fibroso,Single,10,,5,23,XL Engine,Compra,NO
Sentinel STN-3M Sentinel,40,Medio,3035,758,3273080,6,9,0,Inner Sphere,,,,1,,,,,,,,,,,,,,,,,,,1,,,,,,,,,,,,,,,,,,,1,,,,,,,,,,,,10,"5,5",88,2,Estandar,Single,10,,6,14,Fusion Engine,Compra,NO
Sentinel STN-4D Sentinel,40,Medio,3063,1179,3748279,6,9,0,Inner Sphere,,,,,,,1,,,,,,,,,,,,,,,,,,,,,,,,,,,,,,,,,,,,,,,,,,,1,,,,10,"7,8",125,2,Ferro Fibroso,Double,20,,6,10,Fusion Engine,Compra,NO
Sentinel STN-5WB Sentinel,40,Medio,3070,999,5607580,6,9,0,Inner Sphere,,,,,,,3,,,,,,,,,,,,,,,,,,,,,,,,,,,,,,,,,,,,,,,,,,,,,,,10,"6,5",104,2,Estandar,Double,20,,15,15,Light Fusion Engine,Compra,NO
Sentinel STN-C Sentinel,40,Medio,3065,689,3567080,6,9,0,Inner Sphere,,,,,,,,,,,,,,,,,,,,,,,1,,,,,,,,,,,,,,,,,,,1,,,,,,,,,,,,10,"5,5",88,2,Estandar,Single,10,,3,9,Fusion Engine,Compra,NO
Sentry SNT-04 Salazar Sentry,40,Medio,3056,1248,3372926,5,8,5,Inner Sphere,1,,,2,,,,,,,,,,,,1,,,,,,,,,,,,,,,,,,,,,,,,,,,,,,,,,,,,,,13,"8,6",137,2,Estandar,Double,26,,24,22,Fusion Engine,Compra,NO
Sentry SNT-04 Sentry,40,Medio,3056,1069,3232526,5,8,5,Inner Sphere,1,4,,,,,,,2,,,,,,1,,,,,,,,,,,,,,,,,,,,,,,,,,,,,,,,,,,,,,,10,"8,5",136,2,Estandar,Double,20,,17,26,Fusion Engine,Compra,NO
Sentry SNT-W5 Sentry,40,Medio,3072,1143,7276380,5,8,5,Inner Sphere,,,,,,,2,,,,,,,,,,,,,,,,,,,,,,,,,,,,,,,,,,,,,,,,,,,,2,,,10,"8,6",137,2,Ferro Fibroso,Double,20,,12,40,Light Fusion Engine,Compra,NO
Seraph C-SRP-O Seraph,85,Asalto,3069,1810,21175834,3,5,5,Inner Sphere,3,,2,,,,3,,,6,2,,,,1,,4,5,,3,,,,,,,,1,,,,1,,,,,,,,,,,1,1,,,,1,,,,,2,10,"16,0",256,2,Estandar,Double,20,,261,358,Light Fusion Engine,Compra,NO
Sha Yu (Bulldog) Sha Yu,40,Medio,3068,1379,7528733,7,11,0,Inner Sphere,,,,2,2,,,,,,,,,,,,,,,,,,,,,,,,,,,,,,,,,,,,,,,,,,,,,,,,,12,"8,5",136,2,Furtivo,Double,24,,22,26,XL Engine,Compra,NO
Sha Yu SYU-2B (Russel) Sha Yu,40,Medio,3068,1379,7528733,7,11,0,Inner Sphere,,,,2,2,,,,,,,,,,,,,,,,,,,,,,,,,,,,,,,,,,,,,,,,,,,,,,,,,12,"8,5",136,2,Furtivo,Double,24,,22,26,XL Engine,Compra,NO
Sha Yu SYU-2B Sha Yu,40,Medio,3063,1379,7853533,7,11,0,Inner Sphere,,,,,,,2,2,,,,,,,,,,,,,,,,,,,,,,,,,,,,,,,,,,,,,,,,,,,,,,13,"6,5",104,2,Furtivo,Double,26,,34,26,XL Engine,Compra,NO
Sha Yu SYU-4B Sha Yu,40,Medio,3065,1267,8050733,7,11,0,Inner Sphere,,,,,,,2,,,3,,,,,,,,,1,,,,,,,,,,,,,,,,,,,,,,,,,,,,,,,,,,,11,"8,5",136,2,Furtivo,Double,22,,24,33,XL Engine,Compra,NO
Sha Yu SYU-6B Sha Yu,40,Medio,3070,1422,8010333,7,11,0,Inner Sphere,,,,2,,,,,,,,,,,,,2,,,,,,,,,,,,,,,,,,,,,,,,,,,,,,,,,,,,,11,"7,5",120,2,Furtivo,Double,22,,26,30,XL Engine,Compra,NO
Shadow Cat II 2 Shadow Cat II,60,Pesado,3077,2106,14803680,6,9,6,Clan,,,,,,,,,,1,1,,,,,,,,,2,,,,,,,,,,,,,,,,,,,,,,,,,,,,,,,,,,11,"9,0",144,2,Ferro Fibroso,Double,22,,22,35,XL Engine,Compra,NO
Shadow Cat II 3 Shadow Cat II,60,Pesado,3089,2387,14693280,6,9,6,Clan,,,,,,,1,1,,,,,,,,,,,,,,,,,,,,4,,,,,,,,,,,,,,,,,,,,,,,,,,11,"9,0",144,2,Ferro Fibroso,Double,22,,33,61,XL Engine,Compra,NO
Shadow Cat II 4 Shadow Cat II,60,Pesado,3092,1986,14048480,6,9,5,Clan,,,,,,,,,,,,,,,,,,,,2,,,,,,,,,,,,,,,,,,,,,,,,,,,,,,,1,,,10,"9,0",144,2,Ferro Fibroso,Double,20,,9,35,XL Engine,Compra,NO
Shadow Cat II  Shadow Cat II,60,Pesado,3076,2064,14567680,6,9,6,Clan,,,,,,,1,,,,,,,,,,,,,2,,,,,,,,,,,,,,,,,,,,,,,,,,,,,,,,,,10,"9,0",144,2,Ferro Fibroso,Double,20,,13,25,XL Engine,Compra,NO
Shadow Cat III  Shadow Cat III,45,Medio,3111,2021,10776406,6,9,8,Clan,,,,,,,2,2,,2,,,,1,,,,,,,,,,,,,,,,,,,4,,,,,,,,,,,,,,,1,,,1,,,10,"9,6",153,2,Ferro Fibroso,Double,20,,75,113,XL Engine,Compra,NO
Shadow Cat  Shadow Cat,45,Medio,3003,2156,11753009,6,9,6,Clan,,2,,,,1,9,3,2,7,2,,2,3,,1,,,,,2,1,,1,,,,5,,,,,,2,,,,,,,,,1,,,,1,,,,7,,,10,"8,4",134,2,Ferro Fibroso,Double,20,,278,487,XL Engine,Compra,NO
Shadow Hawk C Shadow Hawk,55,Medio,3050,1348,5308956,5,8,5,Mixed,,,,,,,1,,,,,,,,,,,,1,,,,,,,1,,,,,,,,,,,,,,,,,,,,1,,,,,,,,13,"9,5",152,2,Estandar,Single,13,,10,19,Fusion Engine,Compra,NO
Shadow Hawk IIC 2 Shadow Hawk IIC,45,Medio,2835,1763,4723302,6,9,6,Clan,,,,,,1,,2,3,,,,,,,,,,,,,,,,,,,,,,,,,,,,,,,,,,,,,,,,,,,,,10,"9,0",144,2,Ferro Fibroso,Double,20,,32,28,Fusion Engine,Compra,NO
Shadow Hawk IIC 3 Shadow Hawk IIC,45,Medio,3060,1471,4606940,6,9,6,Clan,,,,,,,,,,1,,,,1,,,,,,,,,,,,,,,,,,,,,,,,,,,,,,,,,,,,,,,,14,"9,0",144,2,Ferro Fibroso,Double,28,,22,22,Fusion Engine,Compra,NO
Shadow Hawk IIC 4 Shadow Hawk IIC,45,Medio,3060,1698,4826140,6,9,6,Clan,,,,,,,1,,,2,,,,,,,,,,,,,,,,,,,,,,,,1,,,,,,,,,,,,,,,,,,,,10,"9,0",144,2,Ferro Fibroso,Double,20,,17,29,Fusion Engine,Compra,NO
Shadow Hawk IIC 5 Shadow Hawk IIC,45,Medio,3069,1614,5285390,6,9,6,Clan,,,,,,,,,,,,,,,,,,,,,,,,,,,,,,,,,,,,,,,,,,,,,,,,,,,3,,2,10,"9,0",144,2,Ferro Fibroso,Double,20,,17,45,Fusion Engine,Compra,NO
Shadow Hawk IIC 6 Shadow Hawk IIC,45,Medio,3069,1907,8536902,6,9,6,Clan,,,,,,1,,,1,2,,,,,,,,,,,,,,,,,,,,,,,,,,,,,,,,,,,,,,,,,,,,10,"9,0",144,2,Ferro Fibroso,Double,20,,12,18,XL Engine,Compra,NO
Shadow Hawk IIC 7 Shadow Hawk IIC,45,Medio,3080,1999,9402630,5,8,8,Clan,,,,,,,1,1,,1,,,,,,,,,,,,,,,,,,,,,,,,1,,,,,,,,,,,,,,,,,,,,10,"9,6",153,2,Ferro Fibroso,Double,20,,25,31,XL Engine,Compra,NO
Shadow Hawk IIC 8 Shadow Hawk IIC,45,Medio,3081,1940,10937465,6,9,9,Clan,,,,,,,,1,,,,,2,,,,,,,1,,,,,,,,,,,,,,,,,,,,,,,,,,,,,,,,,,10,"9,0",144,2,Ferro Fibroso,Double,20,,30,38,XL Engine,Compra,NO
Shadow Hawk IIC 9 Shadow Hawk IIC,45,Medio,3134,1803,4974657,6,9,6,Clan,,,,,,,2,1,,,,,,,,,,,,,,,,,,,,,,,,,,1,,,,,,,,,,,,,,,,,,,,10,"9,0",144,2,Ferro Fibroso,Double,20,,26,30,Fusion Engine,Compra,NO
Shadow Hawk IIC  Shadow Hawk IIC,45,Medio,2831,1732,4703702,6,9,6,Clan,,,,,,1,1,,,2,,,,,,,,,,,,,,,,4,,,,,,,,,,,,,,,,,,,,,,,,,,,,10,"9,0",144,2,Ferro Fibroso,Double,20,,23,36,Fusion Engine,Compra,NO
Shadow Hawk SDH-2ELH Shadow Hawk,55,Medio,3025,1306,4915806,5,8,5,Inner Sphere,,,,2,,,,,,,,,,,1,,,,1,,,,,,,,,,,,,,,,,,,,,,,,,,,,,,,,,,,14,"9,5",152,2,Estandar,Single,14,,18,25,Fusion Engine,Compra,NO
Shadow Hawk SHD-11CS Shadow Hawk,55,Medio,3068,1700,10310165,5,8,5,Inner Sphere,,,,,,,2,,,,,,,,,,1,,,,1,,,,,,,,,,,,,,,,,,,,,,,,,,,,,,,,,10,"11,1",178,2,Ferro Fibroso,Double,20,,25,35,Light Fusion Engine,Compra,NO
Shadow Hawk SHD-12C Shadow Hawk,55,Medio,3079,1574,14436815,6,9,4,Inner Sphere,,,,,,,1,,,,,,,,,,,1,,,,,,,,,,,,,,,,,,,,,,,,,,,,,,,,,,,,12,"11,1",178,2,Ferro Fibroso,Double,24,,20,20,XL Engine,Compra,NO
Shadow Hawk SHD-1ELH Shadow Hawk,55,Medio,2803,1265,4856906,5,8,5,Inner Sphere,,,,1,,,,,,,,,,,1,,,,1,,,,,,,,,,,,,,,,,,,,,,,,,,,,,,,,,,,15,"9,5",152,2,Estandar,Single,15,,15,20,Fusion Engine,Compra,NO
Shadow Hawk SHD-2BL Shadow Hawk,55,Medio,3052,1657,5580706,5,8,5,Inner Sphere,,,,2,,,,,,,,,,,,,,,,,,,,,,,,1,,,,,,,,,,,,,,,,,,,,,,1,,,,10,"8,9",143,2,Ferro Fibroso,Double,20,,11,27,Fusion Engine,Compra,NO
Shadow Hawk SHD-2D Shadow Hawk,55,Medio,2796,899,4538756,5,8,3,Inner Sphere,,,,2,,,,,,,,,,,,,,,1,,,,2,,,,,,,,,,,,,,,1,,,,,,,,,,,,,,,,14,"4,5",72,2,Estandar,Single,14,,13,28,Fusion Engine,Compra,NO
Shadow Hawk SHD-2D2 Shadow Hawk,55,Medio,3052,1049,4579056,5,8,3,Inner Sphere,,,,2,,,,,,,,,,,,,,,1,,,,,,,2,,,,,,,,,,,,1,,,,,,,,,,,,,,,,12,"6,5",104,2,Estandar,Single,12,,13,28,Fusion Engine,Compra,NO
Shadow Hawk SHD-2ELH Shadow Hawk,55,Medio,2803,1265,4856906,5,8,5,Inner Sphere,,,,1,,,,,,,,,,,1,,,,1,,,,,,,,,,,,,,,,,,,,,,,,,,,,,,,,,,,15,"9,5",152,2,Estandar,Single,15,,15,20,Fusion Engine,Compra,NO
Shadow Hawk SHD-2H Shadow Hawk,55,Medio,2550,1064,4505556,5,8,3,Inner Sphere,,,,1,,,,,,,,,,,,,,,1,,,,1,,,,,,,,,,,,,,,1,,,,,,,,,,,,,,,,12,"9,5",152,2,Estandar,Single,12,,8,19,Fusion Engine,Compra,NO
Shadow Hawk SHD-2Hb Shadow Hawk,55,Medio,2760,1354,5394956,5,8,3,Inner Sphere,,,,2,,,,,,,,,,,,,,,,,,,,,,2,,,,,,,,,,,,,,,,,,,,,1,,,,,,,11,"9,5",152,2,Ferro Fibroso,Double,22,,12,28,Fusion Engine,Compra,NO
Shadow Hawk SHD-2Ht Shadow Hawk,55,Medio,3052,1453,5012656,5,8,5,Inner Sphere,,,,2,1,,,,,,,,,,,,,,,,,,,,,5,,,,,,,,,,,,,,,,,,,,,,,,,,,,10,"9,5",152,2,Estandar,Double,20,,24,38,Fusion Engine,Compra,NO
Shadow Hawk SHD-2K Shadow Hawk,55,Medio,2803,1147,4528306,5,8,3,Inner Sphere,,,,,,,,,,,,,,,1,,,,1,,,,,,,,,,,,,,,,,,,,,,,,,,,,,,,,,,,17,"9,5",152,2,Estandar,Single,17,,12,15,Fusion Engine,Compra,NO
Shadow Hawk SHD-3BL Shadow Hawk,55,Medio,3052,1836,10449256,5,8,5,Inner Sphere,,,,,,,2,,,,,,,,,,,,,,,,,,,,,1,,,,,,,,,,,,,,,,,,,,,,1,,,,11,"11,0",176,2,Estandar,Double,22,,15,27,XL Engine,Compra,NO
Shadow Hawk SHD-3K Shadow Hawk,55,Medio,3075,1591,5798406,5,8,5,Inner Sphere,,,,,,,1,,,,,,,,,,,1,,,,,,,,,,,,,,,,,,,,,,,,,,,,,,,,,,,,10,"9,9",158,2,Ferro Fibroso,Double,20,,20,20,Fusion Engine,Compra,NO
Shadow Hawk SHD-4BL Shadow Hawk,55,Medio,3052,1872,10286006,5,8,5,Inner Sphere,,,,,,,4,,,,,,,,,1,,,,,,,,,,,,,,,,,,,,,,,,,,,,,,,,,,,,,,17,"11,6",185,2,Estandar,Double,34,,35,30,XL Engine,Compra,NO
Shadow Hawk SHD-5D (Sandy) Shadow Hawk,55,Medio,3068,1517,5202006,5,8,5,Inner Sphere,,,,,,,,,,,,,,,1,,,1,,,,,,,,,,,,,,,,,,,,,,,,,,,,,,,,,,,,12,"9,5",152,2,Estandar,Double,24,,25,25,Fusion Engine,Compra,NO
Shadow Hawk SHD-5D Shadow Hawk,55,Medio,3066,1684,5580706,5,8,5,Inner Sphere,,,,2,,,,,,,,,,,,,,,,,,,,,,,1,,,,,,,,,,,,,,,,,,,,,,,1,,,,10,"10,6",170,2,Ferro Fibroso,Double,20,,10,23,Fusion Engine,Compra,NO
Shadow Hawk SHD-5H (Sandy) Shadow Hawk,55,Medio,3068,1517,5202006,5,8,5,Inner Sphere,,,,,,,,,,,,,,,1,,,1,,,,,,,,,,,,,,,,,,,,,,,,,,,,,,,,,,,,12,"9,5",152,2,Estandar,Double,24,,25,25,Fusion Engine,Compra,NO
Shadow Hawk SHD-5M Shadow Hawk,55,Medio,3048,1430,10245706,5,8,5,Inner Sphere,,,,1,,,,,,,,,,,,,,,,,,1,,,,1,,,,,,,,,,,,,,,,1,,,,,,,,,,,,10,"10,5",168,2,Estandar,Double,20,,12,34,XL Engine,Compra,NO
Shadow Hawk SHD-7CS Shadow Hawk,55,Medio,3066,1496,11645706,5,8,5,Inner Sphere,,,,,,,2,,,,,,,,,,,,,,1,,,,,,,,,,,,,,,,,,,,,1,,,,,,,,,,,,10,"10,5",168,2,Estandar,Double,20,,16,30,XL Engine,Compra,NO
Shadow Hawk SHD-7M Shadow Hawk,55,Medio,3066,1447,10256706,5,8,5,Inner Sphere,,,,1,,,,,,,,,,,,,,,,,1,,,,,1,,,,,,,,,,,,,,,,,,,,,,,,,1,,,10,"10,5",168,2,Estandar,Double,20,,11,39,XL Engine,Compra,NO
Shadow Hawk SHD-8L Shadow Hawk,55,Medio,3080,1536,13860581,5,8,7,Inner Sphere,,,,,,,,,,,,,,,,,,,,,,,,,,,,,,,,,,,,,,,,,,,,,,,,,,,,,1,10,"9,5",152,2,Estandar,Double,20,,10,10,XL Engine,Compra,NO
Shadow Hawk SHD-9D Shadow Hawk,55,Medio,3070,1313,8965040,5,8,5,Inner Sphere,,,,,,,,,,1,,,,,,,,,,,,,,,,,,,,,,,,,,,,,,,,,,,,,,,,,,,,10,"11,6",185,2,Ferro Fibroso,Double,20,,4,6,Light Fusion Engine,Compra,NO
Shen Yi SHY-3B Shen Yi,65,Pesado,3086,1507,12422830,4,6,0,Inner Sphere,,,,,,,,1,,2,,,,,,,,,,,,,,,,,,,,2,,,,,,,,,,,,,,,,,,,,,,,,14,"13,0",208,2,Furtivo,Double,28,,32,60,XL Engine,Compra,NO
Shen Yi SHY-5B Shen Yi,65,Pesado,3093,1603,12552530,4,6,0,Inner Sphere,,,,,1,,,,,,,,,,,,,,,,,2,,,,,,,,,,,,,,,,,,,,,,,,,,,,,,,,12,"13,0",208,2,Furtivo,Double,24,,20,48,XL Engine,Compra,NO
Shiro SH-1V Shiro,75,Pesado,3135,2016,19205500,5,8,0,Mixed,,,,,,,,,,,,,,,,,,,,4,,,,,,,,,,,,,,,,,,,,,,,,,1,,,,,,,,,10,"10,5",168,2,Estandar,Double,20,,17,42,XL Engine,Compra,NO
Shiro SH-2P Shiro,75,Pesado,3135,2570,19536875,5,8,0,Mixed,,,,,,,,,,,,,,,,1,,,,4,,,,,,,,,,,,,,,,,,,,,,,,,,,,,,,,,,13,"14,4",231,2,Estandar,Double,26,,31,50,XL Engine,Compra,NO
Shiro SH-P rev Shiro,75,Pesado,3132,1298,17975500,5,8,0,Inner Sphere,,,,,,,,,,,,,,,,,,,,4,,,,,,,,,,,,,,,,,,,,,,,,,1,,,,,,,,,10,"9,5",152,2,Estandar,Double,20,,17,42,XL Engine,Compra,NO
Shockwave SKW-2F Shockwave,50,Medio,3082,1453,8577500,5,8,0,Inner Sphere,,,,,,,,1,,,,,,,,,,,,1,,,,,,,,,,,,,,,,,,,,,,,,,,,,,,1,,,,11,"10,0",160,2,Estandar,Double,22,,17,23,XL Engine,Compra,NO
Shockwave SKW-4G Shockwave,50,Medio,3083,1449,8501000,5,8,0,Inner Sphere,,,,,,,,,,,,,,,,,,,,1,,,,,,,,,,,,,,,,,,,,,,,,,,,,,,1,,,,10,"10,0",160,2,Estandar,Double,20,,5,15,XL Engine,Compra,NO
Shockwave SKW-6H Shockwave,50,Medio,3102,1364,8868500,5,8,0,Inner Sphere,,,,,,,,1,,,,,,,,,,,,1,,,,,,,,,,,,,,,,,,,,,,,1,,,,,,,,,,,10,"10,0",160,2,Estandar,Double,20,,20,28,XL Engine,Compra,NO
Shockwave SKW-8X Shockwave,50,Medio,3134,1065,8698500,5,8,0,Inner Sphere,,,,,,,,,,,,,,,,,,,,,,,,,,,,,,,,,,,,,,,,,,,1,,,,,,,,,,,10,"10,0",160,2,Estandar,Double,20,,4,10,XL Engine,Compra,NO
Shogun C Shogun,85,Asalto,2850,3032,9844050,3,5,3,Clan,,,,,,,,,,,,,,,,1,,,,,,2,,,,,,4,,,,,,,,,,,,,,,,,,,,,,,,,,16,"15,0",240,2,Ferro Fibroso,Double,32,,43,98,Fusion Engine,Compra,NO
Shogun SHG-2E Shogun,85,Asalto,3005,1823,7858100,3,5,3,Inner Sphere,,,,,,,,,,,,,,,1,,,,,,2,,,,2,,,,,,,,,,,,,,,,,,,,,,,,,,,,,17,"15,5",248,2,Estandar,Single,17,,28,64,Fusion Engine,Compra,NO
Shogun SHG-2F (Trisha) Shogun,85,Asalto,3071,1733,8280900,3,5,3,Inner Sphere,,,,,,,,,,,,,,,,,1,,,,,,,,2,,,,,,,,,,,,,,,,,,,,,2,,,,,,,,16,"15,5",248,2,Estandar,Single,16,,20,44,Fusion Engine,Compra,NO
Shogun SHG-2F Shogun,85,Asalto,3029,1804,8043100,3,5,3,Inner Sphere,,,,,,,,,,,,,,,,1,,,,,2,,,,2,,,,,,,,,,,,,,,,,,,,,,,,,,,,,17,"15,5",248,2,Estandar,Single,17,,33,64,Fusion Engine,Compra,NO
Shogun SHG-2H Shogun,85,Asalto,2775,2087,8901250,3,5,3,Inner Sphere,,,,1,,,,,,1,,,,,,1,,,,,2,,,,,4,,,,,,,,,,,,,,,,,,,,,,,,,,,,13,"16,2",259,2,Ferro Fibroso,Double,26,,40,67,Fusion Engine,Compra,NO
Shootist ST-8A Shootist,70,Pesado,2621,1507,6541228,4,6,0,Inner Sphere,,,1,,,,,1,,2,,,,,,,,,,,,,,,,,,,,,,,,,,,,,,1,,,,,,,,,,,,,,13,"13,4",215,2,Ferro Fibroso,Double,26,,28,43,Fusion Engine,Compra,NO
Shootist ST-8C Shootist,70,Pesado,3062,1528,7865103,4,6,0,Inner Sphere,,,,,,,2,1,,,,,,,,,,,,,,,,,,,,,,,,,,,,,,,,1,,,,,,,,,,,,,,13,"13,4",215,2,Ferro Fibroso,Double,26,,29,38,Fusion Engine,Compra,NO
Shootist ST-9C Shootist,70,Pesado,3066,1727,7874903,4,6,0,Inner Sphere,,,,,,,2,1,,,,,,,,,,,,,,,,,,,,,,,,,,,,,,,,,,,,,,,,,,,1,,,12,"13,4",215,2,Ferro Fibroso,Double,24,,23,33,Fusion Engine,Compra,NO
Shrike 2 Shrike,95,Asalto,3115,2846,26841970,4,6,4,Clan,,,,,,,2,,,,,,,,,,,,,1,,,,,,,,,,,,,,,,,,,,,,,2,,,,,,,,,,,11,"18,0",288,2,Ferro Fibroso,Single,11,,22,40,XL Engine,Compra,NO
Shrike 3 Shrike,95,Asalto,3116,3698,27051670,4,6,4,Clan,,,,,,,,2,,,,,,,,2,,,,1,,,,,,,,,,,,,,,,,,,,,,,,,,,,,,,,,,17,"18,0",288,2,Ferro Fibroso,Single,17,,58,46,XL Engine,Compra,NO
Shrike SHK-VP-A Shrike,95,Asalto,3132,2718,26209607,4,6,4,Clan,,,,,,,2,,,,,,,,,,,,,1,,,,,,,,,,,,,,,,,,,,,,,2,,,,,,,,,,,13,"18,0",288,2,Ferro Fibroso,Double,26,,22,40,XL Engine,Compra,NO
Shrike  Shrike,95,Asalto,3113,2969,26738170,4,6,4,Clan,,,,,,,,2,,,,,,,,,,,,1,,,,,,,,,,,,,,,,,,,,,,2,,,,,,,,,,,,12,"18,0",288,2,Ferro Fibroso,Single,12,,30,36,XL Engine,Compra,NO
Shugenja SJA-7D Shugenja,75,Pesado,3060,1656,17737500,4,6,0,Inner Sphere,,,,,2,,,,,,,,,,,1,,,,,,,,,,,,,,,1,,,,,,,,,,,,,,,,,,,,,,,15,"14,4",231,2,Ferro Fibroso,Double,30,,41,56,XL Engine,Compra,NO
Shugenja SJA-8H Shugenja,75,Pesado,3069,1692,17221250,4,6,0,Inner Sphere,,,,,,,,,,,,,,,2,1,,,,,,,,,,,,,,,1,,,,,,,,,,,,,,,,,,,,,,,11,"14,4",231,2,Estandar,Double,22,,45,60,Light Fusion Engine,Compra,NO
Shugosha LAW-QM1 Q-Mech Shugosha,20,Ligero,3051,161,784385,2,3,0,Inner Sphere,,,,,1,,,,,,,,,,,,,,,,,,,,,,,,,,,,,,,,,,,,,,,,,,,,,,,,,10,"2,2",36,2,Estandar,Single,10,,8,8,Fusion Engine,Compra,NO
Shugosha LAW-QM2 Q-Mech Shugosha,20,Ligero,3051,157,824885,2,3,0,Inner Sphere,,,,2,,,,,,,,,,,,,,,1,,,,,,,,,,,,,,,,,,,,,,,,,,,,,,,,,,,10,"2,2",36,2,Estandar,Single,10,,8,15,Fusion Engine,Compra,NO
Shugosha LAW-QM3 Q-Mech Shugosha,20,Ligero,3051,189,889385,2,3,0,Inner Sphere,,,,,,,,,,,,,,,1,,,,,,,,,,,,,,,,,,,,,,,,,,,,,,,,,,,,,,,10,"2,2",36,2,Estandar,Single,10,,10,10,Fusion Engine,Compra,NO
Shugosha PTN-LAW LoaderMech Shugosha,20,Ligero,2627,102,754985,2,3,0,Inner Sphere,,,,,,,,,,,,,,,,,,,,,,,,,,,,,,,,,,,,,,,,,,,,,,,,,,,,,,10,"2,2",36,2,Estandar,Single,10,,0,0,Fusion Engine,Compra,NO
Sirocco SRC-3C Sirocco,95,Asalto,3060,2154,10113900,3,5,0,Inner Sphere,,,,,,,6,,,1,,,,,,,,,,,,,,,,,,,,,,,,,,,,,,,,,2,,,,,,,,,,,13,"19,3",309,4,Estandar,Double,26,,42,56,Fusion Engine,Compra,NO
Sirocco SRC-5C Sirocco,95,Asalto,3060,2107,10068550,3,5,0,Inner Sphere,,,,,,,4,,,1,,,,,,,,,,,,,,2,,,,,,,,,,,,,,,,,,,,,,,,,,,2,,,12,"19,3",309,4,Estandar,Double,24,,32,72,Fusion Engine,Compra,NO
Sirocco SRC-6C Sirocco,95,Asalto,3070,2202,12229450,3,5,5,Inner Sphere,,,,,,,4,1,,,,,,,,,,,,,,,,,,,,,,,,,,,,,,,,,,,,,,,,,,,1,,,10,"19,3",309,4,Ferro Fibroso,Double,20,,33,43,Fusion Engine,Compra,NO
Sling SL-1G Sling,25,Ligero,2766,578,3262083,7,11,6,Inner Sphere,,,,,,,,,,,,,,,,,,,3,,,,,,,,,,,,,,,,,,,,,,,,,,,,,,,,,,,10,"3,3",53,2,Ferro Fibroso,Single,10,,6,15,XL Engine,Compra,NO
Sling SL-1H Sling,25,Ligero,2766,731,3319583,7,11,6,Inner Sphere,,,,2,,,,,,1,,,,,,,,,,,,,,,,,,,,,,,,,,,,,,,,,,,,,,,,,,,,12,"5,6",89,2,Ferro Fibroso,Single,12,,10,16,XL Engine,Compra,NO
Snake (Arthur) Snake,45,Medio,3068,1477,8629920,5,8,5,Inner Sphere,,,,,,,,,,,,,,,,1,,,1,,,,,,,,,,,,,,,,,,,,,,,,,,,,,,,,,,,13,"9,0",144,2,Furtivo,Double,26,,17,15,XL Engine,Compra,NO
Snake SNK-1V (Alexi) Snake,45,Medio,3057,1316,7272970,5,8,5,Inner Sphere,,,,,,,,2,,,,,,,,,,,,,,,,,,3,,,,,,,,,,,,,,,,,,,,,,,,,,,,12,"9,0",144,2,Estandar,Double,24,,30,28,XL Engine,Compra,NO
Snake SNK-1V (Arthur) Snake,45,Medio,3068,1477,8629920,5,8,5,Inner Sphere,,,,,,,,,,,,,,,,1,,,1,,,,,,,,,,,,,,,,,,,,,,,,,,,,,,,,,,,13,"9,0",144,2,Furtivo,Double,26,,17,15,XL Engine,Compra,NO
Snake SNK-1V Snake,45,Medio,3053,980,7267270,5,8,5,Inner Sphere,,,,,,,,,,,,,,,,,,,,,,,,,,3,,,,,,,,,,,,,,,,,,,,,1,,,,,,,11,"7,0",112,2,Estandar,Double,22,,8,22,XL Engine,Compra,NO
Snake SNK-2B Snake,45,Medio,3067,1081,7941520,5,8,5,Inner Sphere,,,,,,,,,,,,,,,,,,,,,,,,,,2,,,,,,,,,,,,,,,,,,,,,1,,,,,,,11,"7,0",112,2,Furtivo,Double,22,,6,18,XL Engine,Compra,NO
Snake SNK-2Br Snake,45,Medio,3070,1577,8094820,5,8,5,Inner Sphere,,,,,,,,,,,,,,,,,,,,,,,,,,2,,,,,,,,,,,,,,,,,,,,,,,,,,,2,10,"7,0",112,2,Furtivo,Double,20,,24,28,XL Engine,Compra,NO
Snow Fox 2 Snow Fox,20,Ligero,3015,604,1877199,8,12,0,Clan,,,,,,,,,,,,,,,,,,,,1,,,,,,,,,,,,,,,,,,,,,,,,,,,,,,,,,,10,"3,0",48,4,Ferro Fibroso,Single,10,,4,10,Fusion Engine,Compra,NO
Snow Fox 3 Snow Fox,20,Ligero,3072,903,3177000,9,14,0,Clan,,,,,,,1,,,,,,,,,,,,,,,,,,,,,,,,,,1,,,,,,,,,,,,,,,,,,2,,,10,"3,6",57,4,Ferro Fibroso,Double,20,,9,41,XL Engine,Compra,NO
Snow Fox  Snow Fox,20,Ligero,3015,807,1826199,8,12,0,Clan,,,,,,2,1,,,,,,,,,,,,,,,,,,,,,,,,,,,,,,,,,,,,,,,,,,,,,,,10,"4,6",73,4,Ferro Fibroso,Single,10,,9,11,Fusion Engine,Compra,NO
Sojourner  Sojourner,60,Pesado,3145,2491,12773600,4,6,3,Clan,,,,,,,,1,,2,3,,,1,,1,,,,,,2,,,,,,1,,,,,,,,,,,,,,,1,,,,,,1,,1,,1,10,"12,6",201,2,Ferro Fibroso,Double,20,,112,152,Fusion Engine,Compra,NO
Sokuryou SKU-181 SurveyMech Sokuryou,25,Ligero,3084,328,933583,4,6,0,Inner Sphere,,,,,,,,,,,,,,,,,,,,,,,,,,,,,,,,,,,,,,,,,,,,,,,,,,,,,,0,"5,5",88,2,Estandar,Single,0,,0,0,I.C.E. Engine,Compra,NO
Sokuryou SKU-197 SurveyMech Sokuryou,25,Ligero,3084,395,1675031,6,9,0,Inner Sphere,,,,,,,,,,,,,,,,,,,,,,,,,,,,,,,,,,,,,,,,,,,,,,,,,,,,,,10,"5,5",88,2,Estandar,Single,10,,0,0,Fusion Engine,Compra,NO
Sokuryou SKU-198 SurveyMech Sokuryou,25,Ligero,3085,581,1781281,6,9,0,Inner Sphere,,,,,,,2,,,,,,,,,,,,,,,,,,,,,,,,,,,,,,,,,,,,,,,,,,,,,,,10,"5,5",88,2,Estandar,Single,10,,10,10,Fusion Engine,Compra,NO
Solitaire 2 Solitaire,25,Ligero,3080,1471,4694583,10,15,0,Clan,,,,,,,,,,,,1,1,1,,,,,,,,,,,,,,,,,,,,,,,,,,,,,,,,,,,,,,,,10,"5,4",86,2,Ferro Fibroso,Double,20,,28,32,XL Engine,Compra,NO
Solitaire  Solitaire,25,Ligero,3064,1284,4507083,10,15,0,Clan,,,,,,,,,,,,1,2,1,,,,,,,,,,,,,,,,,,,,,,,,,,,,,,,,,,,,,,,,10,"5,4",86,2,Ferro Fibroso,Double,20,,35,42,XL Engine,Compra,NO
'Space Hound' ProspectorMech AM-PRM-SH1 'Space Hound' ProspectorMech,40,Medio,3047,465,1910828,4,6,1,Inner Sphere,,,1,,,,,,,,,,,,,,,,,,,,,,,,,,,,,,,,,,,,,,,,,,,,,,,,,,,10,"6,5",104,2,Estandar,Single,10,,1,3,Fusion Engine,Compra,NO
Spartan C Spartan,80,Asalto,2865,2514,21218640,5,8,0,Clan,,,,,,,,,,4,2,,,,,,,,,,,,,,,,2,,,,,,,,,,,,,,,,,,,,,,,,,,,14,"15,0",240,2,Ferro Fibroso,Double,28,,42,58,XL Engine,Compra,NO
Spartan SPT-N1 Spartan,80,Asalto,2765,1498,20333440,5,8,0,Inner Sphere,,,,,,,,,,3,,,,,,1,,,,,,,,,,2,,,,,,,,,,,,,,,,,,,,,,,,,,,,13,"14,0",224,2,Estandar,Single,13,,31,36,XL Engine,Compra,NO
Spartan SPT-N2 Spartan,80,Asalto,2765,1605,20463040,5,8,0,Inner Sphere,,,,,,,,,,3,,,,,,1,,,,,,,,,,2,,,,,,,,,,,,,,,,,,,,,,,,,,,,13,"14,0",224,2,Estandar,Double,26,,31,36,XL Engine,Compra,NO
Spartan SPT-N3 Spartan,80,Asalto,3064,1631,21769440,5,8,0,Inner Sphere,,,,,,,3,,,,,,,,,1,,,,,,,,,,2,,,,,,,,,,,,,,,,,,,,,,,,,,,,16,"14,0",224,2,Estandar,Double,32,,34,33,XL Engine,Compra,NO
Spartan SPT-NF Spartan,80,Asalto,2770,1605,20553040,5,8,0,Inner Sphere,,,,,,,,,,3,,,,,,1,,,,,,,,,,2,,,,,,,,,,,,,,,,,,,,,,,,,,,,13,"14,0",224,2,Estandar,Double,26,,31,36,XL Engine,Compra,NO
Spector SPR-4F Spector,35,Ligero,2750,1224,8756730,7,11,7,Inner Sphere,,,,2,1,,,,,,,,,,,,,,,,,,,,,,,,,,,,,,,,,,,,,,,,,,,,,,,,,10,"7,4",119,2,Estandar,Double,20,,14,18,XL Engine,Compra,NO
Spector SPR-5F-BL Spector,35,Ligero,3053,1101,6974280,8,12,8,Inner Sphere,,,,2,1,,,,,,,,,,,,,,,,,,,,,,,,,,,,,,,,,,,,,,,,,,,,,,,,,11,"5,5",88,2,Furtivo,Double,22,,14,18,XL Engine,Compra,NO
Spector SPR-5F Spector,35,Ligero,3053,1183,6136717,7,11,7,Inner Sphere,,,1,2,1,,,,,,,,,,,,,,,,,,,,,,,,,,,,,,,,,,,,,,,,,,,,,,,,,11,"7,4",119,2,Estandar,Double,22,,15,21,XL Engine,Compra,NO
Spector SPR-5S Spector,35,Ligero,3059,1155,6506212,7,11,7,Inner Sphere,,,1,,1,,,,,1,,,,,,,,,,,,,,,,,,,,,,,,,,,,,,,,,,,,,,,,,,,,11,"7,4",119,2,Furtivo,Double,22,,13,17,XL Engine,Compra,NO
Spector SPR-6F-BL Spector,35,Ligero,3053,1162,6878430,8,12,8,Inner Sphere,,,,4,,,,,,,,,,,,,,,,,,,,,,,,,,,,,,,,,,,,,,,,,,,,,,,,,,12,"5,0",80,2,Furtivo,Double,24,,12,20,XL Engine,Compra,NO
Spector SPR-9T Spector,35,Ligero,3068,958,8451630,10,15,0,Inner Sphere,,,,,,,,,,2,,,,,,,,,,,,,,,,,,,,,,,,,,,,,,,,,,,,,,,,,,,,10,"6,7",107,2,Ferro Fibroso,Double,20,,8,12,XL Engine,Compra,NO
Spector SPR-ST Spector,35,Ligero,3068,1438,6994980,7,11,0,Inner Sphere,,,,,,,2,1,,,,,,,,,,,,,,,,,,,,,,,,,,,,,,,,,,,,,,,,,,,,,,11,"7,4",119,2,Furtivo,Double,22,,22,18,XL Engine,Compra,NO
Sphinx 2 Sphinx,75,Pesado,3080,2753,19935125,5,8,0,Clan,,,,,,10,,2,,,,,,,,,,,,,,,,,,,,,,,,,,,,,,,,,,,,,,,,,,,,,,22,"13,5",216,2,Estandar,Double,44,,44,46,XL Engine,Compra,NO
Sphinx 3 Sphinx,75,Pesado,3091,3396,20802250,5,8,0,Clan,,,,,,,10,,,,,,,,,,,,,,,,,,,,,,,,,,,,,,,,,,,,,,,,,,,,,,,25,"13,5",216,2,Estandar,Double,50,,50,50,XL Engine,Compra,NO
Sphinx 4 Sphinx,75,Pesado,3091,1952,18000500,5,8,0,Clan,,,,,,,,,,,2,10,,,,,,,,,,,,,,,,,,,,,,,,,,,,,,,,,,,,,,,,,,24,"13,5",216,2,Estandar,Double,48,,50,78,XL Engine,Compra,NO
Sphinx  Sphinx,75,Pesado,3078,2883,19127500,5,8,0,Clan,,,,,,,10,2,,,,,,,,,,,,,,,,,,,,,,,,,,,,,,,,,,,,,,,,,,,,,,23,"13,5",216,2,Estandar,Double,46,,74,66,XL Engine,Compra,NO
Spider SDR-10K Spider,30,Ligero,3143,824,5303090,8,12,8,Inner Sphere,,,,,,,,,,,,,,,,,,,,,,,,,,,,,,,,,,,,,,,,,,,,,,,,,,,,,,10,"3,4",54,2,Estandar,Double,20,,0,0,XL Engine,Compra,NO
Spider SDR-5D Spider,30,Ligero,2853,524,2942290,8,12,8,Inner Sphere,1,,,1,,,,,,,,,,,,,,,,,,,,,,,,,,,,,,,,,,,,,,,,,,,,,,,,,,10,"3,5",56,2,Estandar,Single,10,,6,7,Fusion Engine,Compra,NO
Spider SDR-5K Spider,30,Ligero,2850,503,2728140,8,12,6,Inner Sphere,,2,,1,,,,,,,,,,,,,,,,,,,,,,,,,,,,,,,,,,,,,,,,,,,,,,,,,,10,"3,5",56,2,Estandar,Single,10,,3,9,Fusion Engine,Compra,NO
Spider SDR-5V Spider,30,Ligero,2650,622,2984540,8,12,8,Inner Sphere,,,,2,,,,,,,,,,,,,,,,,,,,,,,,,,,,,,,,,,,,,,,,,,,,,,,,,,10,"3,5",56,2,Estandar,Single,10,,6,10,Fusion Engine,Compra,NO
Spider SDR-7K Spider,30,Ligero,3067,752,4506840,8,12,8,Inner Sphere,,,,,,,,,,2,,,,,,,,,,,,,,,,,,,,,,,,,,,,,,,,,,,,,,,,,,,,10,"6,1",98,2,Ferro Fibroso,Double,20,,8,12,Light Fusion Engine,Compra,NO
Spider SDR-7K2 Spider,30,Ligero,3068,884,4480840,8,12,7,Inner Sphere,,,,,,,,1,,,,,,,,,,,,,,,,,,,,,,,,,,,,,,,,,,,,,,,,,,,,,,10,"5,6",89,2,Ferro Fibroso,Double,20,,12,8,Light Fusion Engine,Compra,NO
Spider SDR-7KC Spider,30,Ligero,3070,732,4870840,8,12,8,Inner Sphere,,,,,,,,,,,,,,,1,,,,,,,,,,,,,,,,,,,,,,,,,,,,,,,,,,,,,,,10,"6,1",98,2,Ferro Fibroso,Double,20,,10,10,Light Fusion Engine,Compra,NO
Spider SDR-7Kr Spider,30,Ligero,3074,775,5403840,8,12,8,Inner Sphere,,,,,,,,,,1,,,,,,,,,,,,,,,,,,,,,,,,,,,,,,,,,,,,,,,,,,,,10,"6,1",98,2,Ferro Fibroso,Double,20,,4,6,Light Fusion Engine,Compra,NO
Spider SDR-7M Spider,30,Ligero,3051,621,3115840,8,12,8,Inner Sphere,,,,,,,,,,2,,,,,,,,,,,,,,,,,,,,,,,,,,,,,,,,,,,,,,,,,,,,10,"3,3",53,2,Ferro Fibroso,Single,10,,8,12,Fusion Engine,Compra,NO
Spider SDR-8K Spider,30,Ligero,3084,1007,6690840,8,12,8,Inner Sphere,,,,,,,,,,,,,,,,,1,,,,,,,,,,,,,,,,,,,,,,,,,,,,,,,,,,,,,10,"4,4",71,2,Ferro Fibroso,Double,20,,10,10,XL Engine,Compra,NO
Spider SDR-8M Spider,30,Ligero,3060,621,3193840,8,12,8,Inner Sphere,,,,,,,,,,2,,,,,,,,,,,,,,,,,,,,,,,,,,,,,,,,,,,,,,,,,,,,10,"3,3",53,2,Ferro Fibroso,Double,20,,8,12,Fusion Engine,Compra,NO
Spider SDR-8R Spider,30,Ligero,3084,694,5678140,7,11,10,Inner Sphere,,,,,,,2,,,,,,,,,,,,,,,,,,,,,,,,,,,,,,,,,,,,,,,,,,,,,,,10,"3,5",56,2,Estandar,Double,20,,10,10,Light Fusion Engine,Compra,NO
Spider SDR-8X Spider,30,Ligero,3078,765,5202340,8,12,8,Inner Sphere,,,,,,,,,,2,,,,,,,,,,,,,,,,,,,,,,,,,,,,,,,,,,,,,,,,,,,,10,"6,0",96,2,Estandar,Double,20,,8,12,XL Engine,Compra,NO
Spider SDR-8Xr Spider,30,Ligero,3103,754,5138965,8,12,8,Inner Sphere,,,,,,5,,,,,,,,,,,,,,,,,,,,,,,,,,,,,,,,,,,,,,,,,,,,,,,,10,"6,0",96,2,Estandar,Double,20,,10,15,XL Engine,Compra,NO
Spider SDR-C Spider,30,Ligero,3054,616,3414840,8,12,8,Inner Sphere,,,,1,,,,,,1,,,,,,,,,,,,,,,,,,,,,,,,,,,,,,,,,,,,,,,,,,,,10,"3,3",53,2,Ferro Fibroso,Single,10,,7,11,Fusion Engine,Compra,NO
Spindrift SDT-1A Aquatic SecurityMech Spindrift,30,Ligero,3083,465,1642510,4,6,4,Inner Sphere,,,,,,1,,,,,,,,,,,,,,,,,,,,,,,,,,,,,,,,,,,,,,,,,,,,,,,,10,"5,5",88,2,Estandar,Single,10,,2,3,Fusion Engine,Compra,NO
Spirit 2 Spirit,35,Ligero,3068,1773,6246630,7,11,0,Clan,,,,,,,,1,,,,,,,,,,,,,,,,,,,,,,,,,,,,1,,,,,,,,,,,,,,,,,,10,"7,2",115,2,Ferro Fibroso,Double,20,,20,32,XL Engine,Compra,NO
Spirit  Spirit,35,Ligero,3063,1673,6548730,7,11,0,Clan,,,,,,,,1,,,,1,1,,,,,,,1,,,,,,,1,,,,,,,,,,,,,,,,,,,,,,,,,,,11,"7,2",115,2,Ferro Fibroso,Double,22,,29,42,XL Engine,Compra,NO
Stag II STG-24G Stag II,45,Medio,2823,1625,9156895,7,11,0,Inner Sphere,,,2,3,,,,,,2,,,,,,1,,,,,,,,,,,,,,,,,,,,,,,,,,,,,,,,,,,,,,12,"8,4",134,2,Ferro Fibroso,Double,24,,34,43,XL Engine,Compra,NO
Stag STG-14G Stag,45,Medio,2823,1351,8825050,6,9,0,Inner Sphere,,,,2,,,,1,,,,,,,,,,,,,,,,2,,,,,,,,,,,,,,,,,,,,,,,,,,,,,,12,"9,6",153,2,Estandar,Double,24,,24,34,XL Engine,Compra,NO
Stalker II STK-9A Stalker II,85,Asalto,3137,2261,11429625,3,5,0,Inner Sphere,,,,8,,,,,,,,,,,,,,,,2,,,,,,,,,,,,,,,,,,,,,,,,,,,,,,,,,,10,"13,5",216,2,Estandar,Double,20,,32,60,Fusion Engine,Compra,NO
Stalker STK-3F Jamison Stalker,85,Asalto,3054,2707,9479975,3,5,0,Clan,,,,,,,4,,,,2,,,,,,,,,,,2,,,,,,2,,,,,,,,,,,,,,,,,,,,,,,,,,18,"16,2",259,2,Ferro Fibroso,Double,36,,60,102,Fusion Engine,Compra,NO
Stalker STK-3F Stalker,85,Asalto,2594,1559,7366925,3,5,0,Inner Sphere,,,,4,2,,,,,,,,,,,,,,,2,,,,,2,,,,,,,,,,,,,,,,,,,,,,,,,,,,,20,"13,5",216,2,Estandar,Single,20,,44,80,Fusion Engine,Compra,NO
Stalker STK-3Fb Stalker,85,Asalto,2750,2029,8805625,3,5,0,Inner Sphere,,,,4,,,,2,,,,,,,,,,,,,2,,,,,,,,,,,,,,,,,,,,,,,,,,,,,,,,,17,"15,5",248,2,Estandar,Double,34,,46,66,Fusion Engine,Compra,NO
Stalker STK-3H Stalker,85,Asalto,2638,1624,7551925,3,5,0,Inner Sphere,,,,4,,,,,,,,,,,,,,,,,,2,,,2,,,,,,,,,,,,,,,,,,,,,,,,,,,,,20,"13,5",216,2,Estandar,Single,20,,32,84,Fusion Engine,Compra,NO
Stalker STK-4H-BL Stalker,85,Asalto,3070,1783,16617825,3,5,0,Inner Sphere,,,,,,,,,,4,,,,,,,,,,,,2,,,,,,2,,,,,,,,,,,,,,,,,,,,,,,,,,14,"15,0",240,2,Estandar,Double,28,,36,88,XL Engine,Compra,NO
Stalker STK-4N Stalker,85,Asalto,2876,1558,7174125,3,5,0,Inner Sphere,,,,4,2,,,,,,,,,,,,,,,1,,,,,2,,,,,,,,,,,,,,,,,,,,,,,,,,,,,26,"13,5",216,2,Estandar,Single,26,,40,70,Fusion Engine,Compra,NO
Stalker STK-4P Stalker,75,Pesado,2998,1461,6117125,3,5,0,Inner Sphere,,,,4,2,,,,,,,,,,,,,,,1,,,,,2,,,,,,,,,,,,,,,,,,,,,,,,,,,,,20,"13,5",216,2,Estandar,Single,20,,40,70,Fusion Engine,Compra,NO
Stalker STK-5M Stalker,85,Asalto,3050,1655,7968125,3,5,0,Inner Sphere,,,,4,,,,1,,,,,,,,,,,,2,,,,,2,,,,,,,,,,,,,,,,,,,,,,,,,,,,,17,"14,5",232,2,Estandar,Double,34,,40,72,Fusion Engine,Compra,NO
Stalker STK-5S Stalker,85,Asalto,3050,1423,16036175,3,5,0,Inner Sphere,,,,4,,,,,,,2,,,,,,,,,2,,,,,2,,,,,,,,,,,,,,,,,,,,,,,,,,,,,20,"13,5",216,2,Estandar,Single,20,,48,82,XL Engine,Compra,NO
Stalker STK-6M Stalker,85,Asalto,3062,2029,8811725,3,5,0,Inner Sphere,,,,,,,5,1,,,,,,,,,,,,,2,,,,,,,,,,,,,,,,,,,,,,,,,,,,,,,,,18,"16,4",263,2,Estandar,Double,36,,47,63,Fusion Engine,Compra,NO
Stalker STK-7C3BS Stalker,85,Asalto,3075,1712,9331975,3,5,0,Inner Sphere,,,,,,,,,,4,,,,,,2,,,,,,,,,,,,,,,,,,,,,,,,,,,,,,,,,,,,,,18,"13,5",216,2,Estandar,Double,36,,46,44,Fusion Engine,Compra,NO
Stalker STK-7D Stalker,85,Asalto,3062,1872,8249037,3,5,0,Inner Sphere,,,1,,,,,,,4,,,,,,2,,,,,,,,,,,2,,,,,,,,,,,,,,,,,,,,,,,,,,,18,"13,5",216,2,Estandar,Double,36,,53,63,Fusion Engine,Compra,NO
Stalker STK-8S Stalker,85,Asalto,3064,2020,14021025,3,5,0,Inner Sphere,,,,,,,2,,,2,,,,,,2,,,,,,,,,,,,,,,,,,,,,,,,,,,,,,,,,,,,1,,16,"13,5",216,2,Estandar,Double,32,,49,67,Light Fusion Engine,Compra,NO
Stalking Spider 2 Stalking Spider,50,Medio,3060,2056,5843000,5,8,5,Clan,,,,,,,,,,2,,,,1,,,,,,,,,,,,,,,,,,,,,,,,,,,,,,,,,,,,,,,,12,"9,6",153,4,Ferro Fibroso,Double,24,,26,28,Fusion Engine,Compra,NO
Stalking Spider 3 Stalking Spider,50,Medio,3072,1643,6656000,5,8,8,Clan,,,,,,,,,,2,,2,,,,,,,,,,,,,1,,,,,,,,,,,,,,,,,,,,,,,,,,,,,11,"10,8",172,4,Ferro Fibroso,Double,22,,18,36,Fusion Engine,Compra,NO
Stalking Spider II  Stalking Spider II,45,Medio,3110,1362,4347050,5,8,5,Clan,,2,,,,,,,,,,,,1,,,,,,,,,,2,,,,,,,,,,,,,,,,,,,,,,,,,,,,,,13,"9,5",152,4,Estandar,Double,26,,24,36,Fusion Engine,Compra,NO
Stalking Spider  Stalking Spider,50,Medio,3059,2232,5786000,5,8,5,Clan,,,,,,,,,,2,,,,,,1,,,,,,,,2,,,,,,,,,,,,,,,,,,,,,,,,,,,,,,11,"9,6",153,4,Ferro Fibroso,Double,22,,29,38,Fusion Engine,Compra,NO
Starslayer STY-2C-EC Starslayer,50,Medio,2823,1419,4962125,5,8,5,Mixed,,,,,2,1,2,,,,,,,,,,,,,,,,,,,,1,,,,,,,,,,,,,,,,,,,,,,,,,,,11,"7,8",125,2,Ferro Fibroso,Double,22,,31,37,Fusion Engine,Compra,NO
Starslayer STY-2C Starslayer,50,Medio,2772,1365,4695125,5,8,5,Inner Sphere,,,1,2,2,,,,,,,,,,,,,,,,,,,1,,,,,,,,,,,,,,,,,,,,,,,,,,,,,,11,"7,8",125,2,Ferro Fibroso,Double,22,,26,37,Fusion Engine,Compra,NO
Starslayer STY-3C Starslayer,50,Medio,3056,1508,4860125,5,8,5,Inner Sphere,,,1,2,2,,,,,,,,,,,,,,,,,,,1,,,,,,,,,,,,,,,,,,,,,,,,,,,,,,11,"10,6",169,2,Ferro Fibroso,Double,22,,26,37,Fusion Engine,Compra,NO
Starslayer STY-3D Starslayer,50,Medio,3060,1593,5020250,5,8,5,Inner Sphere,,,,3,1,,,,,,,,,,,1,,,,,,,,,,,,,,,,,,,,,,,,,,,,,,,,,,,,,,12,"10,6",169,2,Ferro Fibroso,Double,24,,32,33,Fusion Engine,Compra,NO
Starslayer STY-3Dr Starslayer,50,Medio,3075,1781,6089000,5,8,5,Inner Sphere,,,,3,,,,,,,,,,,,,,1,,,,,,,,,,,,,,,,,,,,,,,,,,,,,,,,,,,,12,"10,6",169,2,Ferro Fibroso,Double,24,,24,30,Fusion Engine,Compra,NO
Stealth STH-1D (Anna) Stealth,45,Medio,3065,1540,10498290,7,11,7,Inner Sphere,,,,4,,,,,,2,,,,,,,,,,,,,,,,,,,,,,,,,,,,,,,,,,,,,,,,,,,,10,"9,5",152,2,Estandar,Double,20,,20,32,XL Engine,Compra,NO
Stealth STH-1D Stealth,45,Medio,3054,1231,10419790,7,11,7,Inner Sphere,,,,2,,,,,,,,,,,,,,,,,,,,,1,1,,,,,,,,,,,,,,,,,,,,,,,,,,,,10,"9,0",144,2,Estandar,Double,20,,12,26,XL Engine,Compra,NO
Stealth STH-2D Stealth,45,Medio,3061,1508,10661040,7,11,7,Inner Sphere,,,,,,,3,,,,,,,,,,,,,,,,,,,,,1,,,,,,,,,,,,,,,,,,,,,,,,,,10,"9,0",144,2,Estandar,Double,20,,19,27,XL Engine,Compra,NO
Stealth STH-2D1 Stealth,45,Medio,3062,1339,10907540,7,11,7,Inner Sphere,,,,,,,2,,,,,,,,,,,,,,,,,,,,,1,,,,,,,,,,,,,,,,,,,,,,,,,,10,"9,0",144,2,Estandar,Double,20,,14,22,XL Engine,Compra,NO
Stealth STH-2D2 Stealth,45,Medio,3062,1339,10617540,7,11,7,Inner Sphere,,,,,,,2,,,,,,,,,,,,,,,,,,,,,1,,,,,,,,,,,,,,,,,,,,,,,,,,10,"9,0",144,2,Estandar,Double,20,,14,22,XL Engine,Compra,NO
Stealth STH-3S Stealth,45,Medio,3067,1577,11086990,7,11,7,Inner Sphere,,,,,,,,,,,,,,,,1,,,,,,,,,,,,,,,,,,,,,,,,,,,,,,,,,,,,,,11,"9,5",152,2,Furtivo,Double,22,,15,10,XL Engine,Compra,NO
Stiletto STO-4A Stiletto,35,Ligero,3061,859,5251125,8,12,0,Inner Sphere,,,,,,,,,,,,,,,,,,,1,,,,,,,2,,,,,,,,,,,,,,,,,,,,,,,,,,,,10,"6,7",107,2,Ferro Fibroso,Double,20,,6,13,Light Fusion Engine,Compra,NO
Stiletto STO-4B Stiletto,35,Ligero,3063,1164,5501250,8,12,0,Inner Sphere,1,,,,,,2,1,,,,,,,,,,,,,,,,,,,,,,,,,,,,,,,,,,,,,,,,,,,,,,10,"6,1",98,2,Ferro Fibroso,Double,20,,25,20,Light Fusion Engine,Compra,NO
Stiletto STO-4C Stiletto,35,Ligero,3076,941,5233875,8,12,0,Inner Sphere,,,,,,,2,,,,,,,,,,,,,,,,,,,,,,,,,,,,,,,,,,,,,,,,,,,,,,,10,"7,2",116,2,Ferro Fibroso,Double,20,,10,10,Light Fusion Engine,Compra,NO
Stiletto STO-6S Stiletto,35,Ligero,3083,1171,4290660,7,11,0,Inner Sphere,,,,,,,4,,,,,,,,,,,,,,,,,,,,,,,,,,,,,,,,,,,,,,,,,,,,,,,10,"7,2",116,2,Ferro Fibroso,Double,20,,20,20,Fusion Engine,Compra,NO
Stinger IIC  Stinger IIC,20,Ligero,3085,730,2198040,6,9,6,Clan,,,,,,,,,,,,,2,,,,,,,,,,,,,,,,,,,,,,,,,,,,,,,,,,,,,,1,,,10,"4,2",67,2,Ferro Fibroso,Double,20,,15,35,Fusion Engine,Compra,NO
Stinger STG-3G Stinger,20,Ligero,2581,497,1662240,6,9,6,Inner Sphere,,,,2,,,,,,,,,,,,,,,,,,,,,,,,,,,,,,,,,,,,,,,,,,,,,,,,,,10,"4,0",64,2,Estandar,Single,10,,6,10,Fusion Engine,Compra,NO
Stinger STG-3Gb Stinger,20,Ligero,2750,674,2596939,7,11,7,Inner Sphere,,,1,3,,,,,,,,,,,,,,,,,,,,,,,,,,,,,,,,,,,,,,,,,,,,,,,,,,10,"4,3",69,2,Estandar,Double,20,,10,18,XL Engine,Compra,NO
Stinger STG-3P Stinger,20,Ligero,3068,489,1775040,6,9,6,Inner Sphere,,,,,,,,,,,,,,,1,,,,,,,,,,,,,,,,,,,,,,,,,,,,,,,,,,,,,,,10,"4,0",64,2,Estandar,Single,10,,10,10,Fusion Engine,Compra,NO
Stinger STG-3R Stinger,20,Ligero,2479,359,1615240,6,9,6,Inner Sphere,,2,,1,,,,,,,,,,,,,,,,,,,,,,,,,,,,,,,,,,,,,,,,,,,,,,,,,,10,"3,0",48,2,Estandar,Single,10,,3,9,Fusion Engine,Compra,NO
Stinger STG-4BM Stinger,20,Ligero,3039,489,2321040,6,9,6,Inner Sphere,,,,,,,,,,2,,,,,,,,,,,,,,,,,,,,,,,,,,,,,,,,,,,,,,,,,,,,10,"4,3",69,2,Estandar,Single,10,,8,12,XL Engine,Compra,NO
Stinger STG-5G Stinger,20,Ligero,3076,614,2737039,7,11,6,Inner Sphere,,,,,,,,,,,,,,,1,,,,,,,,,,,,,,,,,,,,,,,,,,,,,,,,,,,,,,,10,"4,3",69,2,Estandar,Double,20,,10,10,XL Engine,Compra,NO
Stinger STG-5M Stinger,20,Ligero,3052,432,1768040,6,9,6,Inner Sphere,1,,,1,,,,,,,,,,,,,,,,,,,,,,,,,,,,,,,,,,,,,,,,,,,,,,,,,,10,"3,5",56,2,Estandar,Single,10,,6,7,Fusion Engine,Compra,NO
Stinger STG-5R Stinger,20,Ligero,3067,492,1758240,6,9,6,Inner Sphere,,,,,,,1,,,,,,,,,,,,,,,,,,,,,,,,,,,,,,,,,,,,,,,,,,,,,,,10,"3,3",53,2,Ferro Fibroso,Single,10,,5,5,Fusion Engine,Compra,NO
Stinger STG-5T Stinger,20,Ligero,3068,341,2331240,6,9,6,Inner Sphere,,,,,,,,,,,,,,,,,,,,,,,,,,,,,,,,,,,,,,,,,,,,,,,,,,,,,,10,"3,3",53,2,Ferro Fibroso,Single,10,,0,0,XL Engine,Compra,NO
Stinger STG-6L Stinger,20,Ligero,3067,680,2116240,8,12,0,Inner Sphere,,,,2,,,,,,,,,,,,,,,,,,,,,,,,,,,,,,,,,,,,,,,,,,,,,,,,,,10,"4,3",69,2,Furtivo,Double,20,,6,10,Fusion Engine,Compra,NO
Stinger STG-6S Stinger,20,Ligero,3069,478,2396890,7,11,7,Inner Sphere,,2,,,,,1,,,,,,,,,,,,,,,,,,,,,,,,,,,,,,,,,,,,,,,,,,,,,,,10,"3,7",59,2,Ferro Fibroso,Single,10,,5,9,Light Fusion Engine,Compra,NO
Stinger STG-7S Stinger,20,Ligero,3077,382,2850240,6,9,8,Inner Sphere,,,,,,,1,,,,,,,,,,,,,,,,,,,,,,,,,,,,,,,,,,,,,,,,,,,,,,,10,"3,0",48,2,Estandar,Single,10,,5,5,XL Engine,Compra,NO
Stone Rhino (Behemoth) 2 Stone Rhino (Behemoth),100,Asalto,3061,3107,23960000,3,5,3,Clan,,,,,,,,,,,,2,4,2,,,,,,,,,,,,,,,,,,,,,,,,,,,,,,,,,,,,,2,,,16,"19,0",304,2,Estandar,Double,32,,72,114,XL Engine,Compra,NO
Stone Rhino (Behemoth) 3 Stone Rhino (Behemoth),100,Asalto,3068,3072,23192000,3,5,3,Clan,,,,,,,,,,,4,,,,,,,,,,,,,,,,,,,,,,,,2,,,,,,,,,,,,,,,,,,,21,"19,0",304,2,Estandar,Double,42,,52,72,XL Engine,Compra,NO
Stone Rhino (Behemoth) 4 Stone Rhino (Behemoth),100,Asalto,2846,2601,23428000,3,5,3,Clan,,4,,,,,4,,,,,,,,,,,,,4,,,,,,,,,,,,,,,,,,,,,,,2,,,,,,,,,,,17,"16,5",264,2,Estandar,Single,17,,44,88,XL Engine,Compra,NO
Stone Rhino (Behemoth) 5 Stone Rhino (Behemoth),100,Asalto,2825,2157,28995333,4,6,0,Clan,,,,,,,6,,,,,,,,,,,,,,,,,,,,,,,,,,,,,,,,,,,,,,,4,,,,,,,,12,"16,5",264,2,Estandar,Double,24,,34,50,XL Engine,Compra,NO
Stone Rhino (Behemoth) 6 Stone Rhino (Behemoth),100,Asalto,2999,2981,28011833,4,6,2,Clan,,,,,,1,,,,14,,,,,,,,,,,,,,,,,,,,,,,,,,,,,,,,,,,,,,,,,,,,18,"19,2",307,2,Ferro Fibroso,Double,36,,58,87,XL Engine,Compra,NO
Stone Rhino (Behemoth) 7 Stone Rhino (Behemoth),100,Asalto,3001,2916,10344000,3,5,3,Clan,,,,,,,,3,1,,2,,,,,,,,,,,,,,,,,,,,,,,,,,,,,,,,,,,,,,,,,,,26,"18,0",288,2,Estandar,Double,52,,58,45,Fusion Engine,Compra,NO
Stone Rhino (Behemoth) 8 Stone Rhino (Behemoth),100,Asalto,3128,2804,10272000,3,5,0,Clan,,,,,,,,,1,,2,,,,,,,,,,,,,,,,,,,,,,,,,,,,,,,,,,,,,,,,2,,,10,"18,0",288,2,Estandar,Double,20,,24,51,Fusion Engine,Compra,NO
Stone Rhino (Behemoth)  Stone Rhino (Behemoth),100,Asalto,2847,3001,10432000,3,5,3,Clan,,,,,,,,,1,,2,,,,,,,,,,,,,,,,,,,,,,,,,,,,,,,,,,,,,,,,2,,,10,"18,0",288,2,Estandar,Double,20,,24,51,Fusion Engine,Compra,NO
Stooping Hawk  Stooping Hawk,55,Medio,2900,2147,7195320,5,8,5,Clan,,,,,,1,12,4,,4,,1,5,,,2,,,,,3,,,,,,2,,,,,,3,,,,,,,,,,1,,,,1,,,,,,,10,"10,8",172,2,Ferro Fibroso,Double,20,,227,294,Fusion Engine,Compra,NO
Storm Giant 2 Storm Giant,100,Asalto,2862,2891,29789333,4,6,0,Clan,,,,,,,1,2,,,,,,,,,,,,,,2,,,,,,,,,,,,,,,,,,,,,,1,,,,,,,,,,18,"18,6",297,2,Ferro Fibroso,Double,36,,49,81,XL Engine,Compra,NO
Storm Giant  Storm Giant,100,Asalto,2862,2676,29201333,4,6,0,Clan,,,,,,,,,,,,,,,,,,,,,,2,,,,,,2,,,,,,,,,,,,,,,,1,,,,,,,,,,17,"18,5",296,2,Estandar,Double,34,,28,84,XL Engine,Compra,NO
Storm Raider STM-R1 Storm Raider,35,Ligero,3097,593,5104410,6,9,0,Inner Sphere,,,,,,,,,,,,,,,,,,,,,,,,,,,,,,,,,,,,,,,1,,,,,,,,,,,,,,,10,"5,0",80,2,Estandar,Single,10,,3,10,XL Engine,Compra,NO
Storm Raider STM-R2 Storm Raider,35,Ligero,3098,671,5683410,6,9,0,Inner Sphere,,,,,,,,,,,,,,,,,,,,,,,,,,,,,,,,,,,,,,,,,,1,,,,,,,,,,,,10,"5,0",80,2,Estandar,Single,10,,1,5,XL Engine,Compra,NO
Storm Raider STM-R3 Storm Raider,35,Ligero,3106,791,5661660,6,9,0,Inner Sphere,,,,,,,,,,,,,,,,,,,,,,,,,,,,,,,,,,,,,,,,,,,,,,,,,1,,,,,10,"7,0",112,2,Estandar,Single,10,,1,2,XL Engine,Compra,NO
Storm Raider STM-R4 Storm Raider,35,Ligero,3108,732,5398410,6,9,0,Inner Sphere,,,,,,,,,,,,,,,,,,,,,,,,,,,,,,,,,,,,,,,,,,,,,,,,,1,,,,,10,"7,4",119,2,Estandar,Single,10,,1,2,XL Engine,Compra,NO
Stormcrow (Ryoken)  Stormcrow (Ryoken),55,Medio,2930,2073,14771112,6,9,6,Clan,,,,,,6,34,6,2,10,3,,6,3,,,,,2,,2,4,2,,,,,6,,,,,,,4,,,,,,,,,1,,2,1,,,,6,,2,10,"11,4",182,2,Ferro Fibroso,Double,20,,546,839,XL Engine,Compra,NO
Strider 0 Model Salazar Strider 0 Model,40,Medio,3070,1172,3590400,6,9,0,Inner Sphere,,,,6,,,,,,,,,,,,,,,,,,,,,,2,,,,,,,,,,,,,,,,,,,,,,,,,,,,11,"8,6",137,2,Estandar,Double,22,,22,38,Fusion Engine,Compra,NO
Strider A Model Salazar Strider A Model,40,Medio,3070,1179,3821959,6,9,0,Inner Sphere,,,,5,,,,,,,,,,,,,,,,,,,,,,2,,,,,,,,,,,,,,,,,,,,,,,,,,,,11,"8,5",136,2,Estandar,Double,22,,19,33,Fusion Engine,Compra,NO
Strider B Model Salazar Strider B Model,40,Medio,3070,921,3871999,6,9,0,Inner Sphere,,,,,,,,,,,,,,,,,,,,2,,,,,,,,,,,,,,,,,,,,,,,,,,,,,,,,,,10,"6,7",107,2,Ferro Fibroso,Double,20,,8,20,Fusion Engine,Compra,NO
Strider SR1-O-E-BL Strider,40,Medio,3070,1000,3755000,6,9,0,Inner Sphere,,,,,,,1,,,,,,,,,,,,,,,,,,,,,2,,,,,,,,,,,,,,,,,,,,,,,,,,10,"7,5",120,2,Estandar,Double,20,,13,29,Fusion Engine,Compra,NO
Strider SR1-O Strider,40,Medio,3057,867,5001437,6,9,6,Inner Sphere,,,3,3,1,2,,,,4,,,,,,,,,2,4,,,,,2,2,2,4,,,,,,,,,,,,,,,,,,,,,,,,,,10,"7,5",120,2,Estandar,Single,10,,94,208,Fusion Engine,Compra,NO
Striker STC-2C Striker,80,Asalto,2571,1488,7717620,4,6,0,Inner Sphere,,,,3,1,,,,,,,,,,1,,,,,,,,,,,,,,,,,,,,,,,1,,,,,,,,,,,,,,,,15,"13,5",216,2,Estandar,Single,15,,28,38,Fusion Engine,Compra,NO
Striker STC-2D Striker,80,Asalto,3056,1644,8045220,4,6,0,Inner Sphere,,,,,1,,,,,2,,,,,,1,,,,,,,,,,,,,,,,,,,,,,1,,,,,,,,,,,,,,,,12,"15,4",247,2,Estandar,Double,24,,32,35,Fusion Engine,Compra,NO
Striker STC-2S Striker,80,Asalto,2845,1466,7680120,4,6,0,Inner Sphere,,,,3,,,,,,,,,,,1,,,,,,,,,,,,,,,,,,,,,,,,1,,,,,,,,,,,,,,,15,"13,5",216,2,Estandar,Single,15,,22,35,Fusion Engine,Compra,NO
Striker STC-3S Striker,80,Asalto,3070,1936,18350720,4,6,0,Inner Sphere,,,,,,,5,,,,,,,,,1,,,,,,,,,,,,,,,,,,,,,,,,,,,,,,,1,,,,,,,17,"15,0",240,2,Estandar,Double,34,,42,45,XL Engine,Compra,NO
Striker STC-4S Striker,80,Asalto,3070,1731,18423320,4,6,0,Inner Sphere,,,,,,,,,,5,,,,,,,,,,,,,,,,,,,,,,,,,,,,,,,,,,,,,,1,,,,,,13,"14,5",232,2,Estandar,Double,26,,26,50,XL Engine,Compra,NO
Summoner (Thor)  Summoner (Thor),70,Pesado,2872,2298,21222833,5,8,5,Clan,,2,,,,2,9,4,,,4,2,4,2,,8,,,,1,2,2,,14,2,,,2,,,,,,1,,2,,,,,,2,,1,,,2,,,,11,,1,14,"11,4",182,2,Ferro Fibroso,Double,28,,463,802,XL Engine,Compra,NO
Sun Bear  Sun Bear,55,Medio,2966,2022,12630758,5,8,0,Clan,,,,,,,16,2,,2,,,,,,,,,,,,2,,,,,,,,,,,,,,,,,,,,,,1,,,,,,,,,,11,"10,5",168,2,Estandar,Double,22,,132,168,XL Engine,Compra,NO
Sun Cobra 2 Sun Cobra,55,Medio,3093,2394,11615700,6,9,0,Clan,,,,,,,,,,,,,,,,2,,,,,,,,,,,,,,,,,,,,,,,,,,,,,,,,,,,,,,16,"11,5",184,2,Estandar,Double,32,,30,20,XL Engine,Compra,NO
Sun Cobra  Sun Cobra,55,Medio,3074,1677,8805983,4,6,0,Clan,,,,,,,,,,,,,,,,,,,,,,,,,,,,,,,,,,,,,,,,,,,,,,,,,,,2,,,10,"8,0",128,2,Estandar,Double,20,,2,30,XL Engine,Compra,NO
Sunder SD1-O Sunder,90,Asalto,3054,1747,27591937,4,6,3,Inner Sphere,4,12,,5,2,,10,,,5,2,,,,2,3,2,,16,1,,1,,9,,,2,4,,,1,1,,,,,,,,1,,,,,,,2,2,,,1,,,15,"16,5",264,2,Estandar,Double,30,,355,652,XL Engine,Compra,NO
Supernova 2 Supernova,90,Asalto,3062,2741,10542800,3,5,3,Clan,,,,,,,,2,,,,,,,,,,,,,,,,,,,,,,,,,,,4,,,,,,,,,,,,,,,,,,,16,"17,0",272,2,Estandar,Double,32,,48,88,Fusion Engine,Compra,NO
Supernova 3 Supernova,90,Asalto,3064,3448,9507600,3,5,3,Clan,,,,,,,,2,,2,,,,,,2,,,,,,,,,,,,,,,,,,,,,,,,,,,,,,,,,,,,,,23,"17,0",272,2,Estandar,Double,46,,62,48,Fusion Engine,Compra,NO
Supernova 4 Supernova,90,Asalto,3067,3158,9355600,3,5,3,Clan,,,,,,,2,,,,4,,2,,,,,,,,,,,,,,,,,,,,,,,,,,,,,,,,,,,,,,,,,18,"17,0",272,2,Estandar,Double,36,,64,66,Fusion Engine,Compra,NO
Supernova  Supernova,90,Asalto,2846,2801,9329000,3,5,3,Clan,,,,,,,,6,,,,,,,,,,,,,,,,,,,,,,,,,,,,,,,,,,,,,,,,,,,,,,26,"14,5",232,2,Estandar,Double,52,,72,48,Fusion Engine,Compra,NO
Tai-sho TSH-7S Tai-sho,85,Asalto,3060,1774,13717700,3,5,0,Inner Sphere,,,,,,,,,,,,,,,,2,,,,,,,,,,,,,,,,,,,,,,,,,,,1,,,,,,,,,,,13,"16,4",263,2,Ferro Fibroso,Double,26,,34,30,Fusion Engine,Compra,NO
Tai-Sho TSH-8S Tai-Sho,85,Asalto,3073,2001,12330200,3,5,0,Inner Sphere,,,,,,,,,,,,,,,,,,2,,,,,,,,,,,,,,,,,,,,,,,,,1,,,,,,,,,,,13,"16,4",263,2,Ferro Fibroso,Double,26,,34,40,Fusion Engine,Compra,NO
Talon TLN-5V Talon,35,Ligero,2670,1075,5899275,8,12,0,Inner Sphere,,,,2,,,,,,,,,,,1,,,,,,,,,,,,,,,,,,,,,,,,,,,,,,,,,,,,,,,11,"7,4",119,2,Estandar,Double,22,,16,20,XL Engine,Compra,NO
Talon TLN-5W-EC Talon,35,Ligero,2823,1364,6034275,8,12,0,Mixed,,,,2,,,,,,,,,,,,1,,,,,,,,,,,,,,,,,,,,,,,,,,,,,,,,,,,,,,11,"7,4",119,2,Estandar,Double,22,,21,20,XL Engine,Compra,NO
Talon TLN-5W Talon,35,Ligero,2670,1175,6034275,8,12,0,Inner Sphere,,,,2,,,,,,,,,,,,1,,,,,,,,,,,,,,,,,,,,,,,,,,,,,,,,,,,,,,11,"7,4",119,2,Estandar,Double,22,,21,20,XL Engine,Compra,NO
Talon TLN-5Z Talon,35,Ligero,3061,1168,5322375,7,11,0,Inner Sphere,,,,,,,,2,,,,,,,,,,,,,,,,,,,,,,,,,,,,,,,,,,,,,,,,,,,,,,10,"7,4",119,2,Ferro Fibroso,Double,20,,24,16,Light Fusion Engine,Compra,NO
Talon TLN-6W Talon,35,Ligero,3076,1341,6124725,8,12,0,Inner Sphere,,,,2,,,,,,,,,,,,,,1,,,,,,,,,,,,,,,,,,,,,,,,,,,,,,,,,,,,11,"7,4",119,2,Ferro Fibroso,Double,22,,21,25,XL Engine,Compra,NO
Talos TLS-1B Talos,50,Medio,2532,924,3392500,4,6,0,Inner Sphere,,,,,,,,,,,,,,,,,,,2,,,,,,1,,,,,,,,,,,,,,1,,,,,,,,,,,,,,,10,"8,5",136,2,Estandar,Single,10,,11,32,Fusion Engine,Compra,NO
Tarantula ZPH-1 Tarantula,25,Ligero,3054,666,3614416,8,12,8,Inner Sphere,,,,2,,,,,,,,,,,,,,,,,,,,,,1,,,,,,,,,,,,,,,,,,,,,,,,,,,,10,"4,5",72,4,Estandar,Double,20,,8,14,XL Engine,Compra,NO
Tarantula ZPH-2A Tarantula,25,Ligero,3060,744,3714416,8,12,8,Inner Sphere,,,,,,,2,,,,,,,,,,,,,,,,,,,1,,,,,,,,,,,,,,,,,,,,,,,,,,,,10,"4,5",72,4,Estandar,Double,20,,12,14,XL Engine,Compra,NO
Tarantula ZPH-3A Tarantula,25,Ligero,3063,702,3560416,8,12,7,Inner Sphere,,,,,,,,,,2,,,,,,,,,,,,,,,,,,,,,,,,,,,,,,,,,,,,,,,,,,,,10,"6,1",97,4,Estandar,Double,20,,8,12,XL Engine,Compra,NO
Tarantula ZPH-4A Tarantula,25,Ligero,3066,967,4022916,8,12,0,Inner Sphere,,,,,,,,,,,,,,,,1,,,,,,,,,,,,,,,,,,,,,,,,,,,,,,,,,,,,,,10,"5,0",80,4,Estandar,Double,20,,15,10,XL Engine,Compra,NO
Tarantula ZPH-5A Tarantula,25,Ligero,3111,806,4210416,8,12,0,Inner Sphere,,,,,,,,1,,,,,,,,,,,,,,,,,,,,,,,,,,,,,,,,,,,,,,,,,,,,,,10,"5,0",80,4,Estandar,Double,20,,12,8,XL Engine,Compra,NO
Targe TRG-1N Targe,40,Medio,3081,813,7223050,8,12,0,Inner Sphere,,,,,,3,,,,,,,,,,,,,,,,,,,,,,,1,,,,,,,,,,,,,,,,,,,,,,,,,10,"6,2",99,2,Ferro Fibroso,Double,20,,10,19,Light Fusion Engine,Compra,NO
Targe TRG-2N Targe,40,Medio,3084,1078,6680050,7,11,0,Inner Sphere,,,,,,1,2,,,,,,,,,,,,,,,,,,,,,,,,,,,,,,,,,,,,,,,,,,,,,,,10,"6,8",109,2,Ferro Fibroso,Double,20,,12,13,Light Fusion Engine,Compra,NO
Targe TRG-3M Targe,40,Medio,3109,1233,8866466,8,12,0,Inner Sphere,,,,,,,3,,,,,,,,,,,,,1,,,,,,,,,,,,,,,,,,,,,,,,,,,,,,,,,,10,"7,4",119,2,Ferro Fibroso,Double,20,,19,25,XL Engine,Compra,NO
Targe TRM-3M Targe,40,Medio,3132,1301,8808226,8,12,0,Inner Sphere,,,,,,,3,,,,,,,,,,,,,1,,,,,,,,,,,,,,,,,,,,,,,,,,,,,,,,,,10,"7,5",120,2,Estandar,Double,20,,19,25,XL Engine,Compra,NO
Tempest TMP-3G Tempest,65,Pesado,3056,1810,11867450,4,6,4,Inner Sphere,,,,3,,,,,,,1,,,,,,,,,,,,,1,,,,,,,,,,,,,,,,,,,,,,,,,,,1,,,11,"12,5",200,2,Estandar,Double,22,,23,47,XL Engine,Compra,NO
Tempest TMP-3M Tempest,65,Pesado,3055,1786,11880450,4,6,4,Inner Sphere,,,,3,,,,,,,1,,,,,,,,,,,,,,1,,,,,,,,,,,,,,,,,,,,,,,,,,1,,,11,"12,5",200,2,Estandar,Double,22,,24,51,XL Engine,Compra,NO
Tempest TMP-3M2 'Storm Tempest' Tempest,65,Pesado,3067,1642,12155162,4,6,4,Inner Sphere,,,,,,1,3,,,,1,,,,,,,,,,,,,,,,,1,,,,,,,,,,,,,,,,,,,,,,,1,,,12,"13,2",211,2,Estandar,Double,24,,32,54,XL Engine,Compra,NO
Tempest TMP-3MA Tempest,65,Pesado,3056,1425,11709350,4,6,4,Inner Sphere,,,,3,,,,,,,1,,,,,,,,,,,,,,1,,,,,,,,,,,,,,1,,,,,,,,,,,,,,,12,"12,5",200,2,Estandar,Double,24,,26,46,XL Engine,Compra,NO
Templar III TLR2-O Templar III,85,Asalto,3100,2028,27296000,4,6,4,Inner Sphere,,,,,,4,4,,,2,2,,,,,4,,,,,,,,1,,,,1,,,,,,,,,,,,,,,,,,,1,,,1,,,,13,"16,4",263,2,Estandar,Double,26,,126,137,Light Fusion Engine,Compra,NO
Templar TLR1-O Templar,85,Asalto,3062,2045,25215072,4,6,4,Inner Sphere,1,,1,,,,13,1,,14,2,,,,2,7,,3,,,2,,,,,,3,1,,,2,,,,,,,2,,,,,1,,3,,1,1,3,2,6,,,13,"16,4",263,2,Estandar,Double,26,,398,603,XL Engine,Compra,NO
Tenshi TN-10-O Tenshi,95,Asalto,3101,2542,31049156,3,5,3,Inner Sphere,,,,,,,5,,,2,,,,,5,,,1,,,,2,,,,,,2,,,1,,,,,,,,,,,,,,,,,,,,1,,,11,"18,3",293,2,Estandar,Double,22,,129,211,Light Fusion Engine,Compra,NO
Tessen TSN-1C Tessen,50,Medio,3061,1162,10809000,6,9,0,Inner Sphere,,,,,,,,,,1,,,,,,1,,,,,,,,,,,,,,,,,,,,,,,,,,,,,,,,,,,,,,11,"10,1",161,2,Ferro Fibroso,Double,22,,19,16,XL Engine,Compra,NO
Tessen TSN-1Cr Tessen,50,Medio,3069,1241,10355250,6,9,0,Inner Sphere,,,,,,,,,,1,,,,,,1,,,,,,,,,,,,,,,,,,,,,,,,,,,,,,,,,,,,,,11,"10,1",161,2,Ferro Fibroso,Double,22,,19,16,XL Engine,Compra,NO
Tessen TSN-C3 Tessen,50,Medio,3062,1234,10080000,6,9,0,Inner Sphere,,,,,,,,,,2,,,,,,1,,,,,,,,,,,,,,,,,,,,,,,,,,,,,,,,,,,,,,11,"10,1",161,2,Ferro Fibroso,Double,22,,23,22,XL Engine,Compra,NO
Tessen TSN-C3M Tessen,50,Medio,3077,1547,13119000,6,9,0,Inner Sphere,,,,,,,,,1,,,,,,,1,1,,,,,,,,,,,,,,,,,,,,,,,,,,,,,,,,,,,,,11,"10,1",161,2,Ferro Fibroso,Double,22,,27,23,XL Engine,Compra,NO
Thanatos THS-4S (Felix) Thanatos,75,Pesado,3063,2122,19068000,5,8,5,Inner Sphere,,,,,,,2,1,,2,,,,,,,,,,,,,,,,,,,,,,,,,,,,,,,,,,,,,,,,,,,,16,"13,5",216,2,Estandar,Double,32,,30,30,XL Engine,Compra,NO
Thanatos TNS-4S Thanatos,75,Pesado,3061,1844,19331750,5,8,5,Inner Sphere,,,,,,,2,1,,1,,,,,,,,,,,,,,,,,,,,1,,,,,,,,,,,,,,,,,,,,,,,,16,"13,0",208,2,Estandar,Double,32,,32,44,XL Engine,Compra,NO
Thanatos TNS-4T Thanatos,75,Pesado,3062,1760,16705937,4,6,4,Inner Sphere,,,,,,,,,,4,,,,,,,,,,,,,,,,,,,,1,,,,,,,,,,,,,,,,,,1,,,,,,12,"13,0",208,2,Estandar,Double,24,,28,64,XL Engine,Compra,NO
Thanatos TNS-6S Thanatos,75,Pesado,3081,1936,15404000,4,6,6,Inner Sphere,,,,2,,,2,,,,,,,,,,,1,3,,,,,,,,,,,,,,,,,,,,,,,,,,,,,,,,,,,13,"14,0",224,2,Estandar,Double,26,,37,50,Light Fusion Engine,Compra,NO
Thor (Summoner)  Thor (Summoner),70,Pesado,2872,3000,19078958,5,8,5,Clan,,2,,,,3,16,4,,,4,2,4,2,,8,,,,1,1,2,,14,2,,,2,,,,,,1,,2,,,,,,2,,1,,,1,,,,11,,1,14,"11,4",182,2,Ferro Fibroso,Double,28,,493,815,XL Engine,Compra,NO
Thor II (Grand Summoner)  Thor II (Grand Summoner),70,Pesado,3093,2554,21577333,5,8,5,Clan,1,,,,,2,6,2,,,2,,,,,1,,,3,,5,,,,,,1,,,,,,,1,1,,,,,,,2,,1,,,1,,,,,,,14,"12,0",192,2,Ferro Fibroso,Double,28,,152,250,XL Engine,Compra,NO
Thorn THE-F Thorn,20,Ligero,2490,510,1552320,6,9,0,Inner Sphere,,,,2,,,,,,,,,,,,,,,1,,,,,,,,,,,,,,,,,,,,,,,,,,,,,,,,,,,10,"4,0",64,2,Estandar,Single,10,,8,15,Fusion Engine,Compra,NO
Thorn THE-N Thorn,20,Ligero,2549,546,1647120,6,9,0,Inner Sphere,,,,2,,,,,,,,,,,,,,,1,,,,,,,,,,,,,,,,,,,,,,,,,,,,,,,,,,,10,"4,3",69,2,Estandar,Single,10,,8,15,Fusion Engine,Compra,NO
Thorn THE-N1 Thorn,20,Ligero,3051,656,2446620,6,9,0,Inner Sphere,,,1,,,,,,,,,,,,,1,,,,,,,,,,,,,,,,,,,,,,,,,,,,,,,,,,,,,,10,"4,3",69,2,Estandar,Double,20,,16,13,XL Engine,Compra,NO
Thorn THE-N2 Thorn,20,Ligero,3071,410,2329620,6,9,0,Inner Sphere,,,,,,1,,,,,,,,,,,,,,,,,,,,,,,,,,,,,,,,,,,,,,,,,,,,,,,,10,"4,3",69,2,Estandar,Double,20,,2,3,XL Engine,Compra,NO
Thorn THE-Nb Thorn,20,Ligero,2549,740,2518620,6,9,0,Inner Sphere,,,1,1,,,,1,,,,,,,,,,,,,,,,,,,,,,,,,,,,,,,,,,,,,,,,,,,,,,10,"4,3",69,2,Estandar,Double,20,,16,16,XL Engine,Compra,NO
Thorn THE-S Thorn,20,Ligero,3035,510,1552320,6,9,0,Inner Sphere,,,,2,,,,,,,,,,,,,,,1,,,,,,,,,,,,,,,,,,,,,,,,,,,,,,,,,,,10,"4,0",64,2,Estandar,Single,10,,8,15,Fusion Engine,Compra,NO
Thorn THE-T Thorn,20,Ligero,3038,500,1585320,6,9,0,Inner Sphere,,,,2,,,,,,,,,,,,,,,,,,,,1,,,,,,,,,,,,,,,,,,,,,,,,,,,,,,10,"4,0",64,2,Estandar,Single,10,,9,18,Fusion Engine,Compra,NO
Thresher 2 Thresher,60,Pesado,2865,2337,13603400,5,8,5,Clan,,,,,,,1,2,,,,,,,,,,,,,,,,,2,,,,,,,,,,,,,,,,,,,,,1,,,,,,,,13,"9,5",152,2,Estandar,Double,26,,38,50,XL Engine,Compra,NO
Thresher II  Thresher II,60,Pesado,3149,3364,18937080,5,8,5,Clan,1,,,,,,,,,,1,,,,,1,,,,,1,,,1,,,,,,,,,,,,,,,,,,,,,,,,,,,,,,13,"9,5",152,2,Estandar,Double,26,,36,44,XL Engine,Compra,NO
Thresher  Thresher,60,Pesado,2865,2314,13276400,5,8,5,Clan,,,,,,,1,,,2,,,,,,,,,,,,,,,2,,,,,,,,,,,,,,,,,,1,,,,,,,,,,,13,"9,5",152,2,Estandar,Double,26,,25,51,XL Engine,Compra,NO
Thug THG-10E Thug,80,Asalto,2835,1501,7739040,4,6,0,Inner Sphere,,,,,,,,,,,,,,,2,,,,,,,,,2,,,,,,,,,,,,,,,,,,,,,,,,,,,,,,19,"14,5",232,2,Estandar,Single,19,,26,36,Fusion Engine,Compra,NO
Thug THG-11E (Reich) Thug,80,Asalto,3075,2612,9368040,4,6,4,Mixed,,,,,,,,,,,,,,,,2,,,,,,,,,,,,2,,,,,,,,,,,,,,,,,,,,,,,,,,16,"15,4",247,2,Estandar,Double,32,,38,44,Fusion Engine,Compra,NO
Thug THG-11E Thug,80,Asalto,2572,1640,8370840,4,6,0,Inner Sphere,,,,,,,,,,,,,,,2,,,,,,,,,,2,,,,,,,,,,,,,,,,,,,,,,,,,,,,,18,"15,4",247,2,Estandar,Double,36,,28,44,Fusion Engine,Compra,NO
Thug THG-11Eb Thug,80,Asalto,2760,1759,8730840,4,6,0,Inner Sphere,,,,,,,,,,,,,,,,2,,,,,,,,,2,,,,,,,,,,,,,,,,,,,,,,,,,,,,,18,"15,4",247,2,Estandar,Double,36,,38,44,Fusion Engine,Compra,NO
Thug THG-12E Thug,80,Asalto,3067,1751,9953040,4,6,0,Inner Sphere,,,,,,,,,,,,,,,,2,,,,,,,,,2,,,,,,,,,,,,,,,,,,,,,,,,,,,,,17,"15,4",247,2,Estandar,Double,34,,38,44,Fusion Engine,Compra,NO
Thug THG-12K Thug,80,Asalto,3067,1824,9413040,4,6,0,Inner Sphere,,,,,,,,,,,,,,,,2,,,,,,,,,2,,,,,,,,,,,,,,,,,,,,,,,,,,,,,17,"15,4",247,2,Estandar,Double,34,,38,44,Fusion Engine,Compra,NO
Thug THG-13K Thug,80,Asalto,3068,2086,19218720,4,6,0,Inner Sphere,,,,,,,,,,2,,,,,,,,3,,,,,,,,,,,,,,,,,,,,,,,,,,,,,,,,,,,,16,"15,0",240,2,Estandar,Double,32,,53,57,XL Engine,Compra,NO
Thunder Fox TDF-F11 Thunder Fox,55,Medio,3119,2426,37440508,5,8,5,Mixed,,,,,,,,,,,,,,,,1,,,,,,,,,,,,,,,,,,,,,,,,,,,,,,,,,,,,,,11,"12,6",201,4,Estandar,Double,22,,15,10,XXL Engine,Compra,NO
Thunder Fox TFT-A9 Thunder Fox,55,Medio,3077,1325,5027670,4,6,3,Inner Sphere,,,,,,1,,1,,,,,,,,,,,,,,,,,,,1,,,,,,,,,,,,,,,,,,,,,,,,1,,,10,"9,5",152,4,Ferro Fibroso,Double,20,,18,34,Fusion Engine,Compra,NO
Thunder Fox TFT-C3 Thunder Fox,55,Medio,3085,1104,10239300,4,6,0,Inner Sphere,,,,,,,1,1,,,,,,,,,,,,,,,,,,,,,,,,,,,,,,,,,,,,,,,,,,,,,,10,"9,5",152,4,Ferro Fibroso,Double,20,,17,13,Light Fusion Engine,Compra,NO
Thunder Fox TFT-L8 Thunder Fox,55,Medio,3082,1513,10800366,5,8,5,Inner Sphere,,,,,,,,,,,,,,,,,2,,,,,,,,,,,,,,,,,,,,,,,,,,,,,,1,,,,,,,10,"9,5",152,4,Ferro Fibroso,Double,20,,22,30,XL Engine,Compra,NO
Thunder Hawk TDK-7KMA Thunder Hawk,100,Asalto,3061,2449,22447000,3,5,0,Inner Sphere,,,,4,,,,,,,,,,,,,,,,,,,,,,,,,,,,,,,,,,,,,,,,,,,,,,,2,,,10,"19,2",307,2,Estandar,Double,20,,14,50,XL Engine,Compra,NO
Thunder Hawk TDK-7S Thunder Hawk,100,Asalto,3064,2440,17822000,3,5,0,Inner Sphere,,,,2,,,,,,,,,,,,,,,,,,,,,,,,,,,,,,,,,,,,,,,,,,,,,,,3,,,10,"18,5",296,2,Estandar,Single,10,,9,55,Light Fusion Engine,Compra,NO
Thunder Hawk TDK-7X Thunder Hawk,100,Asalto,2775,2577,22042000,3,5,0,Inner Sphere,,,,4,,,,,,,,,,,,,,,,,,,,,,,,,,,,,,,,,,,,,,,,,,,,,,,3,,,10,"19,2",307,2,Estandar,Single,10,,15,65,XL Engine,Compra,NO
Thunder Hawk TDK-7Y Thunder Hawk,100,Asalto,3061,2489,21962000,3,5,0,Inner Sphere,,,,,,,,,,2,,,,,,,,,,,,,,,,,,,,,,,,,,,,,,,,,,,,,,,,,3,,,10,"19,2",307,2,Estandar,Single,10,,11,57,XL Engine,Compra,NO
Thunder Stallion 2 'Fire Stallion' Thunder Stallion,85,Asalto,2877,2575,8489150,3,5,0,Clan,,,,,,,,,,,2,,,,,,,,,,4,,,,,,,,,,,,,,,,,,,,,,,,,,,,,,,,,16,"17,4",279,4,Estandar,Double,32,,40,78,Fusion Engine,Compra,NO
Thunder Stallion 3 Thunder Stallion,85,Asalto,3068,2667,9428150,3,5,0,Clan,,,,,,,1,,,,,,,,,,,,,,,,,,,,,,,,,,,,,,,,,,,,,,,,,1,,,,,,11,"17,4",279,4,Estandar,Double,22,,11,25,Fusion Engine,Compra,NO
Thunder Stallion  Thunder Stallion,85,Asalto,2850,2306,9168450,3,5,0,Clan,,,,,,,,,,,,,,,,,,,,,4,,,,,,,,,,,,,,,,,,,,,,,,,,,1,,,,,,14,"17,4",279,4,Estandar,Double,28,,26,80,Fusion Engine,Compra,NO
Thunder THR-1L Thunder,70,Pesado,3055,1471,15571536,5,8,0,Inner Sphere,,,,,,,,,,3,,,,,,,,,1,,,,,,,,,,,,,,,,,,,,,1,,,,,,,,,,,,,,11,"13,5",216,2,Estandar,Double,22,,21,43,XL Engine,Compra,NO
Thunder THR-2L Thunder,70,Pesado,3062,1951,19183161,5,8,0,Inner Sphere,,,,,,1,2,,,,,,,,,,,,,,,,,,,,,1,,,,,,,,,,,,,,,,,,,,1,,,,,,11,"13,0",208,2,Furtivo,Double,22,,22,45,XL Engine,Compra,NO
Thunder THR-3L Thunder,70,Pesado,3066,1904,18883536,5,8,0,Inner Sphere,,,,,,,2,,,,,,,,,,,,,,,,,,,,,1,,,,,,,,,,,,,,,,,,,,,,,,,,11,"13,5",216,2,Furtivo,Double,22,,14,22,XL Engine,Compra,NO
Thunder THR-C4 Thunder,70,Pesado,3083,2028,15971183,4,6,6,Inner Sphere,,,,,,,3,,,,,,,,,,,,,,,,,,,,,,,,,,,,,,,,,,,,,,,,,,,,,,,12,"13,5",216,2,Estandar,Double,24,,15,15,XL Engine,Compra,NO
Thunderbolt C Thunderbolt,65,Pesado,3050,1671,5401385,4,6,0,Mixed,,,,,,2,1,1,,,1,,,,,,,,,,,,,,,,,,,,,,,,,,,,,,,,,,,,,,,,,,,24,"13,0",208,2,Estandar,Single,24,,31,28,Fusion Engine,Compra,NO
Thunderbolt IIC  Thunderbolt IIC,70,Pesado,3085,2475,17756706,5,8,0,Clan,,,,,,,3,,,,,,,2,,,,,,,1,,,,,,,,,,,,,,,,,,,,,,,,,,,,,,,,,17,"13,5",216,2,Estandar,Double,34,,56,62,XL Engine,Compra,NO
Thunderbolt TDR-10M (Ilyena) Thunderbolt,65,Pesado,3085,1616,12561360,4,6,4,Inner Sphere,,,,,,,1,,,,,,,,2,,,1,,,,,,,,,,,,,,,,,,,,,,,,,,,,,,,,,,,,11,"12,9",206,2,Estandar,Double,22,,40,40,Light Fusion Engine,Compra,NO
Thunderbolt TDR-10M (Salazar) Thunderbolt,65,Pesado,3085,1763,13639285,4,6,3,Inner Sphere,1,,,,,,,,,1,,,,,1,,1,,,,,,,,,,,,,,,,,,,,,,,,,,,,,,,,,,,,1,12,"13,2",211,2,Furtivo,Double,24,,37,38,XL Engine,Compra,NO
Thunderbolt TDR-10M Thunderbolt,65,Pesado,3082,1727,10353660,4,6,4,Inner Sphere,,,,,,,1,,,,,,,,1,,1,1,,,,,,,,,,,,,,,,,,,,,,,,,,,,,,,,,,,,13,"13,0",208,2,Estandar,Double,26,,40,40,Light Fusion Engine,Compra,NO
Thunderbolt TDR-10S Thunderbolt,65,Pesado,3086,1766,10522650,4,6,4,Inner Sphere,,,,,,,3,1,,,,,,,,1,,,,,1,,,,,,,,,,,,,,,,,,,,,,,,,,,,,,,,,14,"12,5",200,2,Estandar,Double,28,,47,48,Light Fusion Engine,Compra,NO
Thunderbolt TDR-10SE Thunderbolt,65,Pesado,3067,2008,7902260,4,6,4,Inner Sphere,,,,,,,3,,,,,,,,,1,,,,1,,,,,,,,,,,,,,,,,,,,,,,,,,,,,,,,,,12,"12,5",200,2,Estandar,Double,24,,34,35,Fusion Engine,Compra,NO
Thunderbolt TDR-11SE Thunderbolt,65,Pesado,3069,1754,12018510,4,6,6,Inner Sphere,,,,,,,3,,,,,,,,,,1,,,,,,,,,,,,,,,,,,,,,,,,,,,,,,,,,,,,,10,"12,5",200,2,Estandar,Double,20,,25,25,Light Fusion Engine,Compra,NO
Thunderbolt TDR-17S Thunderbolt,65,Pesado,3070,1803,13349710,4,6,4,Inner Sphere,,,,,,,,,,4,,,,,,1,,,,,,,,,,,,,,,,,,,,,,,,,,,,,,,,,,,,,,10,"12,9",206,2,Ferro Fibroso,Double,20,,31,34,Compact Fusion Engine,Compra,NO
Thunderbolt TDR-5 15 Blackmore Thunderbolt,65,Pesado,3070,1600,6268010,4,6,0,Inner Sphere,,,,6,,,,,,,,,,,,,,,,,2,,,,,,,,,,,,,,,,,,,,,,,,,,,,,,,,,15,"13,0",208,2,Estandar,Double,30,,28,60,Fusion Engine,Compra,NO
Thunderbolt TDR-5 2CPP Blackmore Thunderbolt,65,Pesado,3070,1724,6246350,4,6,4,Inner Sphere,,,,,,,,,,,,,,,,2,,,,,,,,,,,,,,,,,,,,,,,,,,,,,,,,,,,,,,17,"13,0",208,2,Estandar,Double,34,,30,20,Fusion Engine,Compra,NO
Thunderbolt TDR-5S Salazar Thunderbolt,65,Pesado,2505,1429,5513360,4,6,0,Inner Sphere,,,,4,1,,,,,,,,,,,,,,,,1,,1,,,,,,,,,,,,,,,,,,,,,,,,,,,,,,,17,"13,0",208,2,Estandar,Double,34,,27,47,Fusion Engine,Compra,NO
Thunderbolt TDR-5D Thunderbolt,65,Pesado,2821,1231,5290510,4,6,0,Inner Sphere,,,,,,,,,,,,,,,,,,,,1,,,,,,,,,,,,,,,,,,,,1,,,,,,,,,,,,,,14,"13,0",208,2,Estandar,Single,14,,11,30,Fusion Engine,Compra,NO
Thunderbolt TDR-5Gauss Blackmore Thunderbolt,65,Pesado,3070,1857,6089010,4,6,4,Inner Sphere,,,,6,,,,,,,,,,,,,,,,,,,,,,,,,,,,,,,,,,,,,,,,,,,,,,,1,,,12,"13,0",208,2,Estandar,Double,24,,19,45,Fusion Engine,Compra,NO
Thunderbolt TDR-5S Inferno Thunderbolt,65,Pesado,2505,1367,5332160,4,6,0,Inner Sphere,,,,3,1,,,,,,,,,,,,,,,,1,,1,,,,,,,,,,,,,,,,,,,,,,,,,,,,,,,17,"13,0",208,2,Estandar,Single,17,,24,42,Fusion Engine,Compra,NO
Thunderbolt TDR-5S KKK Thunderbolt,65,Pesado,2505,1367,5332160,4,6,0,Inner Sphere,,,,3,1,,,,,,,,,,,,,,,,1,,1,,,,,,,,,,,,,,,,,,,,,,,,,,,,,,,17,"13,0",208,2,Estandar,Single,17,,24,42,Fusion Engine,Compra,NO
Thunderbolt TDR-5S Salazar Mk 1.75 Thunderbolt,65,Pesado,3070,1525,5734460,4,6,0,Inner Sphere,,,,5,,,,1,,,,,,,,,,,,,1,,1,,,,,,,,,,,,,,,,,,,,,,,,,,,,,,,16,"13,0",208,2,Estandar,Double,32,,34,52,Fusion Engine,Compra,NO
Thunderbolt TDR-5S Salazar Mk II Thunderbolt,65,Pesado,3070,1560,5897810,4,6,0,Inner Sphere,,,,4,,,,,,,,,,,,1,,,,,1,,1,,,,,,,,,,,,,,,,,,,,,,,,,,,,,,,15,"12,5",200,2,Estandar,Double,30,,34,49,Fusion Engine,Compra,NO
Thunderbolt TDR-5S Salazar Mk IV B Thunderbolt,65,Pesado,3070,1641,6242660,4,6,0,Inner Sphere,,,,5,,,,1,,,,,,,,,,,,,,1,,,,,,,,,,,,,,,,,,,,,,,,,,,,,,,,16,"13,2",211,2,Estandar,Double,32,,33,53,Fusion Engine,Compra,NO
Thunderbolt TDR-5S Salazar Mk IV Thunderbolt,65,Pesado,3048,1595,6087035,4,6,0,Inner Sphere,,,,4,,,,,,,,,,,,1,,,,,1,,1,,,,,,,,,,,,,,,,,,,,,,,,,,,,,,,16,"13,2",211,2,Estandar,Double,32,,34,49,Fusion Engine,Compra,NO
Thunderbolt TDR-5S Salazar Mk1.5 Thunderbolt,65,Pesado,3070,1411,5533160,4,6,0,Inner Sphere,,,,4,,,,1,,,,,,,,,,,,,1,,1,,,,,,,,,,,,,,,,,,,,,,,,,,,,,,,17,"13,0",208,2,Estandar,Single,17,,31,47,Fusion Engine,Compra,NO
Thunderbolt TDR-5S Salazar MkII Thunderbolt,65,Pesado,3070,1525,5734460,4,6,0,Inner Sphere,,,,5,,,,1,,,,,,,,,,,,,1,,1,,,,,,,,,,,,,,,,,,,,,,,,,,,,,,,16,"13,0",208,2,Estandar,Double,32,,34,52,Fusion Engine,Compra,NO
Thunderbolt TDR-5S Thunderbolt,65,Pesado,2505,1335,5356560,4,6,0,Inner Sphere,,2,,3,1,,,,,,,,,,,,,,,,1,,1,,,,,,,,,,,,,,,,,,,,,,,,,,,,,,,15,"13,0",208,2,Estandar,Single,15,,24,46,Fusion Engine,Compra,NO
Thunderbolt TDR-5S1 Thunderbolt,65,Pesado,2505,1367,5345660,4,6,0,Inner Sphere,,,,3,1,,,,,,,,,,,,,,,,1,,1,,,,,,,,,,,,,,,,,,,,,,,,,,,,,,,17,"13,0",208,2,Estandar,Single,17,,24,42,Fusion Engine,Compra,NO
Thunderbolt TDR-5S20 Thunderbolt,65,Pesado,2505,1408,5422610,4,6,0,Inner Sphere,,,,3,1,,,,,,,,,,,,,,,,,1,,,,,,,,,,,,,,,,,,,,,,,,,,,,,,,,16,"13,0",208,2,Estandar,Single,16,,23,43,Fusion Engine,Compra,NO
Thunderbolt TDR-5Sb Thunderbolt,65,Pesado,2750,1613,6315410,4,6,0,Inner Sphere,,,,3,,,,,2,,,,,,,1,,,,,1,,,,,1,,,,,,,,,,,,,,,,,,,,,,,,,,,,14,"13,0",208,2,Estandar,Double,28,,35,50,Fusion Engine,Compra,NO
Thunderbolt TDR-5SE ELH Thunderbolt,65,Pesado,2910,1414,5521610,4,6,4,Inner Sphere,,,,3,1,,,,,,,,,,,,,,,1,,,,,,,,,,,,,,,,,,,,,,,,,,,,,,,,,,17,"13,0",208,2,Estandar,Single,17,,21,33,Fusion Engine,Compra,NO
Thunderbolt TDR-5SE Thunderbolt,65,Pesado,2910,1414,5521610,4,6,4,Inner Sphere,,,,3,1,,,,,,,,,,,,,,,1,,,,,,,,,,,,,,,,,,,,,,,,,,,,,,,,,,17,"13,0",208,2,Estandar,Single,17,,21,33,Fusion Engine,Compra,NO
Thunderbolt TDR-5SP Salazar Thunderbolt,65,Pesado,2505,1428,5503160,4,6,0,Inner Sphere,,,,4,,,,,,,,,,,1,,,,,,1,,,,,,,,,,,,,,,,,,,,,,,,,,,,,,,,,17,"13,0",208,2,Estandar,Single,17,,27,45,Fusion Engine,Compra,NO
Thunderbolt TDR-5SPII Blackmore Thunderbolt,65,Pesado,3070,1631,5989610,4,6,4,Inner Sphere,,,,6,,,,,,,,,,,,1,,,,,,,,,,,,,,,,,,,,,,,,,,,,,,,,,,,,,,19,"13,0",208,2,Estandar,Double,38,,33,40,Fusion Engine,Compra,NO
Thunderbolt TDR-5SPII Salazar Thunderbolt,65,Pesado,3070,1625,6399410,4,6,0,Inner Sphere,,,,4,,,,,,,,,,,,1,,,,,1,,1,,,,,,,,,,,,,,,,,,,,,,,,,,,,,,,16,"13,2",211,2,Estandar,Double,32,,34,49,Fusion Engine,Compra,NO
Thunderbolt TDR-5SS Thunderbolt,65,Pesado,2930,1337,5302985,4,6,0,Inner Sphere,1,,,3,,,,,,,,,,,1,,,,,,,,,,1,,,,,,,,,,,,,,,,,,,,,,,,,,,,,21,"13,0",208,2,Estandar,Single,21,,26,39,Fusion Engine,Compra,NO
Thunderbolt TDR-5SSP Salazar Thunderbolt,65,Pesado,2505,1429,5336210,4,6,0,Inner Sphere,,,,6,,,,,,,,,,,1,,,,,,,,,,,,,,,,,,,,,,,,,,,,,,,,,,,,,,,23,"13,0",208,2,Estandar,Single,23,,28,40,Fusion Engine,Compra,NO
Thunderbolt TDR-5SSP2 Salazar Thunderbolt,65,Pesado,2505,1428,5503160,4,6,0,Inner Sphere,,,,4,,,,,,,,,,,1,,,,,,1,,,,,,,,,,,,,,,,,,,,,,,,,,,,,,,,,17,"13,0",208,2,Estandar,Single,17,,27,45,Fusion Engine,Compra,NO
Thunderbolt TDR-6 Gauss Blackmore Thunderbolt,65,Pesado,3070,1815,11711260,4,6,4,Inner Sphere,,,,4,,,,,,,,,,,,,,,,,,,,,,,,,,,,,,,,,,,,,,,,,,,,,,,1,,,10,"12,5",200,2,Estandar,Double,20,,13,35,XL Engine,Compra,NO
Thunderbolt TDR-60-RLA Thunderbolt,65,Pesado,3072,1975,16467384,5,8,5,Inner Sphere,,,2,,,,3,,1,2,,,,,,,2,,,,,,,,,,,,,,,,,,,,,,,,,,,,,,,,,,,,,12,"12,9",206,2,Ferro Fibroso,Double,24,,47,56,XL Engine,Compra,NO
Thunderbolt TDR-6S Salazar Thunderbolt,65,Pesado,3070,1538,6094460,4,6,0,Inner Sphere,,,,,,,4,1,,,,,,,,,,,,,1,,,,,,,,,,,,,,,,,,,,,,,,,,,,,,,,,16,"13,0",208,2,Estandar,Double,32,,37,43,Fusion Engine,Compra,NO
Thunderbolt TDR-7M Thunderbolt,65,Pesado,3051,1495,6018810,4,6,0,Inner Sphere,,2,,3,,,,1,,,,,,,,,,,,,1,,,,,1,,,,,,,,,,,,,,,,,,,,,,,,,,,,15,"12,9",206,2,Ferro Fibroso,Double,30,,28,46,Fusion Engine,Compra,NO
Thunderbolt TDR-7SE Thunderbolt,65,Pesado,3067,1809,6564210,4,6,4,Inner Sphere,,,,,,,,,,4,,,,,,,,,,,,,,,,,,,,,,,,,,,,,,,,,,,,,,,,,1,,,10,"12,9",206,2,Ferro Fibroso,Double,20,,17,39,Fusion Engine,Compra,NO
Thunderbolt TDR-9M Thunderbolt,65,Pesado,3067,1648,6430960,4,6,4,Inner Sphere,,,,,,,3,,,,,,,,,,,,,,1,,,,,,,,,,,,,,,,,,,,,,,,,,,,,,1,,,10,"12,5",200,2,Estandar,Double,20,,21,45,Fusion Engine,Compra,NO
Thunderbolt TDR-9NAIS Blackmore Ed Thunderbolt,65,Pesado,3068,1989,14286959,5,8,0,Inner Sphere,,,,6,,,,,,,,,,,,,,,,,,,,,,,,,,,,,,,,,,,,,,,,,,,,,,1,,,,13,"13,0",208,2,Estandar,Double,26,,19,35,XL Engine,Compra,NO
Thunderbolt TDR-9NAIS Thunderbolt,65,Pesado,3068,1864,14355459,5,8,0,Inner Sphere,,,,,,,3,,,,,,,,,,,,,,,,,,,,,1,,,,,,,,,,,,,,,,,,,,,,1,,,,13,"12,0",192,2,Estandar,Double,26,,20,32,XL Engine,Compra,NO
Thunderbolt TDR-9Nr Thunderbolt,65,Pesado,3072,1635,16060209,5,8,0,Inner Sphere,,,,,,,3,,,,,,,,1,,,,,,,,,,,,,1,,,,,,,,,,,,,,,,,,,,,,,,,,13,"12,0",192,2,Estandar,Double,26,,29,37,XL Engine,Compra,NO
Thunderbolt TDR-9S Thunderbolt,65,Pesado,3053,1494,5950310,4,6,0,Inner Sphere,2,2,,3,,,,,,,,,,,,1,,,,,,,,,1,,,,,,,,,,,,,,,,,,,,,,,,,,,,,15,"13,2",211,2,Estandar,Double,30,,34,45,Fusion Engine,Compra,NO
Thunderbolt TDR-9SE Thunderbolt,65,Pesado,3051,1439,5831510,4,6,4,Inner Sphere,,,,3,,,,,,,1,,,,,,,,,1,,,,,,,,,,,,,,,,,,,,,,,,,,,,,,,,,,15,"13,2",211,2,Estandar,Double,30,,23,34,Fusion Engine,Compra,NO
Thunderbolt TDR-9T Thunderbolt,65,Pesado,3083,1589,15803310,6,9,0,Inner Sphere,,,,,,,3,,,,,,,,2,,,,,1,,,,,,,,,,,,,,,,,,,,,,,,,,,,,,,,,,12,"13,0",208,2,Estandar,Double,24,,39,45,XL Engine,Compra,NO
Ti Ts&apos;ang (Jason) Ti Ts&apos;ang,60,Pesado,3068,1641,15058880,6,9,6,Inner Sphere,,,,,,,1,,4,3,,,,,,,,,,,,,,,,,,,,,,,,,,,,,,,,,,,,,,,,,,,,10,"12,5",200,2,Estandar,Double,20,,25,35,XL Engine,Compra,NO
Ti Ts&apos;ang TSG-10L Ti Ts&apos;ang,60,Pesado,3125,1728,57958080,6,9,0,Inner Sphere,,,4,4,,,,,,,,,,,,,,,,,,,,,,,,,,,,,,,,,,,,,,,,,,,,,,,,,,10,"12,5",200,2,Estandar,Double,20,,16,32,XXL Engine,Compra,NO
Ti Ts&apos;ang TSG-9 'China Doll' Ti Ts&apos;ang,60,Pesado,3067,1739,19056480,5,8,8,Inner Sphere,,,,,,2,5,,,,,,,,,,,,,,,,,,,,,,,,,,,,,,,,,,,,,,,,,,,,,,,12,"12,5",200,2,Estandar,Double,24,,29,31,XL Engine,Compra,NO
Ti Ts&apos;ang TSG-9C Ti Ts&apos;ang,60,Pesado,3069,1989,15268480,6,9,6,Inner Sphere,,,,,,2,2,,,,,,,,,,,,,,,,,,,,,,,,,,,,,,,,,,,,,,,,,,,,,,1,10,"12,5",200,2,Estandar,Double,20,,24,26,XL Engine,Compra,NO
Ti Ts&apos;ang TSG-9DDC Ti Ts&apos;ang,60,Pesado,3083,2013,21120960,6,9,6,Inner Sphere,,,,,,,5,,,,,,,,,,,,,,,,,,,,,,,,,,,,,,,,,,,,,,,,,,,,,,,10,"11,5",184,2,Estandar,Double,20,,25,25,XL Engine,Compra,NO
Ti Ts&apos;ang TSG-9H (Jason) Ti Ts&apos;ang,60,Pesado,3069,1641,15058880,6,9,6,Inner Sphere,,,,,,,1,,4,3,,,,,,,,,,,,,,,,,,,,,,,,,,,,,,,,,,,,,,,,,,,,10,"12,5",200,2,Estandar,Double,20,,25,35,XL Engine,Compra,NO
Ti Ts&apos;ang TSG-9H Ti Ts&apos;ang,60,Pesado,3059,1880,15361280,6,9,6,Inner Sphere,,,,,,4,5,,,,,,,,,,,,,,,,,,,,,,,,,,,,,,,,,,,,,,,,,,,,,,,13,"12,5",200,2,Estandar,Double,26,,33,37,XL Engine,Compra,NO
Ti Ts&apos;ang TSG-9J Ti Ts&apos;ang,60,Pesado,3060,1909,15299680,6,9,6,Inner Sphere,,,,,,2,3,1,,,,,,,,,,,,,,,,,,,,,,,,,,,,,,,,,,,,,,,,,,,,,,12,"12,5",200,2,Estandar,Double,24,,31,29,XL Engine,Compra,NO
Tian-zong TNZ-N1 Tian-zong,75,Pesado,3090,2167,17639500,4,6,0,Inner Sphere,,,,,,,2,,,,,,,,,,,,,,,,,,,,,,,,,,,,,,,,,,,,,,,,,,,,2,,,12,"13,5",216,2,Furtivo,Double,24,,12,40,XL Engine,Compra,NO
Tian-zong TNZ-N2 Tian-zong,75,Pesado,3096,1726,17932000,4,6,0,Inner Sphere,,,,,,,,2,,,,,,,,,,,,,,,,,,,,,,,,,,,,,,,,,,,,,,,,,,,2,,,12,"13,5",216,2,Furtivo,Double,24,,26,46,XL Engine,Compra,NO
Tian-zong TNZ-N3 Tian-zong,75,Pesado,3140,2072,17799750,4,6,0,Inner Sphere,,,,,,,,,,,,,,,2,,,,,,,,,,,,,,,,,,,,,,,,,,,,,,,,,,,,2,,,10,"13,5",216,2,Furtivo,Double,20,,22,50,XL Engine,Compra,NO
Tiburon  Tiburon,35,Ligero,3099,1841,6886035,7,11,0,Clan,,,,,,2,4,,,,,,,,,,,,,,,,2,,,,,,,,,,,,,,,,,,,,,,,,,,,,,,,15,"7,2",115,2,Ferro Fibroso,Double,30,,28,34,XL Engine,Compra,NO
Timber Wolf (Mad Cat) BL Timber Wolf (Mad Cat),75,Pesado,2945,2737,24160687,5,8,5,Clan,1,8,,,,10,16,12,2,22,8,,2,2,,8,,,4,1,4,10,,4,4,,3,9,,,,,,,2,4,,,,,,1,,1,,,,,,,6,,,15,"14,4",230,2,Ferro Fibroso,Double,30,,813,1315,XL Engine,Compra,NO
Timber Wolf (Mad Cat)  Timber Wolf (Mad Cat),75,Pesado,2945,2737,24160687,5,8,5,Clan,1,8,,,,10,16,14,2,14,8,,2,2,,8,,,4,1,4,10,,4,4,,3,9,,,,,,,4,,,,,,,1,,1,,,,,,,6,,,15,"14,4",230,2,Ferro Fibroso,Double,30,,785,1223,XL Engine,Compra,NO
Titan II TI-2P Titan II,100,Asalto,3071,2143,10332500,3,5,0,Inner Sphere,,,,,,1,4,,,,,,,,,,,1,,,,,,,,,,1,,,,,,,,,,,,,,,,,,,,,,,,,,18,"19,0",304,2,Estandar,Double,36,,41,50,Fusion Engine,Compra,NO
Titan II TI-2PA Titan II,100,Asalto,3076,2468,10724000,3,5,3,Inner Sphere,,2,,4,,,,,,,,,,,,,,,,,,,,,,,,1,,,,,,,,,,,,,,,,,,,,,,,,,2,16,"19,0",304,2,Estandar,Double,32,,36,56,Fusion Engine,Compra,NO
Titan TI-1A Titan,100,Asalto,2765,1959,9841000,3,5,0,Inner Sphere,,,,6,,,,,,,,,,,2,,,,,,,,,4,1,,,,,,,,,,,,,,,,,,,,,,,,,,,,,22,"19,0",304,2,Estandar,Single,22,,54,94,Fusion Engine,Compra,NO
Titan TI-1Aj Titan,100,Asalto,3145,2328,10958000,3,5,3,Inner Sphere,,,,7,,,,,,,,,,,,2,,,,,,,,5,,,,,,,,,,,,,,,,,,,,,,,,,,,,,,16,"19,0",304,2,Estandar,Double,32,,66,95,Fusion Engine,Compra,NO
Titan TI-1Ar Titan,100,Asalto,3145,2165,10518000,3,5,0,Inner Sphere,,,,6,,,,,,,,,,,3,,,,,,,,,5,,,,,,,,,,,,,,,,,,,,,,,,,,,,,,16,"19,0",304,2,Estandar,Double,32,,63,100,Fusion Engine,Compra,NO
Tomahawk II  Tomahawk II,100,Asalto,3088,3334,31295000,3,5,3,Clan,,,,,,,1,6,,4,7,,,,,,,,,,8,,,,,,,,,,,,,,,,,,,,,,,,,,2,,,,4,,,12,"19,0",304,2,Estandar,Double,24,,211,340,XL Engine,Compra,NO
Tomahawk  Tomahawk,100,Asalto,3065,3101,29581000,3,5,0,Clan,,,,,,2,6,5,,10,4,,,,,2,,,,1,,,,,,,2,2,,,,,,,,2,,,,,,,,2,,,,,,,2,,,12,"19,0",304,2,Estandar,Double,24,,256,360,XL Engine,Compra,NO
Toro TR-A-1 Toro,35,Ligero,2481,661,1903410,3,5,0,Inner Sphere,,,,,1,,,,,,,,,,,,,,,,,,2,,,,,,,,,,,,,,,,,,,,,,,,,,,,,,,11,"7,3",117,2,Estandar,Single,11,,12,16,Primitive Fusion Engine,Compra,NO
Toro TR-A-6 Toro,35,Ligero,2548,864,2456430,5,8,0,Inner Sphere,,,,,,,,,,,,,,,1,,,,2,,,,,,,,,,,,,,,,,,,,,,,,,,,,,,,,,,,10,"6,5",104,2,Estandar,Single,10,,14,20,Fusion Engine,Compra,NO
Toyama TYM-1A Toyama,75,Pesado,3057,1714,16212125,4,6,0,Inner Sphere,,,,3,,,,2,,,,,,,,,,,,,,1,,,,,,,,,,,,,,,,,,,,,,,,,1,,,,,,,14,"12,0",192,2,Estandar,Double,28,,41,61,XL Engine,Compra,NO
Toyama TYM-1B Toyama,75,Pesado,3070,1788,15719875,4,6,0,Inner Sphere,,,,,,,2,,,,,,,,2,,,1,,,1,,,,,,,,,,,,,,,,,,,,,,,,,,,,,,,,,16,"13,0",208,2,Estandar,Double,32,,50,60,Light Fusion Engine,Compra,NO
Toyama TYM-1C Toyama,75,Pesado,3072,1727,17527875,4,6,0,Inner Sphere,,,,,,,,,,,,,,,,,,,,,,1,,,,,,,,,,,,,,,,,,,,,,,,,,,,,1,,,12,"14,0",224,2,Estandar,Double,24,,7,35,XL Engine,Compra,NO
TOYAMA  TOYAMA,75,Pesado,3070,1888,14525125,4,6,0,Inner Sphere,,,,,,,3,,,,,,,,2,,,1,,,1,,,,,,,,,,,,,,,,,,,,,,,,,,,,,,,,,14,"14,4",231,2,Estandar,Double,28,,55,65,Light Fusion Engine,Compra,NO
Trebaruna TR-XB Trebaruna,95,Asalto,3081,2223,10903450,3,5,4,Inner Sphere,,,,,,,,,,,,,,,3,,,,,,,,,,,,,,,,,,,,,,,,,,,,,,,,,,,,1,,,10,"16,0",256,4,Estandar,Double,20,,31,45,Fusion Engine,Compra,NO
Trebaruna TR-XH Trebaruna,95,Asalto,3115,2453,22052625,3,5,4,Inner Sphere,,,,,,,,,,,,,,,,1,,,,,,,,,,,,,,,,,,,,,,,,,,,,,,,,,,,,1,,10,"12,8",204,4,Estandar,Double,20,,16,35,XL Engine,Compra,NO
Trebaruna TR-XJ Trebaruna,95,Asalto,3081,2270,11305150,3,5,4,Inner Sphere,,,,,,,,,,,,,,,,,2,,,,,,,,,,,,,,,,,,,,,,,,,,,,,,,,,,1,,,11,"19,1",305,4,Ferro Fibroso,Double,22,,21,35,Fusion Engine,Compra,NO
Trebaruna TR-XL Trebaruna,95,Asalto,3081,2244,18213650,3,5,4,Inner Sphere,,,,,,,,,,,,,,,,,,,,,,,,,,,,,,,,,,,,,,,,,,,,,,,,1,,,,,2,11,"17,5",280,4,Estandar,Double,22,,26,40,Light Fusion Engine,Compra,NO
Trebuchet TBT-3C Trebuchet,50,Medio,2780,1342,9876000,6,9,0,Inner Sphere,,,,4,,,,,,,,,,,,,,,,,2,,,,,,,,,,,,,,,,,,,,,,,,,,,,,,,,,10,"7,0",112,2,Estandar,Double,20,,22,50,XL Engine,Compra,NO
Trebuchet TBT-5J Trebuchet,50,Medio,2850,1191,4368500,5,8,5,Inner Sphere,,,,3,,,,,,,,,,,,,,,,,1,,,,,,,,,,,,,,,,,,,,,,,,,,,,,,,,,15,"8,0",128,2,Estandar,Single,15,,14,30,Fusion Engine,Compra,NO
Trebuchet TBT-5K Trebuchet,50,Medio,3025,996,4035500,5,8,0,Inner Sphere,,,,,,,,,,,,,,,1,,,,,,,,1,,,,,,,,,,,,,,,1,,,,,,,,,,,,,,,,11,"7,5",120,2,Estandar,Single,11,,13,19,Fusion Engine,Compra,NO
Trebuchet TBT-5N Trebuchet,50,Medio,2799,1191,4263500,5,8,0,Inner Sphere,,,,3,,,,,,,,,,,,,,,,,2,,,,,,,,,,,,,,,,,,,,,,,,,,,,,,,,,10,"7,5",120,2,Estandar,Single,10,,19,45,Fusion Engine,Compra,NO
Trebuchet TBT-5S Trebuchet,50,Medio,2864,984,3996500,5,8,0,Inner Sphere,,,,3,,,,,,,,,,,,,,,,,,,,,2,,,,,,,,,,,,,,,,,,,,,,,,,,,,,18,"7,5",120,2,Estandar,Single,18,,17,39,Fusion Engine,Compra,NO
Trebuchet TBT-7K Trebuchet,50,Medio,3025,996,4035500,5,8,0,Inner Sphere,,,,,,,,,,,,,,,1,,,,,,,,1,,,,,,,,,,,,,,,1,,,,,,,,,,,,,,,,11,"7,5",120,2,Estandar,Single,11,,13,19,Fusion Engine,Compra,NO
Trebuchet TBT-7M Trebuchet,50,Medio,3048,1348,8940500,5,8,5,Inner Sphere,,,,3,,,,,,,,,,,,,,,,,2,,,,,,,,,,,,,,,,,,,,,,,,,,,,,,,,,10,"7,5",120,2,Estandar,Double,20,,19,45,XL Engine,Compra,NO
Trebuchet TBT-8B Trebuchet,50,Medio,3071,1314,9915000,6,9,5,Inner Sphere,,,,,,,4,,,,,,,,,,,,,,,,,,,,,,,,,,,,,,,,,,,,,,,,,,,,,,,13,"7,0",112,2,Estandar,Double,26,,20,20,XL Engine,Compra,NO
Trebuchet TBT-9K Trebuchet,50,Medio,3059,1329,8906000,5,8,5,Inner Sphere,,,,1,,,,,,2,,,,,,,,,,,,,,,,,,,,2,,,,,,,,,,,,,,,,,,,,,,,,10,"9,0",144,2,Estandar,Double,20,,23,57,XL Engine,Compra,NO
Trebuchet TBT-9N Trebuchet,50,Medio,3136,1550,10653750,6,9,0,Mixed,,,,,,,,,,,,,,,,,,,,,2,,,,,,,,,,,,,,,,,,,,,,,,,,,,,,,,,11,"10,1",161,2,Ferro Fibroso,Double,22,,10,30,XL Engine,Compra,NO
Trebuchet TBT-9R Trebuchet,50,Medio,3131,2165,44572250,7,11,0,Mixed,,,,,,,,,,,,,,,,,,,,,3,,,,,,,,,,,,,,,,,,,,,,,,,,,,,,,,,10,"10,1",161,2,Ferro Fibroso,Double,20,,15,45,XXL Engine,Compra,NO
Trebuchet TBT-K7R Trebuchet,50,Medio,3088,1415,8732500,5,8,5,Inner Sphere,2,,,,,,2,,,,,,,,,,,,,,,,,,,,,1,,,,,,,,,,,,,,,,,,,,,,,,,,10,"10,5",168,2,Estandar,Double,20,,20,26,Light Fusion Engine,Compra,NO
Tundra Wolf 2 Tundra Wolf,75,Pesado,3076,3626,18057000,4,6,4,Clan,,,,,,,6,1,,,,,,,,1,,,,,1,,,,,,,,,,,,,,,,,,,,,,,,,,,,,,,,,19,"14,0",224,2,Estandar,Double,38,,62,63,XL Engine,Compra,NO
Tundra Wolf 3 Tundra Wolf,75,Pesado,3076,3292,18478500,4,6,4,Clan,,,,,,,4,1,,,,,,,,2,,,,,1,,,,,,1,,,,,,,,,,,,,,,,,,,,,,,,,,,19,"11,0",176,2,Estandar,Double,38,,70,71,XL Engine,Compra,NO
Tundra Wolf 4 Tundra Wolf,75,Pesado,3077,2873,17901250,4,6,4,Clan,,,,,,,2,,,,2,,,,,,,,,,,,,,,,,,,,,,,,1,,,,,,,,,,,,,,,,2,,,19,"14,4",231,2,Estandar,Double,38,,38,76,XL Engine,Compra,NO
Tundra Wolf 5 Tundra Wolf,75,Pesado,3086,2645,13626000,3,5,3,Clan,,,,,,4,,1,,,,,,,,,,,,1,,,,1,,,,,,,,,,,,,,,,,,,,,,,,,,,2,,,13,"14,4",231,2,Estandar,Double,26,,29,68,XL Engine,Compra,NO
Tundra Wolf  Tundra Wolf,75,Pesado,3076,3131,18656250,4,6,4,Clan,,,,,,,4,1,,,,,,,,,,,,,,1,,,,,1,,,,,,,,1,,,,,,,,,,,,,,,,,,,17,"14,4",231,2,Estandar,Double,34,,47,74,XL Engine,Compra,NO
Turkina  Turkina,95,Asalto,3052,2944,26776593,3,5,3,Clan,2,2,,,,10,4,2,,12,4,,3,,,2,,,,,4,4,,,,,,7,,,,,,,1,8,,,,,,,2,,,2,,1,,,2,,,15,"18,0",288,2,Estandar,Double,30,,369,746,XL Engine,Compra,NO
Uller (Kit Fox)  Uller (Kit Fox),30,Ligero,2890,1085,5319712,6,9,6,Clan,,4,,,,3,6,3,3,5,3,,2,,,2,,,1,2,2,,,,1,,2,1,,,,,1,,,,,,,,,,1,,,1,,,,1,2,,,10,"4,8",76,2,Ferro Fibroso,Double,20,,216,328,XL Engine,Compra,NO
Uni ATAE-70 CargoMech Uni,70,Pesado,3050,533,2678706,3,5,0,Inner Sphere,,,,,,,,,,,,,,,,,,,,,,,,,,,,,,,,,,,,,,,,,,,,,,,,,,,,,,1,"13,5",216,4,Estandar,Single,1,,0,0,Fuel-Cell Engine,Compra,NO
Uni ATAE-70M MilitiaMech Uni,70,Pesado,3053,736,3147306,3,5,0,Inner Sphere,,,,,,,,,,,,,,,,,,,,,,,,2,,,,,,,,,,,,,,2,,,,,,,,,,,,,,,,2,"13,5",216,4,Estandar,Single,2,,8,26,Fuel-Cell Engine,Compra,NO
Uni ATAE-70T CargoMech Uni,70,Pesado,3074,542,3501206,3,5,0,Inner Sphere,,,,,,,,,,,,,,,,,,,,,,,,,,,,,,,,,,,,,,,,,,,,,,,,,,,,,,1,"13,5",216,4,Estandar,Single,1,,0,0,Fuel-Cell Engine,Compra,NO
'Uni' CargoMech ATAE-70 'Uni' CargoMech,70,Pesado,3050,533,2678706,3,5,0,Inner Sphere,,,,,,,,,,,,,,,,,,,,,,,,,,,,,,,,,,,,,,,,,,,,,,,,,,,,,,1,"13,5",216,4,Estandar,Single,1,,0,0,Fuel-Cell Engine,Compra,NO
Uraeus UAE-7R Uraeus,75,Pesado,3135,1843,10635500,4,6,0,Inner Sphere,,,,,,,,,,,,,,,,,,,,,,,,,,,1,,,,,,,,,,,,,,,,1,,,,,,,,,,,10,"13,8",220,2,Ferro Fibroso,Double,20,,7,18,Fusion Engine,Compra,NO
UrbanMech IIC 2 UrbanMech IIC,30,Ligero,3070,855,1958650,3,5,3,Clan,1,,,,,,,,,,,,,,,,,,,,,,,,,,,,,,,,,,,,,,,,,,,,,,,,,,,,,10,"6,0",96,2,Estandar,Single,10,,3,2,Fusion Engine,Compra,NO
Urbanmech IIC  Urbanmech IIC,30,Ligero,2849,798,1823525,3,5,3,Clan,,,,,,1,,,,,,,,,,,,,,,,,,,,,,,,,,,,,,,,,,,,,1,,,,,,,,,,,10,"6,0",96,2,Estandar,Single,10,,6,13,Fusion Engine,Compra,NO
UrbanMech UM-AIV UrbanMech,30,Ligero,3072,603,2480700,2,3,2,Inner Sphere,,,,,,,1,,,,,,,,,,,,,,,,,,,,,,,,,,,,,,,,,,,,,,,,,,,,,,,10,"6,0",96,2,Estandar,Single,10,,5,5,XL Engine,Compra,NO
Urbanmech UM-R60 Urbanmech,30,Ligero,2675,504,1470125,2,3,2,Inner Sphere,,,1,,,,,,,,,,,,,,,,,,,,,,,,,,,,,,,,,,,,1,,,,,,,,,,,,,,,11,"6,0",96,2,Estandar,Single,11,,4,13,Fusion Engine,Compra,NO
Urbanmech UM-R60L Urbanmech,30,Ligero,2925,470,1578125,2,3,2,Inner Sphere,,,1,,,,,,,,,,,,,,,,,,,,,,,,,,,,,,,,,,,,,1,,,,,,,,,,,,,,11,"4,0",64,2,Estandar,Single,11,,8,23,Fusion Engine,Compra,NO
UrbanMech UM-R63 UrbanMech,30,Ligero,3050,540,1756925,2,3,2,Inner Sphere,,,1,,,,,,1,,,,,,,,,,,,,,,,,,,,,,,,,,,,,,,,,,,,,,1,,,,,,,11,"6,0",96,2,Estandar,Single,11,,5,16,Fusion Engine,Compra,NO
UrbanMech UM-R68 UrbanMech,30,Ligero,3065,561,1527425,2,3,2,Inner Sphere,,,1,,,,,,1,,,,,,,,,,,,,,,,,,,,,,1,,,,,,,,,,,,,,,,,,,,,,,11,"6,0",96,2,Estandar,Single,11,,13,36,Fusion Engine,Compra,NO
UrbanMech UM-R69 UrbanMech,30,Ligero,3063,589,1702325,2,3,2,Inner Sphere,,,,,,1,,,1,,,,,,,,,,,,,,,,,,,,,,,,,,,,,,,,,,1,,,,,,,,,,,10,"5,6",89,2,Ferro Fibroso,Single,10,,8,16,Fusion Engine,Compra,NO
UrbanMech UM-R70 UrbanMech,30,Ligero,3066,724,1767625,2,3,2,Inner Sphere,,,,,,1,1,,,,,,,,,,,,,,,,,,,,,,,,,,,,,,,,,,,,,,,,,,,1,,,,11,"6,6",105,2,Ferro Fibroso,Single,11,,8,13,Fusion Engine,Compra,NO
UrbanMech UM-R80 UrbanMech,30,Ligero,3076,699,2344225,2,3,3,Inner Sphere,,,1,,,,,,1,,,,,,,,1,,,,,,,,,,,,,,,,,,,,,,,,,,,,,,,,,,,,,11,"6,0",96,2,Estandar,Single,11,,13,16,Fusion Engine,Compra,NO
UrbanMech UM-R93 UrbanMech,30,Ligero,3149,852,1985750,2,3,3,Inner Sphere,,,,,,,,,,,,,,,,,1,,,,,,,,,,,,,,,,,,,,,,,,,,,,,,,,,,,,,10,"5,8",92,2,Estandar,Double,20,,10,10,Fusion Engine,Compra,NO
Ursa URA-2A Ursa,65,Pesado,3122,1887,15894699,5,8,0,Inner Sphere,,,,,,,,,,,,,,,,1,,,,,,,,,,,,,,,,,,,,,,,,,,,,,,,,,1,,,,,13,"12,5",200,4,Estandar,Double,26,,16,12,XL Engine,Compra,NO
Ursa URA-2C Ursa,65,Pesado,3125,2570,16251099,5,8,0,Clan,,,,,,,,,,4,,,,,,1,,,,,,,,,,,,,,,,,,,,,,,,,,,,,,,,,1,,,,,14,"12,5",200,4,Estandar,Double,28,,32,36,XL Engine,Compra,NO
Ursus 2 Ursus,50,Medio,3074,2054,10572000,6,9,6,Clan,,,,,,,1,,,,,,,,,,,,,,,,,,,,,,,,,,,,,,,,,,,,,,,,,,,,2,,1,11,"10,6",169,2,Ferro Fibroso,Double,22,,14,35,XL Engine,Compra,NO
Ursus 3 Ursus,50,Medio,3079,1284,5748400,4,6,0,Clan,1,,,,,,,,,,,,2,,,,,,,,,,,,,,,,,,,,,,,,,,,,,,,,,,,,,,3,,,10,"10,2",163,2,Ferro Fibroso,Double,20,,20,67,Fusion Engine,Compra,NO
Ursus II  Ursus II,50,Medio,3078,2069,8883250,4,6,6,Clan,,,,,,2,,1,,2,,,,,,,,,,1,,,,,,,,1,,,,,,,,,,,,,,,,,,,,,,,,,,13,"10,5",168,2,Estandar,Double,26,,32,48,XL Engine,Compra,NO
Ursus  Ursus,50,Medio,3059,1778,4507000,4,6,0,Clan,,,,,,,2,1,,2,,,,,,,,,,1,,,,,1,,,,,,,,,,,,,,,,,,,,,,,,,,,,,16,"10,2",163,2,Ferro Fibroso,Double,32,,38,52,Fusion Engine,Compra,NO
Uziel UZL-2S (Jacob II) Uziel,50,Medio,3071,1271,12557000,5,8,0,Inner Sphere,,,,,,,,,,2,,,,,,,,,,,,,,,,,,1,,,,,,,,,,,,,,,,,,,,,,,,,,10,"9,5",152,2,Ferro Fibroso,Double,20,,12,24,XL Engine,Compra,NO
Uziel UZL-2S (Jacob) Uziel,50,Medio,3070,1513,8880500,5,8,0,Inner Sphere,,,,,,2,,,,,,,,,,,,,,,,,,,1,,,,,,,,,,,,,,,,,,,,,,,,,2,,,,10,"9,0",144,2,Ferro Fibroso,Double,20,,10,28,XL Engine,Compra,NO
Uziel UZL-2S Jacob II Uziel,50,Medio,3071,1271,12557000,5,8,0,Inner Sphere,,,,,,,,,,2,,,,,,,,,,,,,,,,,,1,,,,,,,,,,,,,,,,,,,,,,,,,,10,"9,5",152,2,Ferro Fibroso,Double,20,,12,24,XL Engine,Compra,NO
Uziel UZL-2S Jacob Uziel,50,Medio,3070,1513,8880500,5,8,0,Inner Sphere,,,,,,2,,,,,,,,,,,,,,,,,,,1,,,,,,,,,,,,,,,,,,,,,,,,,2,,,,10,"9,0",144,2,Ferro Fibroso,Double,20,,10,28,XL Engine,Compra,NO
Uziel UZL-2S Uziel,50,Medio,3063,1352,10032500,6,9,6,Inner Sphere,,2,,,,,,,,,,,,,2,,,,,,,,,,1,,,,,,,,,,,,,,,,,,,,,,,,,,,,,10,"8,0",128,2,Estandar,Double,20,,24,36,XL Engine,Compra,NO
Uziel UZL-3S Uziel,50,Medio,3065,1189,9769250,6,9,6,Inner Sphere,,,,,,2,1,,,,1,,,,,,,,,,,,,,1,,,,,,,,,,,,,,,,,,,,1,,,,,,,,,11,"8,0",128,2,Estandar,Double,22,,24,34,XL Engine,Compra,NO
Uziel UZL-8S Uziel,50,Medio,3075,1393,10764500,5,8,8,Inner Sphere,,,,,,,,,,4,,,,,,,,,,,,,,,,,,1,,,,,,,,,,,,,,,,,,,,,,,,,,12,"10,0",160,2,Estandar,Double,24,,20,36,XL Engine,Compra,NO
Valiant V4-LNT-J3 Valiant,30,Ligero,3074,926,3946215,7,11,0,Inner Sphere,1,,,,,3,2,,,,,,,,,,,,,,,,,,,,,,,,,,,,,,,,,,,,,,,,,,,,,,,10,"6,6",105,2,Ferro Fibroso,Double,20,,19,21,Light Fusion Engine,Compra,NO
Valiant V4-LNT-K7 Valiant,30,Ligero,3068,894,3271840,7,11,0,Inner Sphere,,,,,,,3,,,,,,,,,,,,,,,,,,,,,,,,,,,,,,,,,,,,,,,,,,,,,,,10,"5,0",80,2,Estandar,Double,20,,15,15,Fusion Engine,Compra,NO
Valiant VLN-3T Valiant,30,Ligero,3074,852,3310840,7,11,0,Inner Sphere,,,,,,,3,,,,,,,,,,,,,,,,,,,,,,,,,,,,,,,,,,,,,,,,,,,,,,,10,"3,0",48,2,Estandar,Double,20,,15,15,Fusion Engine,Compra,NO
Valkyrie C Valkyrie,30,Ligero,3150,936,5025220,5,8,8,Mixed,,,,,,,,,,1,,,,,,,,,,1,,,,,,,,,,,,,,,,,,,,,,,,,,,,,,,,,,10,"6,0",96,2,Ferro Fibroso,Double,20,,8,16,XL Engine,Compra,NO
Valkyrie VLK-QA Valkyrie,30,Ligero,2787,723,2196320,5,8,5,Inner Sphere,,,,1,,,,,,,,,,,,,,,,1,,,,,,,,,,,,,,,,,,,,,,,,,,,,,,,,,,11,"6,0",96,2,Estandar,Single,11,,7,15,Fusion Engine,Compra,NO
Valkyrie VLK-QD Valkyrie,30,Ligero,3049,807,2569520,5,8,5,Inner Sphere,,,,,,,,,,1,,,,,,,,,,1,,,,,,,,,,,,,,,,,,,,,,,,,,,,,,,,,,10,"6,6",105,2,Ferro Fibroso,Single,10,,8,16,Fusion Engine,Compra,NO
Valkyrie VLK-QD1 Valkyrie,30,Ligero,3067,878,3871020,5,8,5,Inner Sphere,,,,,,,1,,,,,,,,,,,,,,1,,,,,,,,,,,,,,,,,,,,,,,,,,,,,,,,,10,"6,0",96,2,Estandar,Double,20,,10,20,XL Engine,Compra,NO
Valkyrie VLK-QD2 Valkyrie,30,Ligero,3072,638,3667520,5,8,5,Inner Sphere,,,,,,,1,,,,,,,,,,,,,,,,,,,,,,,,,,,,,,,,,,,,,,,,,,,,,,,10,"5,0",80,2,Estandar,Double,20,,5,5,XL Engine,Compra,NO
Valkyrie VLK-QD3 Valkyrie,30,Ligero,3067,882,3132320,7,11,6,Inner Sphere,,,,,,,2,,,,,,,,,,,,1,,,,,,,,,,,,,,,,,,,,,,,,,,,,,,,,,,,10,"5,6",89,2,Ferro Fibroso,Double,20,,12,15,Fusion Engine,Compra,NO
Valkyrie VLK-QD4 Valkyrie,30,Ligero,3085,657,4565270,5,8,7,Inner Sphere,,,,,,,1,,,,,,,,,,,,,,,,,,,,,,,,,,,,,,,,,,,,,,,,,,,,,,,10,"5,2",84,2,Ferro Fibroso,Double,20,,5,5,XL Engine,Compra,NO
Valkyrie VLK-QD6 Valkyrie,30,Ligero,3150,827,4001720,5,8,5,Inner Sphere,,,,,,,1,,,,,,,,,,,,,1,,,,,,,,,,,,,,,,,,,,,,,,,,,,,,,,,,10,"6,6",105,2,Ferro Fibroso,Double,20,,9,15,XL Engine,Compra,NO
Valkyrie VLK-QD8 Valkyrie,30,Ligero,3102,787,6396320,6,9,6,Inner Sphere,,,,,,,,,,,,,,,1,,,,,1,,,,,,,,,,,,,,,,,,,,,,,,,,,,,,,,,,10,"5,0",80,2,Estandar,Double,20,,14,20,XL Engine,Compra,NO
Valkyrie VLK-QDD Valkyrie,30,Ligero,3150,834,3921520,6,9,6,Inner Sphere,,,,,,,1,,,,,,,,,,,,,1,,,,,,,,,,,,,,,,,,,,,,,,,,,,,,,,,,10,"6,6",105,2,Ferro Fibroso,Double,20,,9,15,Light Fusion Engine,Compra,NO
Valkyrie VLK-QF Valkyrie,30,Ligero,2967,653,2154070,5,8,5,Inner Sphere,1,,,,,,,,,,,,,,,,,,,1,,,,,,,,,,,,,,,,,,,,,,,,,,,,,,,,,,11,"6,0",96,2,Estandar,Single,11,,7,12,Fusion Engine,Compra,NO
Valkyrie VLK-QS5 Valkyrie,30,Ligero,3070,774,2597520,5,8,5,Inner Sphere,,,,1,,,,,,,,,,,,,,,,,,,,,,,,,,,,,,,,,,,,,,,,,,,,,,,,,,10,"6,6",105,2,Ferro Fibroso,Single,10,,3,5,Fusion Engine,Compra,NO
Valkyrie VLK-QT2 Valkyrie,30,Ligero,3081,863,4941220,7,11,7,Inner Sphere,,,,,,,,,,,,,,,1,,,,,,,,,,,,,1,,,,,,,,,,,,,,,,,,,,,,,,,,10,"5,5",88,2,Estandar,Double,20,,14,22,XL Engine,Compra,NO
Valkyrie VLK-QW5 Valkyrie,30,Ligero,3072,689,4287520,5,8,5,Inner Sphere,,,,1,,,,,,,,,,,,,,,,,,,,,,,,,,,,,,,,,,,,,,,,,,,,,,,,,,10,"6,3",101,2,Ferro Fibroso,Single,10,,3,5,Light Fusion Engine,Compra,NO
Vampyr SC-V-1 SalvageMech Vampyr,80,Asalto,3066,540,4675640,4,6,0,Inner Sphere,,,,,,,,,,,,,,,,,,,,,,,,,,,,,,,,,,,,,,,,,,,,,,,,,,,,,,2,"7,0",112,4,Estandar,Single,2,,0,0,Fuel-Cell Engine,Compra,NO
'Vampyr' ScavengerMech SC-V-1 'Vampyr' ScavengerMech,80,Asalto,3066,540,4676840,4,6,0,Inner Sphere,,,,,,,,,,,,,,,,,,,,,,,,,,,,,,,,,,,,,,,,,,,,,,,,,,,,,,2,"7,0",112,4,Estandar,Single,2,,0,0,Fuel-Cell Engine,Compra,NO
Vandal LI-O Vandal,65,Pesado,3142,1881,28109234,5,8,4,Inner Sphere,1,,,,,1,,,,,,,,,,,1,1,,,,,,1,,,,,,,,,,,,,,,,,,,,,,,,,,1,,,,10,"12,5",200,2,Estandar,Double,20,,34,43,XL Engine,Compra,NO
Vandal  Vandal,65,Pesado,3142,1881,28109234,5,8,4,Inner Sphere,1,,,,,1,,,,,,,,,,,1,1,,,,,,1,,,,,,,,,,,,,,,,,,,,,,,,,,1,,,,10,"12,5",200,2,Estandar,Double,20,,34,43,XL Engine,Compra,NO
Vanquisher VQR-2A Vanquisher,100,Asalto,3063,2234,12342000,3,5,0,Inner Sphere,,,,,,,3,2,,,,,,,,,,,,,,,,,,,,,,,,,,,,,,,,,,,,,,,,,,,2,,,16,"19,2",307,2,Estandar,Double,32,,41,61,Fusion Engine,Compra,NO
Vanquisher VQR-2B Vanquisher,100,Asalto,3067,2073,11968000,3,5,0,Inner Sphere,,,,,,,3,,,,,,,,,,,,,,,,,,,,,,,,,,,,,,,,,,,4,,,,,,,,,,,,12,"19,2",307,2,Estandar,Double,24,,19,35,Fusion Engine,Compra,NO
Vanquisher VQR-5V Vanquisher,100,Asalto,3069,2334,20334000,3,5,0,Inner Sphere,,,,,,,2,2,,,,,,,,,,,,,,,,,,,,,,,,,,,,,,,,,,,,,,,,,,,,1,,12,"19,0",304,2,Ferro Fibroso,Double,24,,35,51,Compact Fusion Engine,Compra,NO
Vanquisher VQR-7U Vanquisher,100,Asalto,3071,2144,20686500,3,5,0,Inner Sphere,3,,,,,,,,,,,,,,,,1,,,,,,,,,,,,,,,,,,,,,,,,,,,,,,,,,,,,2,16,"19,0",304,2,Estandar,Double,32,,39,36,Compact Fusion Engine,Compra,NO
Vanquisher VQR-7V Vanquisher,100,Asalto,3071,2420,16170000,3,5,0,Inner Sphere,,,,,,,,,,,,,,,2,,,1,,,,,,,,,,,,,,,,,,,,,,,,,,,,,,,,2,,,,15,"19,0",304,2,Estandar,Double,30,,37,45,Fusion Engine,Compra,NO
VANQUISHER  VANQUISHER,100,Asalto,3070,2430,12148000,3,5,0,Inner Sphere,,,,,,,,,,,,,,,2,,,1,,,,,,,,,,,,,,,,,,,,,,,,,,,,,,,,2,,,,15,"18,4",295,2,Ferro Fibroso,Double,30,,37,45,Fusion Engine,Compra,NO
Vapor Eagle (Goshawk) 2 Vapor Eagle (Goshawk),55,Medio,2912,1989,12243770,6,9,6,Clan,,4,,,,,,,,2,,,,,,,,,,,,,,,,,,,,,,,,,,,,,,,,,1,,,,,,,,,,,10,"10,8",172,2,Ferro Fibroso,Double,20,,12,30,XL Engine,Compra,NO
Vapor Eagle (Goshawk) 3 Vapor Eagle (Goshawk),55,Medio,3062,2466,12677770,6,9,6,Clan,,,,,,,,,,,,,3,,,1,,,,,,,2,,,,,,,,,,1,,,,,,,,,,,,,,,,,,,,,15,"10,8",172,2,Ferro Fibroso,Double,30,,42,54,XL Engine,Compra,NO
Vapor Eagle (Goshawk) 4 Vapor Eagle (Goshawk),55,Medio,3066,2069,12153702,6,9,0,Clan,,,,,,3,4,,,,,,,,,,,,,,,,,,,,,,,,,,,2,,,,,,,,,,,,,,,,,,,,17,"10,8",172,2,Ferro Fibroso,Double,34,,34,53,XL Engine,Compra,NO
Vapor Eagle (Goshawk) 5 Vapor Eagle (Goshawk),55,Medio,2922,2572,12616770,6,9,6,Clan,,4,,,,,,,,4,,,,,,,,,,,,1,,,,,,,,,,,,,,,,,,,,,,,,,,,,,,,,10,"10,8",172,2,Ferro Fibroso,Double,20,,22,52,XL Engine,Compra,NO
Vapor Eagle (Goshawk) 6 Vapor Eagle (Goshawk),55,Medio,2910,1959,12370570,6,9,6,Clan,,4,,,,,3,,,,,,,,,,,,,,,,,,,,,,,,,,,,,,,,,,2,,,,,,,,,,,,,11,"10,8",172,2,Ferro Fibroso,Double,22,,17,27,XL Engine,Compra,NO
Vapor Eagle (Goshawk) 7 Vapor Eagle (Goshawk),55,Medio,3136,2876,18056170,6,9,0,Clan,,,,,,,,,,,,,,,,1,,,,,,,,,,,,,,,,,,,,,,,,,,,,,,,,,,,,,1,11,"10,8",172,2,Ferro Fibroso,Double,22,,22,10,XL Engine,Compra,NO
Vapor Eagle (Goshawk)  Vapor Eagle (Goshawk),55,Medio,2863,2368,12197820,6,9,6,Clan,,4,,,,,,,,3,1,,,,,,,,,,,,,,,2,,,,,,,,,,,,,,,,,,,,,,,,,,,,11,"10,8",172,2,Ferro Fibroso,Double,22,,26,43,XL Engine,Compra,NO
Venom SDR-9K Venom,35,Ligero,3050,798,6371910,8,12,8,Inner Sphere,,,,,,,,,,4,,,,,,,,,,,,,,,,,,,,,,,,,,,,,,,,,,,,,,,,,,,,12,"3,9",62,2,Ferro Fibroso,Single,12,,16,24,XL Engine,Compra,NO
Venom SDR-9KA Venom,35,Ligero,3056,865,6344910,8,12,8,Inner Sphere,,,,,,,,,,3,,,,,,,,,,,,,,,,,,,,,,,,,,,,,,,,,,,,,,,,,,,,12,"6,1",98,2,Ferro Fibroso,Single,12,,12,18,XL Engine,Compra,NO
Venom SDR-9KB Venom,35,Ligero,3057,769,6063260,8,12,6,Inner Sphere,,1,,,,,,,,3,,,,,,,,,,,,,,,,,,,,,,,,,,,,,,,,,,,,,,,,,,,,13,"5,0",80,2,Ferro Fibroso,Single,13,,12,20,XL Engine,Compra,NO
Venom SDR-9KC Venom,35,Ligero,3066,939,6863310,8,12,8,Inner Sphere,,,,,,,,,,3,,,,,,,,,,,,,,,,,,,,,,,,,,,,,,,,,,,,,,,,,,,,11,"7,4",119,2,Ferro Fibroso,Double,22,,12,18,XL Engine,Compra,NO
Verfolger VR5-R Salazar Verfolger,65,Pesado,3063,1778,10020210,4,6,0,Inner Sphere,,,,3,,,,,,,,,,,,1,,,,,,,,,,,,,,,,,,,,,,,,,,,,,,,,,,,1,,,13,"13,0",208,2,Estandar,Double,26,,25,40,Light Fusion Engine,Compra,NO
Verfolger VR5-R Verfolger,65,Pesado,3063,1639,14395959,5,8,0,Inner Sphere,,,,3,,,,,,,,,,,,1,,,,,,,,,,,,,,,,,,,,,,,,,,,,,,,1,,,,,,,13,"12,5",200,2,Estandar,Double,26,,26,35,XL Engine,Compra,NO
Verfolger VR6-C Verfolger,65,Pesado,3068,1584,14329959,5,8,0,Inner Sphere,,,,,,,3,,,,,,,,,1,,,,,,,,,,,,,,,,,,,,,,,,,,,,,,,,,,,,,,13,"12,5",200,2,Estandar,Double,26,,30,25,XL Engine,Compra,NO
Verfolger VR6-T Verfolger,65,Pesado,3082,1811,14390859,5,8,5,Inner Sphere,,,,,,,1,,,1,1,,,,,,1,,,,,,,,,,,,,,,,,,,,,,,,,,,,,,,,,,,,,14,"13,2",211,2,Estandar,Double,28,,29,30,XL Engine,Compra,NO
Victor C Victor,80,Asalto,3050,1950,8440920,4,6,4,Mixed,,,,,,,2,,,,,,,,,,,,,,,,,,,,1,,,,,,,,,,,,,,,,,,,,,,,,1,,,17,"11,5",184,2,Estandar,Single,17,,14,33,Fusion Engine,Compra,NO
Victor VTR-10D Victor,80,Asalto,3064,1894,9039120,4,6,4,Inner Sphere,,,,,,,2,,,,,,,,,,,,,,,,,,,,1,,,,,,,,,,,,,,,,,1,,,,,,,,,,12,"13,0",208,2,Estandar,Double,24,,21,38,Fusion Engine,Compra,NO
Victor VTR-10L Victor,80,Asalto,3066,2279,10253520,4,6,4,Inner Sphere,,,,,,,3,,,,,,,,,,,,,,,,,,1,,,,,,,,,,,,,,,,,,,,,,,,,,1,,,10,"15,4",247,2,Furtivo,Double,20,,20,42,Fusion Engine,Compra,NO
Victor VTR-10S Victor,80,Asalto,3062,2034,18335400,4,6,0,Inner Sphere,,,,,,,2,,,,,,,,,,,,,,,,,1,,,,,,,,,,,,,,,,,,,,,,,,,,,1,1,,10,"13,0",208,2,Estandar,Double,20,,15,58,XL Engine,Compra,NO
Victor VTR-11D Victor,80,Asalto,3065,2021,15678720,4,6,4,Inner Sphere,,,,,,,,2,,,,,,,,,,,,,,,,,,,1,,,,,,,,,,,,,,,,,,,,,,,1,,,,15,"14,5",232,2,Estandar,Double,30,,28,29,Light Fusion Engine,Compra,NO
Victor VTR-9A Victor,80,Asalto,2508,1236,7981220,4,6,4,Inner Sphere,2,1,,2,,,,,,,,,,,,,,,,,,,,1,,,,,,,,,,,,,,,,1,,,,,,,,,,,,,,15,"8,5",136,2,Estandar,Single,15,,22,44,Fusion Engine,Compra,NO
Victor VTR-9A1 Victor,80,Asalto,2508,1302,7990220,4,6,4,Inner Sphere,,2,,2,,,,,,,,,,,,,,,,,,,,1,,,,,,,,,,,,,,,,1,,,,,,,,,,,,,,15,"10,0",160,2,Estandar,Single,15,,16,42,Fusion Engine,Compra,NO
Victor VTR-9B Victor,80,Asalto,2510,1378,7998720,4,6,4,Inner Sphere,,,,2,,,,,,,,,,,,,,,,,,,,1,,,,,,,,,,,,,,,,1,,,,,,,,,,,,,,15,"11,5",184,2,Estandar,Single,15,,16,38,Fusion Engine,Compra,NO
Victor VTR-9K Victor,80,Asalto,3049,1717,8458720,4,6,4,Inner Sphere,,,,,,,,,,2,,,,,,,,,,,,,,1,,,,,,,,,,,,,,,,,,,,,,,,,,,1,,,15,"12,5",200,2,Estandar,Single,15,,12,35,Fusion Engine,Compra,NO
Victor VTR-9Ka Victor,80,Asalto,3076,1594,9528120,4,6,5,Inner Sphere,,,,1,,,,,,,,,,,,,,,,,,,,,,,,,,,,,,,,,,,,1,,,,,,,,,,,,,,12,"12,5",200,2,Estandar,Single,12,,10,25,Fusion Engine,Compra,NO
Victor VTR-9S Victor,80,Asalto,2998,1360,8016720,4,6,4,Inner Sphere,,,,2,,,,,,,,,,,,,,,,,,,,,1,,,,,,,,,,,,,,,1,,,,,,,,,,,,,,15,"10,5",168,2,Estandar,Single,15,,17,42,Fusion Engine,Compra,NO
Victor VTR-C Victor,80,Asalto,3054,1717,8905120,4,6,4,Inner Sphere,,,,,,,,,,2,,,,,,,,,,,,,,1,,,,,,,,,,,,,,,,,,,,,,,,,,,1,,,14,"12,5",200,2,Estandar,Single,14,,12,35,Fusion Engine,Compra,NO
Victor VTR-Cr Victor,80,Asalto,3069,1465,9238120,4,6,4,Inner Sphere,,,,2,,,,,,,,,,,,,,,,,,,,,,,1,,,,,,,,,,,,1,,,,,,,,,,,,,,,14,"12,5",200,2,Estandar,Single,14,,12,28,Fusion Engine,Compra,NO
Viking IIC  Viking IIC,90,Asalto,3095,2780,12879900,3,5,0,Clan,,4,,,,,,,,,,,,,,,,,,,2,2,,,,,,,,,,,,,,,,,,,,,,,,,,,,,,,,11,"15,5",248,2,Estandar,Double,22,,22,78,Fusion Engine,Compra,NO
Viking VKG-2F Viking,90,Asalto,3059,2079,9849250,3,5,0,Inner Sphere,,4,2,,,,,,,,,,,,,,,,,,2,2,,,,,,,,,,,,,,,,,,,,,,,,,,,,,,,,10,"15,5",248,2,Estandar,Double,20,,24,84,Fusion Engine,Compra,NO
Viking VKG-2G Viking,90,Asalto,3060,2152,9490300,3,5,0,Inner Sphere,,,,,,,,,,3,1,,,,,,,,,,,,,,,,,,,,,,,,,,,,,,,,,,,,1,,,,1,,,12,"17,4",279,2,Estandar,Double,24,,25,52,Fusion Engine,Compra,NO
Viking VKG-3A Viking,90,Asalto,3074,1876,12210800,3,5,0,Inner Sphere,,,,,,,,,1,2,,,,,,,,,,,,,,,,,,,,,,,,,,,,,,,,,,,,,,,,,,,,11,"17,4",279,2,Estandar,Double,22,,10,15,Compact Fusion Engine,Compra,NO
Viking VKG-3W Viking,90,Asalto,3072,1778,10079000,3,5,0,Inner Sphere,,,,,,,,,,,,,,,,,,,,,,,,,,2,,,,,,,,,,,,,,,,,,,,,,,,,,,,10,"17,4",279,2,Estandar,Double,20,,4,8,Fusion Engine,Compra,NO
Vindicator VND-1AA 'Avenging Angel' Vindicator,45,Medio,2863,966,3850532,5,8,5,Inner Sphere,,,1,1,,,,,,,,,,,1,,,,1,,,,,,,,,,,,,,,,,,,,,,,,,,,,,,,,,,,16,"4,5",72,2,Estandar,Single,16,,16,23,Fusion Engine,Compra,NO
Vindicator VND-1R (Vong) Vindicator,45,Medio,3020,1024,3167582,4,6,4,Inner Sphere,,,1,1,,,,,,,,,,,1,,,,1,,,,,,,,,,,,,,,,,,,,,,,,,,,,,,,,,,,16,"9,0",144,2,Estandar,Single,16,,16,23,Fusion Engine,Compra,NO
Vindicator VND-1R KKK Vindicator,45,Medio,2826,999,3129420,4,6,4,Inner Sphere,,,,1,,,,,,,,,,,1,,,,,,,,1,,,,,,,,,,,,,,,,,,,,,,,,,,,,,,,17,"9,5",152,2,Estandar,Single,17,,15,19,Fusion Engine,Compra,NO
Vindicator VND-1R Salazar Vindicator,45,Medio,2826,1047,3148820,4,6,4,Inner Sphere,,,,2,,,,,,,,,,,1,,,,,,,,,,,,,,,,,,,,,,,,,,,,,,,,,,,,,,,18,"9,5",152,2,Estandar,Single,18,,16,20,Fusion Engine,Compra,NO
Vindicator VND-1R Vindicator,45,Medio,2826,1024,3167582,4,6,4,Inner Sphere,,,1,1,,,,,,,,,,,1,,,,1,,,,,,,,,,,,,,,,,,,,,,,,,,,,,,,,,,,16,"9,0",144,2,Estandar,Single,16,,16,23,Fusion Engine,Compra,NO
Vindicator VND-1SIC Vindicator,45,Medio,3031,1020,3121182,4,6,4,Inner Sphere,,,1,1,1,,,,,,,,,,,,,,,1,,,,,,,,,,,,,,,,,,,,,,,,,,,,,,,,,,15,"9,0",144,2,Estandar,Single,15,,16,26,Fusion Engine,Compra,NO
Vindicator VND-1X Vindicator,45,Medio,2826,1008,3163370,4,6,4,Inner Sphere,,2,,1,,,,,,,,,,,1,,,,1,,,,,,,,,,,,,,,,,,,,,,,,,,,,,,,,,,,15,"9,0",144,2,Estandar,Single,15,,15,24,Fusion Engine,Compra,NO
Vindicator VND-3L Vindicator,45,Medio,3051,1105,3510870,4,6,4,Inner Sphere,,,,,,,,,,1,,,,,,1,,,1,,,,,,,,,,,,,,,,,,,,,,,,,,,,,,,,,,,15,"9,0",144,2,Estandar,Double,30,,21,21,Fusion Engine,Compra,NO
Vindicator VND-3Lr Vindicator,45,Medio,3077,1045,3632120,4,6,4,Inner Sphere,,,,,,,1,,,,,,,,,,1,,,,,,,,,,,,,,,,,,,,,,,,,,,,,,,,,,,,,15,"9,0",144,2,Estandar,Double,30,,15,15,Fusion Engine,Compra,NO
Vindicator VND-4BM Vindicator,45,Medio,3063,1086,6071120,4,6,4,Inner Sphere,,,,1,,,,,,,,,,,,1,,,,1,,,,,,,,,,,,,,,,,,,,,,,,,,,,,,,,,,18,"8,5",136,2,Estandar,Single,18,,22,25,XL Engine,Compra,NO
Vindicator VND-4L Vindicator,45,Medio,3063,1411,8105920,5,8,5,Inner Sphere,,,,,,,1,,,1,,,,,,1,,,1,,,,,,,,,,,,,,,,,,,,,,,,,,,,,,,,,,,13,"9,0",144,2,Furtivo,Double,26,,26,26,XL Engine,Compra,NO
Vindicator VND-5L Vindicator,45,Medio,3060,1484,4636882,4,6,4,Inner Sphere,,,1,,,,2,,1,2,,,,,,1,,,,,,,,,,,,,,,,,,,,,,,,,,,,,,,,,,,,,,10,"9,5",152,2,Estandar,Double,20,,36,38,Fusion Engine,Compra,NO
Vindicator VND-6L Vindicator,45,Medio,3068,1739,5304090,4,6,4,Inner Sphere,,,,,,,2,,,,,,,,,,,,,,,,,,,,,,,,,,,,,,,,,,,,,,,,,,,,,,1,10,"9,5",152,2,Furtivo,Double,20,,20,20,Fusion Engine,Compra,NO
Violator VT-U1 Violator,45,Medio,3097,928,4259080,5,8,0,Inner Sphere,,,,,,,,,,,,,,,,,,,,,,,,,,,,,2,,,,,,,,,,,,,,,,,,,,,,,,,10,"9,0",144,2,Estandar,Double,20,,8,20,Fusion Engine,Compra,NO
Violator VT-U3 Violator,45,Medio,3098,973,4074080,5,8,0,Inner Sphere,,,,,,,,,,,,,,,,,,,1,,,,,,2,,,,,,,,,,,,,,,,,,,,,,,,,,,,,10,"9,0",144,2,Estandar,Double,20,,10,29,Fusion Engine,Compra,NO
Viper (Black Python) 2 Viper (Black Python),75,Pesado,3052,2520,19295000,5,8,5,Clan,,2,,,,,,2,5,,,,,,,,,,,,,,,,,,,,,,,,,,,,,,,,1,,,,,,,,,,,,,12,"13,2",211,2,Ferro Fibroso,Double,24,,35,37,XL Engine,Compra,NO
Viper (Black Python) 3 Viper (Black Python),75,Pesado,3066,2421,18941250,5,8,4,Clan,,2,,,,,,,4,2,,,,2,,,,,,,,,,,,,,,,,,,,,,,,,,,,,,,,,,,,,,,,17,"14,4",230,2,Ferro Fibroso,Double,34,,52,60,XL Engine,Compra,NO
Viper (Black Python) 4 Viper (Black Python),75,Pesado,3067,2594,18968250,5,8,4,Clan,,,,,,,1,,4,2,,,,2,,,,,,,,,,,,,,,,,,,,,,,,,,,,,,,,,,,,,,,,18,"13,8",220,2,Ferro Fibroso,Double,36,,57,61,XL Engine,Compra,NO
Viper (Black Python)  Viper (Black Python),75,Pesado,3051,2813,18838000,5,8,5,Clan,,2,,,,,,,4,2,2,,,,,,,,,,,,,,,,,,,,,,,,,,,,,,,,,,,,,,,,,,,13,"13,2",211,2,Ferro Fibroso,Double,26,,36,46,XL Engine,Compra,NO
Viper (Dragonfly)  Viper (Dragonfly),40,Medio,2940,1450,11029533,8,12,8,Clan,4,8,,,,3,25,,4,4,,,9,,,1,,,4,,,,,1,1,,1,1,,,,,5,1,,,,,,,,,,,,,,,,,7,,1,10,"8,4",134,2,Ferro Fibroso,Double,20,,295,501,XL Engine,Compra,NO
Vision Quest 2 Vision Quest,60,Pesado,2868,2556,11980080,5,8,0,Clan,,,,,,3,,2,,,,,,,,,,,,,,,,,,,,,,,,,,,,,,,,,,,,,,,,,,,1,,,13,"12,0",192,2,Ferro Fibroso,Double,26,,31,40,XL Engine,Compra,NO
Vision Quest VQ-1NC Vision Quest,60,Pesado,2828,2401,12060480,5,8,0,Mixed,,,,,,,,2,,3,,,,,,,,,,,,,,,,,,,,,,,,,,,,,,,,,,,,,,,,,1,,,12,"11,8",188,2,Ferro Fibroso,Double,24,,37,49,XL Engine,Compra,NO
Vision Quest  Vision Quest,60,Pesado,2832,2458,12448480,5,8,0,Clan,,,,,,,,2,,3,,,,,,,,,,,,,,,,,,,,,,,,,,,,,,,,,,1,,,,,,,,,,12,"12,6",201,2,Ferro Fibroso,Double,24,,44,54,XL Engine,Compra,NO
Vixen (Incubus) 2 Vixen (Incubus),30,Ligero,2998,1913,5477140,9,14,0,Clan,,4,,,,,2,,,,,,,,,1,,,,,,,,,,,,,,,,,,,,,,,,,,,,,,,,,,,,,,10,"6,6",105,2,Ferro Fibroso,Double,20,,25,28,XL Engine,Compra,NO
Vixen (Incubus) 3 Vixen (Incubus),30,Ligero,3025,1324,5310140,9,14,0,Clan,,4,,,,,,,,2,,,,,,,,,,,,,,,,,,1,,,,,,,,,,,,,,,,,,,,,,,,,,10,"6,6",105,2,Ferro Fibroso,Double,20,,12,32,XL Engine,Compra,NO
Vixen (Incubus) 4 Vixen (Incubus),30,Ligero,3065,1581,5327140,9,14,0,Clan,,,,,,,,,,2,,,,1,,,,,,,,,,,,,,,,,,,,,,,,,,,,,,,,,,,,,,,,10,"6,6",105,2,Ferro Fibroso,Double,20,,26,28,XL Engine,Compra,NO
Vixen (Incubus) 5 Vixen (Incubus),30,Ligero,3065,1364,5464640,9,14,0,Clan,,4,,,,,2,,,,,,,,,,,,,,,,,,,,,,,,,,,1,,,,,,,,,,,,,,,,,,,,10,"6,6",105,2,Ferro Fibroso,Double,20,,14,30,XL Engine,Compra,NO
Vixen (Incubus) 7 Vixen (Incubus),30,Ligero,2961,1175,5309140,9,14,0,Clan,,4,,,,,2,,,,,,,,,,,,,,,,,,,,,,,,,,,,,,,,,,1,,,,,,,,,,,,,10,"6,6",105,2,Ferro Fibroso,Double,20,,11,20,XL Engine,Compra,NO
Vixen (Incubus) 8 Vixen (Incubus),30,Ligero,2962,1557,5507140,9,14,0,Clan,,4,,,,,2,,,,,,,,,,,,,,,1,,,,,,,,,,,,,,,,,,,,,,,,,,,,,,,,10,"6,6",105,2,Ferro Fibroso,Double,20,,16,38,XL Engine,Compra,NO
Vixen (Incubus) 9 Vixen (Incubus),30,Ligero,3150,1849,17504640,9,14,0,Mixed,,,,,,,,,,2,1,,,,,,,,,,,,,,,,,,,,,,,,,,,,,,,,,,,,,,,,3,,,10,"6,5",104,2,Estandar,Double,20,,21,66,XXL Engine,Compra,NO
Vixen (Incubus)  Vixen (Incubus),30,Ligero,2954,1596,5314640,9,14,0,Clan,,4,,,,,2,,,,1,,,,,,,,,,,,,,,,,,,,,,,,,,,,,,,,,,,,,,,,,,,10,"6,6",105,2,Ferro Fibroso,Double,20,,20,27,XL Engine,Compra,NO
Von Rohrs (Hebi) VON 4RH-5 Von Rohrs (Hebi),65,Pesado,2487,1170,6014934,5,8,0,Inner Sphere,1,,,,,,,,,,,,,,1,,,,,1,,,,,,,,,,,,,,,,,,,,,,,,,,,,,,,,,,15,"9,0",144,2,Estandar,Single,15,,17,22,Fusion Engine,Compra,NO
Von Rohrs (Hebi) VON 4RH-6 Von Rohrs (Hebi),65,Pesado,0,1146,6048234,5,8,0,Inner Sphere,1,,,,,,,,,,,,,,1,,,,,,,,,2,,,,,,,,,,,,,,,,,,,,,,,,,,,,,,16,"9,0",144,2,Estandar,Single,16,,19,28,Fusion Engine,Compra,NO
Vulcan VL-2T Vulcan,40,Medio,2777,642,3462100,6,9,6,Inner Sphere,1,1,,1,,,,,,,,,,,,,,,,,,,,,,,,,,,,,,,,,1,,,,,,,,,,,,,,,,,10,"5,0",80,2,Estandar,Single,10,,7,11,Fusion Engine,Compra,NO
Vulcan VL-5T Vulcan,40,Medio,2778,942,3557700,6,9,6,Inner Sphere,1,1,,4,,,,,,,,,,,,,,,,,,,,,,,,,,,,,,,,,,,,,,,,,,,,,,,,,,12,"7,0",112,2,Estandar,Single,12,,15,24,Fusion Engine,Compra,NO
Vulcan VT-5M Vulcan,40,Medio,3050,811,3788699,6,9,6,Inner Sphere,1,1,,,,,,,,1,1,,,,,,,,,,,,,,,,,,,,,,,,,,,,,,,,,,,,,,,,,,,11,"5,0",80,2,Estandar,Double,22,,17,19,Fusion Engine,Compra,NO
Vulcan VT-5S Vulcan,40,Medio,3050,883,7145100,6,9,6,Inner Sphere,1,1,,1,,,,,,,,,,,,,,,,,,,,,,,,,,,,,,,,,,,,,,1,,,,,,,,,,,,10,"5,6",89,2,Ferro Fibroso,Single,10,,7,14,XL Engine,Compra,NO
Vulcan VT-5Sr Vulcan,40,Medio,3075,1210,7245700,6,9,6,Inner Sphere,1,1,,1,,,,,,,,,,,,,,,,,,,,,,,,,,,,,,,,,,,,,,,,,,,,,,,,,1,12,"5,6",89,2,Ferro Fibroso,Single,12,,16,19,XL Engine,Compra,NO
Vulcan VT-6C Vulcan,40,Medio,3070,959,4908550,6,9,6,Inner Sphere,1,1,,,,,1,1,,,,,,,,,,,,,,,,,,,,,,,,,,,,,,,,,,,,,,,,,,,,,,10,"5,0",80,2,Estandar,Double,20,,20,17,Fusion Engine,Compra,NO
Vulcan VT-6M Vulcan,40,Medio,3069,959,6721800,6,9,6,Inner Sphere,1,1,,,,,1,,,,,,,,,,,,,,,,,,,,,,,,,,,,,,,,,,,,,,,,,,,,1,,,10,"5,8",93,2,Ferro Fibroso,Double,20,,9,24,XL Engine,Compra,NO
Vulpes VLP-1D Vulpes,60,Pesado,3133,2225,44852160,5,8,0,Mixed,,,,,,,,2,,,,,,,,,,,,,,,,,,,,,,,,,,,,,,,,,,,,,,,,,,1,,,,14,"12,5",200,2,Furtivo,Double,28,,25,21,XXL Engine,Compra,NO
Vulture (Mad Dog)  Vulture (Mad Dog),60,Pesado,2963,2351,15232000,5,8,5,Clan,,,,,,2,12,4,,20,2,,3,1,,5,,,,,3,7,,,6,,,5,,,,,,,,2,,,,,,,,,2,1,,,2,,2,,,12,"10,2",163,2,Ferro Fibroso,Double,24,,450,740,XL Engine,Compra,NO
Vulture Mk III (Mad Dog Mk III)  Vulture Mk III (Mad Dog Mk III),60,Pesado,3109,2729,16484000,5,8,4,Clan,,,,,,,8,2,,4,,,,,,,,,,,,6,,,4,,,8,,,,,,,,,,,,,,2,,,,,,,,2,,,,12,"11,4",182,2,Ferro Fibroso,Double,24,,168,364,XL Engine,Compra,NO
Vulture Mk IV  Vulture Mk IV,60,Pesado,3135,2110,16062000,5,8,0,Clan,,,,,,4,2,,2,1,1,,2,1,,2,,,4,,2,,,,4,,,,,,,,,,,2,,,,,,,1,,,1,,,,,1,,,12,"12,6",201,2,Ferro Fibroso,Double,24,,154,275,XL Engine,Compra,NO
Wakazashi  Wakazashi,85,Asalto,2830,2909,9429880,3,5,3,Clan,,,,,,,2,,,,,,,,,1,,,,,,,,,,,,,,,,,,,,,,,,,,,,,,,,1,,,1,,,14,"16,4",263,2,Estandar,Double,28,,32,55,Fusion Engine,Compra,NO
War Crow  War Crow,70,Pesado,3145,2835,21922358,5,8,5,Clan,,,,,,1,7,3,,4,1,,,,,1,,,,,3,,,,,,,,,,,,,,2,,,,,,,,,,,,,,,,,,,14,"13,6",217,2,Ferro Fibroso,Double,28,,141,186,XL Engine,Compra,NO
War Dog WR-DG-02FC Salazar War Dog,75,Pesado,3052,1911,15489000,4,6,0,Inner Sphere,,,,8,,,,,,,,,,,,,,,,,,,,,,2,,,,,,,,,,,,,,,,,,,,,,,,,1,,,15,"14,4",231,2,Estandar,Double,30,,29,63,XL Engine,Compra,NO
War Dog WR-DG-02FC War Dog,75,Pesado,3052,1814,15481250,4,6,0,Inner Sphere,,,,,,,,,1,2,1,,,,,,,,,,,,,,,2,,,,,,,,,,,,,,,,,,,,,,,,,1,,,10,"13,4",215,2,Ferro Fibroso,Double,20,,25,47,XL Engine,Compra,NO
War Dog WR-DG-03FC War Dog,75,Pesado,3064,1962,16335750,4,6,0,Inner Sphere,,,,,,,3,,,2,,,,,,1,,,,,,,,,,,,,,,,,,,,,,,,,,,,,,,,,,,,1,,13,"13,4",215,2,Ferro Fibroso,Double,26,,39,62,XL Engine,Compra,NO
War Dog WR-DG-05FC War Dog,75,Pesado,3064,2032,16044500,4,6,4,Inner Sphere,,,,,,,,,,4,,,,,,1,,,,,,,,,,,,,,,,,,,,,,,,,,,,,,,,,,,,1,,13,"12,5",200,2,Estandar,Double,26,,32,59,XL Engine,Compra,NO
Warhammer C 2 Warhammer,70,Pesado,3052,2157,6747183,4,6,0,Mixed,,,,,,2,,,2,2,,,,,,2,,,,,,,,,,,,1,,,,,,,,,,,,,,,,,,,,,,,,,,18,"10,0",160,2,Estandar,Double,36,,50,56,Fusion Engine,Compra,NO
Warhammer C 3 Warhammer,70,Pesado,2874,2772,14629683,4,6,0,Clan,,,,,,,2,,,2,,,,,,2,,,,,,,,,,,,2,,,,,,,,,,,,,,,,,,,,,,,,,,17,"13,6",217,2,Estandar,Double,34,,56,66,XL Engine,Compra,NO
Warhammer C Warhammer,70,Pesado,3050,1746,6374183,4,6,0,Mixed,,2,,,,2,2,,,,2,,,,,,,,,,,,,,,,,1,,,,,,,,,,,,,,,,,,,,,,,,,,20,"10,0",160,2,Estandar,Single,20,,38,50,Fusion Engine,Compra,NO
Warhammer IIC 10 Warhammer IIC,80,Asalto,3145,2290,9280650,4,6,0,Clan,,,,,,1,,4,,,,,,,,,,,,,,,,,2,,,,,,,,,,,,,,,,,,,,,,,,,,,,,23,"14,4",230,2,Ferro Fibroso,Double,46,,58,59,Fusion Engine,Compra,NO
Warhammer IIC 11 Warhammer IIC,80,Asalto,3145,2021,8922000,4,6,0,Clan,,,,,,,1,,,,,,,2,,,,,,,,,,,,,,2,,,,,,,,,,,,,,,,,,,,,,,,,,24,"14,5",232,2,Estandar,Double,48,,49,61,Fusion Engine,Compra,NO
Warhammer IIC 12 Warhammer IIC,80,Asalto,3130,2680,83640900,5,8,0,Clan,,,,,,2,2,,,,,,,,,2,,,,,,,,,1,,,,,,,,,,,,,,,,,,,,,,,,,,,,,20,"14,4",230,2,Estandar,Double,40,,48,48,XXL Engine,Compra,NO
Warhammer IIC 13 Warhammer IIC,80,Asalto,3150,2715,18982200,4,6,0,Clan,,,,,,,,,,5,,,,,,2,,,,,2,,,,1,,,,,,,,,,,,,,,,,,,,,,,,,,,,,21,"12,0",192,2,Estandar,Double,42,,64,92,XL Engine,Compra,NO
Warhammer IIC 2 Warhammer IIC,80,Asalto,2920,2482,9431400,4,6,0,Clan,,,,,,,,,,,,,,,,2,,,,,2,,,,1,,,,,,,,,,,,,,,,,,,,,,,,,,,,,20,"14,4",230,2,Ferro Fibroso,Double,40,,44,62,Fusion Engine,Compra,NO
Warhammer IIC 3 Warhammer IIC,80,Asalto,3061,2382,8832000,4,6,0,Clan,,,,,,,,,,5,,,,2,,,,,,,,,,,,,,,,,,,,,,,,,,,,,,,,,,,,,,,,22,"15,0",240,2,Ferro Fibroso,Double,44,,56,62,Fusion Engine,Compra,NO
Warhammer IIC 4 Warhammer IIC,80,Asalto,3062,2386,9385650,4,6,0,Clan,,,,,,1,,,,,,,,,,2,,,,,,,,,,,,,,,,,,2,,,,,,,,,,,,,,,,,,,,20,"14,4",230,2,Ferro Fibroso,Double,40,,40,47,Fusion Engine,Compra,NO
Warhammer IIC 5 Warhammer IIC,80,Asalto,3070,2185,9963600,4,6,0,Clan,,,,,,,,,,,,,4,,,,,,,,,,,,,,1,,,,,,,,,,,,,,,,,,,,,,,,,,,14,"13,8",220,2,Ferro Fibroso,Double,28,,31,48,Fusion Engine,Compra,NO
Warhammer IIC 6 Warhammer IIC,80,Asalto,3071,2661,9436650,4,6,0,Clan,,,,,,1,,,,,,,,,,2,,,,,,,,,,,,,,,,,,,,,,,,,,,,,,,,,,,,,,15,"14,4",230,2,Ferro Fibroso,Double,30,,32,23,Fusion Engine,Compra,NO
Warhammer IIC 7 Warhammer IIC,80,Asalto,3079,2915,21347400,4,6,6,Clan,,,,,,,2,,,2,,,,,,2,,,,,,,,,,,,,,,,,,1,,,,,,,,,,,,,,,,,,,,15,"12,0",192,2,Estandar,Double,30,,52,54,XL Engine,Compra,NO
Warhammer IIC 8 Warhammer IIC,80,Asalto,3079,2380,22263600,5,8,0,Clan,,,,,,,2,,,,,,,2,,,,,,,,,,,,,,1,,,,,,,,,,,,,,,,,,,,,,,,,2,19,"13,8",220,2,Ferro Fibroso,Double,38,,64,54,XL Engine,Compra,NO
Warhammer IIC 9 Warhammer IIC,80,Asalto,3086,2819,83091300,5,8,0,Clan,,,,,,2,2,,,,,,,,,,,,,1,,,,,,,,,,,,,,,,,,,,,,,,,,,,,,2,,,,16,"14,4",230,2,Ferro Fibroso,Double,32,,20,36,XXL Engine,Compra,NO
Warhammer IIC  Warhammer IIC,80,Asalto,2829,2570,9161400,4,6,0,Clan,,,,,,,,,,5,,,,,,2,,,,,,,,,1,,,,,,,,,,,,,,,,,,,,,,,,,,,,,20,"14,4",230,2,Ferro Fibroso,Double,40,,54,62,Fusion Engine,Compra,NO
Warhammer WHD-10CT Warhammer,70,Pesado,3085,1758,15774750,4,6,0,Inner Sphere,,,,,,,2,,,2,,,,,,,2,,,,,,,,,,,1,,,,,,,,,,,,,,,,,,,,,,,,,,13,"13,2",212,2,Ferro Fibroso,Double,26,,42,54,Light Fusion Engine,Compra,NO
Warhammer WHM-10K Warhammer,70,Pesado,3147,2033,12290250,4,6,0,Mixed,,2,,2,,2,,,,,,,,,,2,,,,,,,,,,,,1,,,,,,,,,,,,,,,,,,,,,,,,,,16,"13,5",216,2,Estandar,Double,32,,44,52,Light Fusion Engine,Compra,NO
Warhammer WHM-10T Warhammer,70,Pesado,3073,1891,18566266,5,8,7,Inner Sphere,,,,,,,2,,,,,,,,2,,,,,,,,,,,,,,,,,,,,,,,,,,,,,,,,,,,,,,,11,"13,5",216,2,Estandar,Double,22,,30,30,XL Engine,Compra,NO
Warhammer WHM-11T Warhammer,70,Pesado,3084,1698,15442283,4,6,5,Inner Sphere,,,,,,,2,,,,,,,,2,,2,,,,,,,,,,,,,,,,,,,,,,,,,,,,,,,,,,,,,13,"11,1",178,2,Ferro Fibroso,Double,26,,50,50,XL Engine,Compra,NO
Warhammer WHM-4L Warhammer,70,Pesado,3067,1743,14904633,4,6,0,Inner Sphere,,,,,,,,,,4,,,,,,2,,,,,,,,,,,,1,,,,,,,,,,,,,,,,,,,,,,,,,,16,"13,5",216,2,Furtivo,Double,32,,50,56,XL Engine,Compra,NO
Warhammer WHM-5L Warhammer,70,Pesado,3081,1896,7509600,3,5,5,Inner Sphere,,,,,,,2,,,,,,,,,,,,,,,,,1,,,,,,,,,,,,,,,,,,,,,,,,,,,,,2,15,"11,5",184,2,Estandar,Double,30,,33,38,Fusion Engine,Compra,NO
Warhammer WHM-6D Salazar Warhammer,70,Pesado,2835,1444,5931583,4,6,0,Inner Sphere,,,2,2,,,,,,,,,,,2,,,,,,,,,,,,,,,,,,,,,,,,,,,,,,,,,,,,,,,21,"13,0",208,2,Estandar,Single,21,,28,36,Fusion Engine,Compra,NO
Warhammer WHM-6D Warhammer,70,Pesado,2835,1471,5945183,4,6,0,Inner Sphere,,,2,2,,,,,,,,,,,2,,,,,,,,,,,,,,,,,,,,,,,,,,,,,,,,,,,,,,,20,"13,6",217,2,Estandar,Single,20,,28,36,Fusion Engine,Compra,NO
Warhammer WHM-6K Warhammer,70,Pesado,2830,1305,6040183,4,6,0,Inner Sphere,,,2,2,,,,,,,,,,,2,,,,,,,,,,1,,,,,,,,,,,,,,,,,,,,,,,,,,,,,20,"10,0",160,2,Estandar,Single,20,,32,48,Fusion Engine,Compra,NO
Warhammer WHM-6L Warhammer,70,Pesado,2825,1311,6058883,4,6,0,Inner Sphere,2,,2,2,,,,,,,,,,,2,,,,,,,,,,1,,,,,,,,,,,,,,,,,,,,,,,,,,,,,18,"10,0",160,2,Estandar,Single,18,,38,52,Fusion Engine,Compra,NO
Warhammer WHM-6R Warhammer,70,Pesado,2515,1299,6051383,4,6,0,Inner Sphere,,2,2,2,,,,,,,,,,,2,,,,,,,,,,1,,,,,,,,,,,,,,,,,,,,,,,,,,,,,18,"10,0",160,2,Estandar,Single,18,,32,52,Fusion Engine,Compra,NO
Warhammer WHM-6Rb Warhammer,70,Pesado,2599,1431,6537583,4,6,0,Inner Sphere,,2,2,2,,,,,,,,,,,2,,,,,,,,,,1,,,,,,,,,,,,,,,,,,,,,,,,,,,,,17,"11,2",179,2,Ferro Fibroso,Double,34,,32,52,Fusion Engine,Compra,NO
Warhammer WHM-7A Warhammer,70,Pesado,2761,1679,7137333,4,6,0,Inner Sphere,,,,4,,,,,2,,,,,,,2,,,,,,,,,1,,,,,,,,,,,,,,,,,,,,,,,,,,,,,16,"13,0",208,2,Estandar,Double,32,,50,58,Fusion Engine,Compra,NO
Warhammer WHM-7CS Warhammer,70,Pesado,3052,1751,13782633,4,6,4,Inner Sphere,,,,4,,,,,,,,,,,,2,,,,,,,,,,3,,,,,,,,,,,,,,,,,,,,,,,,,,,,17,"13,6",217,2,Estandar,Double,34,,48,52,XL Engine,Compra,NO
Warhammer WHM-7K Warhammer,70,Pesado,3054,1651,6775233,4,6,0,Inner Sphere,,,,2,,,,,2,,,,,,,2,,,,,,,,,,2,,,,,,,,,,,,,,,,,,,,,,,,,,,,18,"13,5",216,2,Estandar,Double,36,,44,44,Fusion Engine,Compra,NO
Warhammer WHM-7M-DC Warhammer,70,Pesado,3052,1402,7282533,4,6,0,Inner Sphere,,1,,1,,,,,,,,,,,,2,,,,,,,,,1,,,,,,,,,,,,,,,,,,,,,,,,,,,,,18,"10,0",160,2,Estandar,Double,36,,37,39,Fusion Engine,Compra,NO
Warhammer WHM-7M Warhammer,70,Pesado,3047,1487,6673033,4,6,0,Inner Sphere,,1,,2,,,,,,,,,,,,2,,,,,,,,,1,,,,,,,,,,,,,,,,,,,,,,,,,,,,,18,"10,0",160,2,Estandar,Double,36,,40,44,Fusion Engine,Compra,NO
Warhammer WHM-7S Warhammer,70,Pesado,3050,1477,6539783,4,6,0,Inner Sphere,,,2,,,,,,,2,,,,,,2,,,,,,,,,,2,,,,,,,,,,,,,,,,,,,,,,,,,,,,18,"10,0",160,2,Estandar,Double,36,,44,46,Fusion Engine,Compra,NO
Warhammer WHM-8D Warhammer,70,Pesado,3066,1744,7462883,4,6,0,Inner Sphere,,,,,,2,2,,,,,,,,,2,,,,,,,,,,,,1,,,,,,,,,,,,,,,,,,,,,,,,,,17,"13,5",216,2,Estandar,Double,34,,48,48,Fusion Engine,Compra,NO
Warhammer WHM-8D2 Warhammer,70,Pesado,3087,1654,7756383,4,6,0,Inner Sphere,,,,,,2,2,,,,,,,,,2,,,,,,,,,,,,,,,,,,,,,,,,,,,,,,,,,,,,,,17,"13,0",208,2,Estandar,Double,34,,44,36,Fusion Engine,Compra,NO
Warhammer WHM-8K Warhammer,70,Pesado,3073,1748,7023433,4,6,0,Inner Sphere,,,,,,,,,,,,,,,,,,2,,,,,,,,,1,,,,,,,,,,,,,,,,,,,,,,,,,,,16,"13,6",217,2,Ferro Fibroso,Double,32,,33,38,Fusion Engine,Compra,NO
Warhammer WHM-8M Warhammer,70,Pesado,3069,1631,7169633,4,6,0,Inner Sphere,,,,,,,2,,,,,,,,,2,,,,,,,,,,,,,,,,,,,,,,,,,,,,,,,,,,,1,,,12,"13,0",208,2,Estandar,Double,24,,41,45,Fusion Engine,Compra,NO
Warhammer WHM-8R Warhammer,70,Pesado,3090,1697,7249683,4,6,0,Inner Sphere,,2,,,,2,2,,,,,,,,,2,,,,,,,,,,,,1,,,,,,,,,,,,,,,,,,,,,,,,,,16,"13,0",208,2,Estandar,Double,32,,48,52,Fusion Engine,Compra,NO
Warhammer WHM-9D Warhammer,70,Pesado,3067,2152,16344366,5,8,3,Inner Sphere,,,,,,,2,,,,,,,,,2,,,,,,,,,,,,,,,,,,,,,,,,,,,,,,,,,,,,,,18,"13,5",216,2,Estandar,Double,36,,40,30,XL Engine,Compra,NO
Warhammer WHM-9K Warhammer,70,Pesado,3105,1744,11214100,4,6,0,Inner Sphere,,,,,,,,,,,,,,,,,,2,,,,,,,,,,,,,,,,,,,,,,,,,,,,,,,,,,,,16,"13,5",216,2,Estandar,Double,32,,30,30,Light Fusion Engine,Compra,NO
Warhammer WHM-9S Warhammer,70,Pesado,3067,1653,11321600,4,6,0,Inner Sphere,,,,,,,2,,,,,,,,,2,,,,,,,,,,,,1,,,,,,,,,,,,,,,,,,,,,,,,,,20,"13,0",208,2,Estandar,Double,40,,44,42,Light Fusion Engine,Compra,NO
Warhammer WHR-6 Gauss Blackmore Warhammer,70,Pesado,3070,1986,13741273,4,6,0,Inner Sphere,,,,,,,3,,,,,,,,,,,,,,,,,,,,,,,,,,,,,,,,,,,,,,,,,,,,2,,,10,"13,5",216,2,Estandar,Double,20,,17,45,XL Engine,Compra,NO
WarHawk Annihilator WarHawk,85,Asalto,3070,3393,25513158,4,6,0,Clan,,,,,,,,,,,,,,,,,,,,,,,,,,,,,,,,,,,,4,,,,,,,,,,,,,,,,,,17,"15,0",240,2,Estandar,Double,34,,32,96,XL Engine,Compra,NO
WarHawk Imperator WarHawk,85,Asalto,3070,3097,79076541,4,6,0,Clan,,,,,,,,,,,4,,,,,,,,,,,,,,,,,,,,,,,,,1,,,,,,,,,,,,,,,,,,20,"14,5",232,2,Estandar,Double,40,,48,60,XXL Engine,Compra,NO
Warhawk (Masakari) Blackmore Warhawk (Masakari),85,Asalto,2999,2630,25229447,4,6,0,Clan,1,,,,,3,3,4,,,9,,,2,,9,,,,2,1,1,,,3,,,1,,,,,,,1,,,,,,1,,1,,,,1,,,,1,,3,20,"16,2",259,2,Ferro Fibroso,Double,40,,403,419,XL Engine,Compra,NO
Warhawk (Masakari)  Warhawk (Masakari),85,Asalto,2999,3194,26385947,4,6,0,Clan,1,,,,,3,3,4,,,5,,,2,,13,,,,3,1,1,,,3,,,1,,,,,,,1,,,,,,1,,1,,,,1,,,,1,,3,20,"16,2",259,2,Ferro Fibroso,Double,40,,427,433,XL Engine,Compra,NO
Warlord BLR-2D Warlord,80,Asalto,3070,2041,8853240,4,6,0,Inner Sphere,,,,,,,6,,,,,,,,,,,2,,,,,,,,,,,,,,,,,,,,,,,,,,,,,,,,,,,,16,"14,5",232,2,Estandar,Double,32,,60,60,Fusion Engine,Compra,NO
Warlord BLR-2Dr Warlord,80,Asalto,3078,2284,11330040,4,6,0,Inner Sphere,,,,1,,,4,,1,1,,,,,,1,,1,,,,,,,,,,,,,,,,,,,,,,,,,,,,,,,,,,,,16,"14,5",232,2,Estandar,Double,32,,59,59,Fusion Engine,Compra,NO
Warlord BLR-2G Warlord,80,Asalto,3071,2033,17914440,4,6,0,Inner Sphere,,,,12,,,,,,,,,,,,,,2,,,,,,,,,,,,,,,,,,,,,,,,,,,,,,,,,,,,16,"15,4",247,2,Estandar,Double,32,,66,90,XL Engine,Compra,NO
Warwolf  Warwolf,75,Pesado,3138,2706,24998671,5,8,3,Clan,,,,,,,1,1,,2,2,,,2,,1,,,,3,,,,,,,,1,,,,,,,2,,,,,,,,1,,,,,,,,2,,,10,"14,4",231,2,Estandar,Double,20,,130,203,XL Engine,Compra,NO
Wasp C Wasp,20,Ligero,3143,755,1933440,6,9,6,Mixed,,,,,,,,1,,,,,,,,,,,,,,,,,,1,,,,,,,,,,,,,,,,,,,,,,,,,,,,10,"3,0",48,2,Ferro Fibroso,Double,20,,14,12,Fusion Engine,Compra,NO
Wasp WSP-1A Wasp,20,Ligero,2471,384,1641240,6,9,6,Inner Sphere,,,,1,,,,,,,,,,,,,,,,,,,1,,,,,,,,,,,,,,,,,,,,,,,,,,,,,,,10,"3,0",48,2,Estandar,Single,10,,5,9,Fusion Engine,Compra,NO
Wasp WSP-1D-A Wasp,20,Ligero,2823,369,1613640,6,9,6,Inner Sphere,1,,,1,,,,,,,,,,,,,,,,,,,,,,,,,,,,,,,,,,,,,,,,,,,,,,,,,,11,"3,0",48,2,Estandar,Single,11,,6,7,Fusion Engine,Compra,NO
Wasp WSP-1D Wasp,20,Ligero,2823,403,1638240,6,9,6,Inner Sphere,1,,2,1,,,,,,,,,,,,,,,,,,,,,,,,,,,,,,,,,,,,,,,,,,,,,,,,,,10,"3,0",48,2,Estandar,Single,10,,8,13,Fusion Engine,Compra,NO
Wasp WSP-1K Wasp,20,Ligero,2818,376,1615240,6,9,6,Inner Sphere,,1,,1,,,,,,,,,,,,,,,,,,,,,,,,,,,,,,,,,,,,,,,,,,,,,,,,,,10,"3,5",56,2,Estandar,Single,10,,3,7,Fusion Engine,Compra,NO
Wasp WSP-1L Wasp,20,Ligero,2799,335,1651320,6,9,6,Inner Sphere,,,,,,,,,,,,,,,,,,,,,,,,1,,,,,,,,,,,,,,,,,,,,,,,,,,,,,,10,"3,0",48,2,Estandar,Single,10,,3,8,Fusion Engine,Compra,NO
Wasp WSP-1S Wasp,20,Ligero,3049,423,1727040,6,9,6,Inner Sphere,1,,2,,,,,,,1,,,,,,,,,,,,,,,,,,,,,,,,,,,,,,,,,,,,,,,,,,,,10,"3,3",53,2,Ferro Fibroso,Single,10,,9,14,Fusion Engine,Compra,NO
Wasp WSP-1W Wasp,20,Ligero,3009,373,1633320,6,9,6,Inner Sphere,,,6,,,,,,,,,,,,,,,,,,,,,,,,,,,,,,,,,,,,,,,,,,,,,,,,,,,10,"3,0",48,2,Estandar,Single,10,,6,18,Fusion Engine,Compra,NO
Wasp WSP-3A Wasp,20,Ligero,3082,401,2438320,5,8,8,Inner Sphere,,,,,,,,,,1,,,,,,,,,,,,,,,,,,,,,,,,,,,,,,,,,,,,,,,,,,,,10,"4,0",64,2,Estandar,Single,10,,4,6,XL Engine,Compra,NO
Wasp WSP-3K Wasp,20,Ligero,3110,477,4352120,6,9,6,Inner Sphere,,,,1,,,,,,,,,,,,,,,,,,,,,,,,,1,,,,,,,,,,,,,,,,,,,,,,,,,10,"4,0",64,2,Estandar,Single,10,,7,15,XL Engine,Compra,NO
Wasp WSP-3L Wasp,20,Ligero,3067,534,2139120,6,9,6,Inner Sphere,,,,,,,1,,,,,,,,,,,,,,,,,,,,,,,,,,,,,,,,,,,,,,,,,,,,,,,10,"4,0",64,2,Furtivo,Single,10,,5,5,Fusion Engine,Compra,NO
Wasp WSP-3M Wasp,20,Ligero,3051,394,1778040,6,9,6,Inner Sphere,,,,,,,,,,1,,,,,,,,,,,,,1,,,,,,,,,,,,,,,,,,,,,,,,,,,,,,,10,"2,8",44,2,Ferro Fibroso,Single,10,,6,10,Fusion Engine,Compra,NO
Wasp WSP-3P Wasp,20,Ligero,3086,537,3871519,7,11,7,Inner Sphere,,,,,,,1,,,,,,,,,,,,,,,,,,,,,,,,,,,,,,,,,,,,,,,,,,,,,,,10,"4,0",64,2,Estandar,Single,10,,5,5,Fusion Engine,Compra,NO
Wasp WSP-3S Wasp,20,Ligero,3067,595,2535120,6,9,6,Inner Sphere,,,,,,,2,,,,,,,,,,,,,,,,,,,,,,,,,,,,,,,,,,,,,,,,,,,,,,,10,"3,5",56,2,Estandar,Double,20,,10,10,Light Fusion Engine,Compra,NO
Wasp WSP-3W Wasp,20,Ligero,3050,342,1658640,6,9,6,Inner Sphere,,,4,,,,,,2,,,,,,,,,,,,,,,,,,,,,,,,,,,,,,,,,,,,,,,,,,,,,10,"2,2",35,2,Ferro Fibroso,Single,10,,8,18,Fusion Engine,Compra,NO
Wasp WSP-4W Wasp,20,Ligero,3065,551,2276640,6,9,6,Inner Sphere,,,,,,,2,,2,,,,,,,,,,,,,,,,,,,,,,,,,,,,,,,,,,,,,,,,,,,,,10,"3,3",53,2,Ferro Fibroso,Double,20,,14,16,Light Fusion Engine,Compra,NO
Wasp WSP-5A Wasp,20,Ligero,3114,517,3181840,8,12,8,Inner Sphere,,,,,,,1,,,,,,,,,,,,,,,,,,,1,,,,,,,,,,,,,,,,,,,,,,,,,,,,10,"3,3",53,2,Ferro Fibroso,Single,10,,7,9,XL Engine,Compra,NO
Wasp WSP-7MAF Wasp,20,Ligero,3071,488,3012520,8,12,8,Inner Sphere,,,,,,,1,,,,,,,,,,,,,,,,,,,,,,,,,,,,,,,,,,,,,,,,,,,,,,,10,"3,0",48,2,Estandar,Double,20,,5,5,XL Engine,Compra,NO
Wasp WSP-8T Wasp,20,Ligero,3075,439,2494920,6,9,6,Inner Sphere,,,,,,,,,,,,,,,1,,,,,,,,,,,,,,,,,,,,,,,,,,,,,,,,,,,,,,,10,"3,5",56,2,Estandar,Double,20,,10,10,XL Engine,Compra,NO
Watchman WTC-4DM Watchman,40,Medio,3063,1225,3300826,5,8,5,Inner Sphere,,,,3,,,,,,,,,,,1,,,,,,,,,,,,,,,,,,,,,,,,,,,,,,,,,,,,,,,12,"8,6",137,2,Ferro Fibroso,Double,24,,19,25,Fusion Engine,Compra,NO
Watchman WTC-4M Salazar Watchman,40,Medio,3055,1289,3412826,5,8,5,Inner Sphere,,,,3,,,,,,,,,,,,1,,,,,,,,,,,,,,,,,,,,,,,,,,,,,,,,,,,,,,14,"8,0",128,2,Estandar,Double,28,,24,25,Fusion Engine,Compra,NO
Watchman WTC-4M Watchman,40,Medio,3055,1067,2989626,5,8,5,Inner Sphere,,2,,2,1,,,,,,,,,,,,,,,,,,,,,,,,,,,,,,,,,,,,,,,,,,,,,,,,,12,"8,5",136,2,Estandar,Single,12,,14,22,Fusion Engine,Compra,NO
Wendigo-VP  Wendigo-VP,50,Medio,3134,2360,12584343,5,8,4,Clan,,,,,,1,,2,,2,,,,,,1,,,,,,,,,,,,,,,,,,,,,,,,,,,,,,,1,,,,3,,,10,"9,5",152,2,Estandar,Double,20,,54,96,XL Engine,Compra,NO
Wendigo  Wendigo,50,Medio,3135,2122,13498750,6,9,8,Clan,,,,,,6,8,,,,2,,2,1,,,,,,1,2,,,,,,,1,,,,,,,,,,,,,1,,,,,,,,,,,,,12,"9,5",152,2,Estandar,Double,24,,123,166,XL Engine,Compra,NO
White Flame WHF-3B White Flame,70,Pesado,3065,1637,14710700,5,8,5,Inner Sphere,,,,,,,2,,,1,1,,,,,,,,,,,,,,,,,,,,,,,,,,,,,,,,,,,,,,,,,,,11,"14,6",233,4,Estandar,Double,22,,24,25,Light Fusion Engine,Compra,NO
White Flame WHF-3C White Flame,70,Pesado,3069,1826,19504000,5,8,5,Inner Sphere,,,,,,,2,,,,,,,,,,,,,,,,,,,,,,,,,,,,,,,,,,,,,,,,,,,,,,1,10,"14,0",224,4,Estandar,Double,20,,20,20,Light Fusion Engine,Compra,NO
White Flame WHF-4C White Flame,70,Pesado,3077,1680,14905600,5,8,5,Inner Sphere,,,,,,,2,,,2,,,,,,,1,,,,,,,,,,,,,,,,,,,,,,,,,,,,,,,,,,,,,13,"14,5",232,4,Estandar,Double,26,,28,32,Light Fusion Engine,Compra,NO
Whitworth WTH-0 Whitworth,40,Medio,2754,863,2792633,4,6,4,Inner Sphere,1,,,2,,,,,,,,,,,,,,,,,,,,,2,,,,,,,,,,,,,,,,,,,,,,,,,,,,,14,"8,0",128,2,Estandar,Single,14,,17,36,Fusion Engine,Compra,NO
Whitworth WTH-1 Whitworth,40,Medio,2689,982,2888933,4,6,4,Inner Sphere,,,,3,,,,,,,,,,,,,,,,2,,,,,,,,,,,,,,,,,,,,,,,,,,,,,,,,,,10,"8,0",128,2,Estandar,Single,10,,17,35,Fusion Engine,Compra,NO
Whitworth WTH-1H Whitworth,40,Medio,3066,993,2867133,4,6,4,Inner Sphere,,,,3,,,,,,,,,,,,,,,,,,,,,1,,,,,,,,,,,,,,,,,,,,,,,,,,,,,14,"8,0",128,2,Estandar,Single,14,,13,27,Fusion Engine,Compra,NO
Whitworth WTH-1S Whitworth,40,Medio,2610,917,2838133,4,6,4,Inner Sphere,,,,3,,,,,,,,,,,,,,,,,,,,,2,,,,,,,,,,,,,,,,,,,,,,,,,,,,,14,"8,0",128,2,Estandar,Single,14,,17,39,Fusion Engine,Compra,NO
Whitworth WTH-2 Whitworth,40,Medio,3050,936,3116933,4,6,4,Inner Sphere,,,,1,,,,,,,,,,,,,,,,2,,,,,,,,,,,,,,,,,,,,,,,,,,,,,,,,,,10,"8,0",128,2,Estandar,Single,10,,11,25,Fusion Engine,Compra,NO
Whitworth WTH-2A Whitworth,40,Medio,3068,1055,3637883,4,6,4,Inner Sphere,,,1,2,,,,,,,,,,,,,,,,,,,,,,,4,,,,,,,,,,,,,,,,,,,,,,,,,,,10,"8,0",128,2,Estandar,Double,20,,19,45,Fusion Engine,Compra,NO
Whitworth WTH-3 Whitworth,40,Medio,3069,882,3787733,4,6,6,Inner Sphere,,,,,,,,,,,,,,,,,,,4,,,,,,,,,,,,,,,,,,,,,,,,,,,,,,,,,,,10,"8,0",128,2,Estandar,Single,10,,8,20,Fusion Engine,Compra,NO
Whitworth WTH-K Whitworth,40,Medio,3070,819,3602733,4,6,5,Inner Sphere,,,,,,,,,,,,,,,,,,,,,,,,,,,,,,,,,,,,,,,,,,,,,,,,,,,,,,10,"8,0",128,2,Estandar,Single,10,,0,0,Fusion Engine,Compra,NO
Wight WGT-1LAW/SC Wight,35,Ligero,3069,1142,3389535,5,8,0,Inner Sphere,,,,,,,2,,,,,,,,,,,1,,,,,,,,,,,,,,,,,,,,,,,,,,,,,,,,,,,,10,"6,8",109,2,Ferro Fibroso,Double,20,,25,25,Compact Fusion Engine,Compra,NO
Wight WGT-1LAW/SC3 Wight,35,Ligero,3070,1057,3619035,5,8,0,Inner Sphere,,,,,,,1,,,,,,,,,,,1,,,,,,,,,,,,,,,,,,,,,,,,,,,,,,,,,,,,10,"6,8",109,2,Ferro Fibroso,Double,20,,20,20,Compact Fusion Engine,Compra,NO
Wight WGT-2LAW Wight,35,Ligero,3075,939,4337910,5,8,7,Inner Sphere,,,,,,,2,,,,,,,,1,,,,,,,,,,,,,,,,,,,,,,,,,,,,,,,,,,,,,,,10,"5,8",93,2,Ferro Fibroso,Double,20,,20,20,Compact Fusion Engine,Compra,NO
Wight WGT-2LAWC3 Wight,35,Ligero,3075,821,4567410,5,8,7,Inner Sphere,,,,,,,1,,,,,,,,1,,,,,,,,,,,,,,,,,,,,,,,,,,,,,,,,,,,,,,,10,"5,8",93,2,Ferro Fibroso,Double,20,,15,15,Compact Fusion Engine,Compra,NO
Wight WGT-2SC Wight,35,Ligero,3069,1093,3696660,5,8,5,Inner Sphere,,,,,,,2,,,,,,,,,,1,,,,,,,,,,,,,,,,,,,,,,,,,,,,,,,,,,,,,10,"7,4",119,2,Ferro Fibroso,Double,20,,20,20,Compact Fusion Engine,Compra,NO
Wight WGT-3SC Wight,35,Ligero,3076,1125,3422910,5,8,0,Inner Sphere,,,,,,,2,,,,,,,,,,,,,,,,,,,,,,,,,,,,,,,,,,,,,,,,,,,,,,1,10,"7,2",116,2,Ferro Fibroso,Double,20,,20,20,Compact Fusion Engine,Compra,NO
Wolf Trap (Tora) WFT-1 (Daitama) Wolf Trap (Tora),45,Medio,3060,1290,9198857,6,9,0,Inner Sphere,,,,2,,,,,,,,,,,,1,,,,1,,,,,,,,,,,,,,,,,,,,,,,,,,,,,,,,,,10,"9,5",152,2,Estandar,Double,20,,25,30,XL Engine,Compra,NO
Wolf Trap (Tora) WFT-1 Wolf Trap (Tora),45,Medio,3051,1070,7882357,6,9,0,Inner Sphere,,,,2,,,,,,,,,,,,,,,,1,,,,,,,,,,,,,,,,,,,,,,,,,,,1,,,,,,,10,"7,5",120,2,Estandar,Single,10,,12,30,XL Engine,Compra,NO
Wolf Trap (Tora) WFT-2 Wolf Trap (Tora),45,Medio,3071,1227,7851670,6,9,0,Inner Sphere,,1,,,,,1,,,,,,,,,,,,,,,,,,,,,,,,,,,,,,,,,,,,,,,,,,,,,,1,10,"7,5",120,2,Estandar,Double,20,,15,17,XL Engine,Compra,NO
Wolf Trap (Tora) WFT-B Wolf Trap (Tora),45,Medio,3069,1021,8875607,6,9,0,Inner Sphere,,,,2,,,,,,,,,,,,,,,1,,,,,,,,,,,,,,,,,,,,,,,,,,,,1,,,,,,,10,"8,0",128,2,Estandar,Single,10,,10,25,XL Engine,Compra,NO
Wolf Trap (Tora) WFT-C Wolf Trap (Tora),45,Medio,3060,1001,8186857,6,9,0,Inner Sphere,,,,1,,,,,,,,,,,,,,,,1,,,,,,,,,,,,,,,,,,,,,,,,,,,1,,,,,,,10,"7,5",120,2,Estandar,Single,10,,9,25,XL Engine,Compra,NO
Wolf Trap WFT-2B Wolf Trap,45,Medio,3080,1439,7911107,6,9,0,Inner Sphere,,,,,,,,,,,,,,,,,,,,,,,,,,,,,,,,,,,,,,,,,,,,,,,,,,,1,,,10,"8,9",143,2,Ferro Fibroso,Double,20,,1,15,XL Engine,Compra,NO
Wolfhound IIC 'Grinner' Wolfhound IIC,35,Ligero,3051,1579,5694030,6,9,0,Clan,,,,,,,1,1,,3,,,,,,,,,,,,,,,,,,,,,,,,,,,,,,,,,,,,,,,,,,,,14,"7,4",119,2,Ferro Fibroso,Double,28,,29,31,XL Engine,Compra,NO
Wolfhound WLF-1 (Allard) Wolfhound,35,Ligero,3062,1941,5427067,6,9,0,Clan,,,,,,1,3,,,,,,,,,1,,,,,,,,,,,,,,,,,,,,,,,,,,,,,,,,,,,,,,12,"7,4",119,2,Estandar,Double,24,,32,28,XL Engine,Compra,NO
Wolfhound WLF-1 Wolfhound,35,Ligero,3028,949,2925180,6,9,0,Inner Sphere,,,,4,1,,,,,,,,,,,,,,,,,,,,,,,,,,,,,,,,,,,,,,,,,,,,,,,,,10,"7,4",119,2,Estandar,Single,10,,20,28,Fusion Engine,Compra,NO
Wolfhound WLF-1A Wolfhound,35,Ligero,3028,967,2873880,6,9,0,Inner Sphere,,,,3,1,,,,,,,,,,,,,,,,,,,,,,,,,,,,,,,,,,,,,,,,,,,,,,,,,11,"7,4",119,2,Estandar,Single,11,,17,23,Fusion Engine,Compra,NO
Wolfhound WLF-1B Wolfhound,35,Ligero,3028,967,2925180,6,9,0,Inner Sphere,,,,4,1,,,,,,,,,,,,,,,,,,,,,,,,,,,,,,,,,,,,,,,,,,,,,,,,,10,"7,4",119,2,Estandar,Single,10,,20,28,Fusion Engine,Compra,NO
Wolfhound WLF-2 Wolfhound,35,Ligero,3052,1061,3141180,6,9,0,Inner Sphere,,,,4,,,,1,,,,,,,,,,,,,,,,,,,,,,,,,,,,,,,,,,,,,,,,,,,,,,10,"7,4",119,2,Estandar,Double,20,,24,28,Fusion Engine,Compra,NO
Wolfhound WLF-2H Wolfhound,35,Ligero,3082,1511,8310667,6,9,0,Inner Sphere,,,,,,1,2,,,,,,,,,,,1,,,,,,,,,,,,,,,,,,,,,,,,,,,,,,,,,,,,11,"7,4",119,2,Estandar,Double,22,,27,28,XL Engine,Compra,NO
Wolfhound WLF-3M Wolfhound,35,Ligero,3077,786,4423160,6,9,0,Inner Sphere,,,,,,,,,,,,,,,,,,,,,,,,,,,,,,,,,,,,,,,,,,,,,,,,,,,1,,,10,"7,0",112,2,Estandar,Double,20,,1,15,Light Fusion Engine,Compra,NO
Wolfhound WLF-3S Wolfhound,35,Ligero,3064,1176,4795267,6,9,0,Inner Sphere,,,,,,1,3,,,,,,,,,1,,,,,,,,,,,,,,,,,,,,,,,,,,,,,,,,,,,,,,12,"7,4",119,2,Estandar,Double,24,,32,28,Light Fusion Engine,Compra,NO
Wolfhound WLF-4W Wolfhound,35,Ligero,3069,1090,3442567,6,9,0,Inner Sphere,,,,,,1,1,,,,,,,,3,,,,,,,,,,,,,,,,,,,,,,,,,,,,,,,,,,,,,,,10,"7,4",119,2,Estandar,Double,20,,37,38,Fusion Engine,Compra,NO
Wolfhound WLF-4WA Wolfhound,35,Ligero,3071,1050,3589380,6,9,0,Inner Sphere,,,,,,,,,,,,,,,3,,,,,,,,,,,,,,,,,,,,,,,,,,,,,,,,,,,,,,,10,"7,4",119,2,Estandar,Double,20,,30,30,Fusion Engine,Compra,NO
Wolfhound WLF-5 Wolfhound,35,Ligero,3079,1290,6602130,7,11,0,Inner Sphere,,,,,,,,,,,,,,,2,,1,,,,,,,,,,,,,,,,,,,,,,,,,,,,,,,,,,,,,10,"7,0",112,2,Estandar,Double,20,,30,30,XL Engine,Compra,NO
Wolverine II WVR-7H Wolverine II,55,Medio,2766,1301,5628956,5,8,5,Inner Sphere,,,,,,,,,,1,,,,,,,,,,,,,,,1,,,,,,,,,,,,,,,,,1,,,,,,,,,,,,10,"10,1",161,2,Ferro Fibroso,Double,20,,9,23,Fusion Engine,Compra,NO
Wolverine WVR-6BL-M Wolverine,55,Medio,3070,1870,5606556,5,8,5,Inner Sphere,,,,5,,,,,,,,,,,,1,,,,,,,,,,,,,,,,,,,,,,,,,,,,,,,,,,,,,,12,"11,6",185,2,Ferro Fibroso,Double,24,,30,35,Fusion Engine,Compra,NO
Wolverine WVR-6BL-R Wolverine,55,Medio,3070,1942,10234056,5,8,5,Inner Sphere,,,,5,,,,,,,,,,,,,,,,,,,,,,,,,,,,,,,,,,,,,,,,,,,,,,1,,,,12,"11,6",185,2,Estandar,Double,24,,16,30,XL Engine,Compra,NO
Wolverine WVR-6D Wolverine,55,Medio,2834,1115,4780006,5,8,5,Inner Sphere,,,,1,,,,,,,,,,,,,,,,,,,,,,,,,,,,,,,,,,,1,,,,,,,,,,,,,,,11,"9,5",152,2,Estandar,Single,11,,6,15,Fusion Engine,Compra,NO
Wolverine WVR-6K Wolverine,55,Medio,2598,1248,4484494,5,8,0,Inner Sphere,,,1,2,1,,,,,,,,,,,,,,,,,,,,1,,,,,,,,,,,,,,,,,,,,,,,,,,,,,14,"11,5",184,2,Estandar,Single,14,,19,33,Fusion Engine,Compra,NO
Wolverine WVR-6M ELH Wolverine,55,Medio,2816,1291,4850806,5,8,5,Inner Sphere,,,,2,1,,,,,,,,,,,,,,,,,,,,1,,,,,,,,,,,,,,,,,,,,,,,,,,,,,14,"10,5",168,2,Estandar,Single,14,,18,30,Fusion Engine,Compra,NO
Wolverine WVR-6M Salazar MKII Bis Wolverine,55,Medio,3070,1541,5145306,5,8,5,Inner Sphere,,,,4,,,,1,,,,,,,,,,,,,,,1,,,,,,,,,,,,,,,,,,,,,,,,,,,,,,,13,"11,5",184,2,Estandar,Double,26,,26,32,Fusion Engine,Compra,NO
Wolverine WVR-6M Salazar MKII Wolverine,55,Medio,3070,1561,5330206,5,8,5,Inner Sphere,,,,4,,,,1,,,,,,,,,,,,,,,1,,,,,,,,,,,,,,,,,,,,,,,,,,,,,,,15,"11,5",184,2,Estandar,Double,30,,26,32,Fusion Engine,Compra,NO
Wolverine WVR-6M Salazar MKIII B Wolverine,55,Medio,3070,1655,5349256,5,8,5,Inner Sphere,,,,6,,,,1,,,,,,,,,,,,,,,,,,,,,,,,,,,,,,,,,,,,,,,,,,,,,,16,"11,0",176,2,Estandar,Double,32,,30,38,Fusion Engine,Compra,NO
Wolverine WVR-6M Salazar MKIII Wolverine,55,Medio,3070,1632,5404156,5,8,5,Inner Sphere,,,,4,,,,,,,,,,,,1,,,,,,,1,,,,,,,,,,,,,,,,,,,,,,,,,,,,,,,14,"11,0",176,2,Estandar,Double,28,,29,34,Fusion Engine,Compra,NO
Wolverine WVR-6M Salazar Wolverine,55,Medio,3025,1360,4866306,5,8,5,Inner Sphere,,,,4,1,,,,,,,,,,,,,,,,,,1,,,,,,,,,,,,,,,,,,,,,,,,,,,,,,,14,"10,5",168,2,Estandar,Single,14,,22,32,Fusion Engine,Compra,NO
Wolverine WVR-6M Wolverine,55,Medio,2816,1291,4850806,5,8,5,Inner Sphere,,,,2,1,,,,,,,,,,,,,,,,,,,,1,,,,,,,,,,,,,,,,,,,,,,,,,,,,,14,"10,5",168,2,Estandar,Single,14,,18,30,Fusion Engine,Compra,NO
Wolverine WVR-6R Wolverine,55,Medio,2575,1101,4810356,5,8,5,Inner Sphere,,,,1,,,,,,,,,,,,,,,,,,,,,1,,,,,,,,,,,,,1,,,,,,,,,,,,,,,,12,"9,5",152,2,Estandar,Single,12,,8,22,Fusion Engine,Compra,NO
Wolverine WVR-6S Wolverine,55,Medio,2816,1234,4712206,5,8,5,Inner Sphere,,,,2,1,,,,,,,,,,,,,,,,,,,,,,,,,,,,,,,,,,,,,,,,,,,,,,,,,18,"10,5",168,2,Estandar,Single,18,,14,18,Fusion Engine,Compra,NO
Wolverine WVR-7D Wolverine,55,Medio,3052,1314,11250456,5,8,5,Inner Sphere,,,,,,,,,,1,,,,,,,,,,,,,,,1,,,,,,,,,,,,,,,,,1,,,,,,,,,,,,13,"11,2",179,2,Ferro Fibroso,Single,13,,9,23,XL Engine,Compra,NO
Wolverine WVR-7K Wolverine,55,Medio,3052,1331,9932356,5,8,5,Inner Sphere,,,,,,,,,1,1,1,,,,,,,,,,,,,,2,,,,,,,,,,,,,,,,,,,,,,,,,,,,,13,"11,6",185,2,Estandar,Double,26,,24,42,XL Engine,Compra,NO
Wolverine WVR-7M Wolverine,55,Medio,3052,1673,11436756,5,8,5,Inner Sphere,,,,,,,,2,,2,,,,,,,,,,,,,,,1,,,,,,,,,,,,,,,,,,,,,,,,,,,,,12,"10,0",160,2,Estandar,Double,24,,36,40,XL Engine,Compra,NO
Wolverine WVR-8C Wolverine,55,Medio,3067,1447,10538406,5,8,5,Inner Sphere,,,,,,,,,1,1,1,,,,,,,,,,,,,,,,,2,,,,,,,,,,,,,,,,,,,,,,,,,,13,"11,5",184,2,Estandar,Double,26,,24,42,XL Engine,Compra,NO
Wolverine WVR-8D Wolverine,55,Medio,3066,1547,11437206,5,8,5,Inner Sphere,,,,,,,1,,,,,,,,,,,,,,,,,,,,,1,,,,,,,,,,,,,,,,,,,,,1,,,,,10,"11,6",185,2,Estandar,Double,20,,10,19,XL Engine,Compra,NO
Wolverine WVR-8K Wolverine,55,Medio,3064,1576,10259406,5,8,5,Inner Sphere,,,,,,,1,,,1,,,,,,1,,,,,,,,,,,,1,,,,,,,,,,,,,,,,,,,,,,,,,,15,"11,6",185,2,Estandar,Double,30,,28,33,XL Engine,Compra,NO
Wolverine WVR-9D Wolverine,55,Medio,3066,1369,11045056,5,8,0,Inner Sphere,,,,,,,,,,2,,,,,,,,,,,,,,,,,,1,,,,,,,,,,,,,,,,,,,,,1,,,,,12,"11,6",185,2,Estandar,Double,24,,13,26,XL Engine,Compra,NO
Wolverine WVR-9K Wolverine,55,Medio,3074,1420,11470977,5,8,5,Inner Sphere,,1,,,,,,,,,,,,,,,1,,,,,,,1,,,,,,,,,,,,,,,,,,,,,,,,,,,,,,10,"11,6",185,2,Estandar,Double,20,,13,20,Light Fusion Engine,Compra,NO
Wolverine WVR-9M Wolverine,55,Medio,3073,1617,10073406,5,8,5,Inner Sphere,,,,,,,1,,,,,,,,,,,1,,,,,,,,,,1,,,,,,,,,,,,,,,,,,,,,,,,,,15,"11,0",176,2,Estandar,Double,30,,24,32,XL Engine,Compra,NO
Wolverine WVR-9W Wolverine,55,Medio,3077,1404,13348881,5,8,7,Inner Sphere,,,,,,,1,,,,,,,,2,,,,,,,,,,,,,,,,,,,,,,,,,,,,,,,,,,,,,,,12,"10,6",169,2,Ferro Fibroso,Double,24,,25,25,XL Engine,Compra,NO
Wolverine WVR-9W2 Wolverine,55,Medio,3084,1480,12707569,5,8,7,Inner Sphere,,,,,,1,1,,,,,,,,2,,,,,,,,,,,,,,,,,,,,,,,,,,,,,,,,,,,,,,,12,"10,6",169,2,Ferro Fibroso,Double,24,,27,28,XL Engine,Compra,NO
Woodsman  Woodsman,75,Pesado,2900,2623,11778859,4,6,0,Clan,,2,,,,2,8,3,1,2,1,,,2,,2,,,,1,2,,,1,,,,,,,,,,,,,,,,,,,,,,,1,,,,1,,,12,"13,5",216,2,Estandar,Double,24,,186,223,Fusion Engine,Compra,NO
Wraith TR1 Wraith,55,Medio,3055,1287,13225323,7,11,7,Inner Sphere,,,,,,,,,,2,1,,,,,,,,,,,,,,,,,,,,,,,,,,,,,,,,,,,,,,,,,,,10,"9,5",152,2,Ferro Fibroso,Double,20,,18,21,XL Engine,Compra,NO
Wraith TR2 Wraith,55,Medio,3057,1485,13419073,7,11,7,Inner Sphere,,,,,,,,,,2,,,,,,1,,,,,,,,,,,,,,,,,,,,,,,,,,,,,,,,,,,,,,10,"9,5",152,2,Ferro Fibroso,Double,20,,23,22,XL Engine,Compra,NO
Wraith TR3 Wraith,55,Medio,3065,1310,14228173,7,11,6,Inner Sphere,,,,,,,2,,,,1,,,,,,,,,,,,,,,,,,,,,,,,,,,,,,,,,,,,,,,,,,,10,"9,5",152,2,Ferro Fibroso,Double,20,,20,19,XL Engine,Compra,NO
WRAITH  WRAITH,55,Medio,3070,1287,13225323,7,11,7,Inner Sphere,,,,,,,,,,2,1,,,,,,,,,,,,,,,,,,,,,,,,,,,,,,,,,,,,,,,,,,,10,"9,5",152,2,Ferro Fibroso,Double,20,,18,21,XL Engine,Compra,NO
Wulfen  Wulfen,30,Ligero,3137,983,26894837,10,15,6,Mixed,,,,,,,5,1,,,,,2,1,,1,,,,,,,1,,,,,,,,,,3,,,,,,,,1,,,,1,,,,,,,,,10,"6,5",104,2,Furtivo,Double,20,,94,105,XXL Engine,Compra,NO
Wyvern IIC 2 Wyvern IIC,45,Medio,3071,1537,4212602,4,6,4,Clan,1,1,,,,,,,,,,2,2,1,,,,,,,,,,,,,,,,,,,,,1,,,,,,,,,,,,,,,,,,,12,"9,5",152,2,Estandar,Double,24,,47,70,Fusion Engine,Compra,NO
Wyvern IIC  Wyvern IIC,45,Medio,2843,1624,4008540,4,6,4,Clan,1,2,,,,2,2,1,,,,,,,,,,,,1,,,,,1,,,,,,,,,,,,,,,,,,,,,,,,,,,,,12,"9,5",152,2,Estandar,Double,24,,37,52,Fusion Engine,Compra,NO
Wyvern WVE-10N Wyvern,45,Medio,3065,1199,5024090,4,6,4,Inner Sphere,,,,,,,,,,1,,,,,,1,,,,1,,,,,,,,,,,,,,,,,,,,,,,,,,,,,,,,,,11,"8,0",128,2,Estandar,Double,22,,23,26,Fusion Engine,Compra,NO
Wyvern WVE-5N Wyvern,45,Medio,2660,1089,3449565,4,6,4,Inner Sphere,,,2,,1,,,,,,,,,,,,,,,1,,,,,1,,,,,,,,,,,,,,,,,,,,,,,,,,,,,12,"9,5",152,2,Estandar,Single,12,,18,36,Fusion Engine,Compra,NO
Wyvern WVE-5Nb Wyvern,45,Medio,2660,1006,5951902,4,6,4,Inner Sphere,,,1,1,,,,,,,1,,,,,,,,,1,,,,,1,,,,,,,,,,,,,,,,,,,,,,,,,,,,,13,"9,5",152,2,Estandar,Single,13,,22,39,XL Engine,Compra,NO
Wyvern WVE-6N Wyvern,45,Medio,2821,1005,3211765,4,6,4,Inner Sphere,,,2,,1,,,,,,,,,,,,,,,1,,,,,1,,,,,,,,,,,,,,,,,,,,,,,,,,,,,12,"8,5",136,2,Estandar,Single,12,,18,36,Fusion Engine,Compra,NO
Wyvern WVE-9N Wyvern,45,Medio,3052,1067,3691890,4,6,4,Inner Sphere,,,,,,,,,,2,1,,,,,,,,,1,,,,,,1,,,,,,,,,,,,,,,,,,,,,,,,,,,,10,"8,0",128,2,Estandar,Double,20,,24,35,Fusion Engine,Compra,NO
Xanthos XNT-2O Xanthos,100,Asalto,2564,1300,9606000,3,5,0,Inner Sphere,,,2,2,1,,,,,,,,,,,,,,,,,,,1,,,,,,,,,,,,,,,1,,,,,,,,,,,,,,,18,"10,0",160,4,Estandar,Single,18,,22,42,Primitive Fusion Engine,Compra,NO
Xanthos XNT-3O Xanthos,100,Asalto,2579,1948,9401500,3,5,0,Inner Sphere,,,1,3,,,,,,,,,,,1,,,,,,,,,,1,,,,,,,,,,,,,,,1,,,,,,,,,,,,,,23,"20,2",323,4,Estandar,Single,23,,31,60,Fusion Engine,Compra,NO
Xanthos XNT-4O Xanthos,100,Asalto,3068,2548,20252500,3,5,3,Inner Sphere,,,,,,1,3,,,,,,,,2,,,1,,,,,,,,,,,,,,,,,,,,,,,,,,,,,,,,,,,,15,"20,2",323,4,Furtivo,Double,30,,52,53,Compact Fusion Engine,Compra,NO
Xanthos XNT-5O Xanthos,100,Asalto,3076,2146,17951500,3,5,5,Inner Sphere,,,,,,1,,,,5,,,,,,1,,,,,,,,,,,,,,,,,,,,,,,,,,,,,,,,,,,,,,12,"20,2",323,4,Ferro Fibroso,Double,24,,37,43,Compact Fusion Engine,Compra,NO
Xanthos XNT-6O Xanthos,100,Asalto,3094,2320,17724000,3,5,0,Inner Sphere,,,,,,,4,,2,,,,,,2,,,,,1,,,,,,,,,,,,,,,,,,,,,,,,,,,,,,,,,,15,"20,2",323,4,Furtivo,Double,30,,48,56,Compact Fusion Engine,Compra,NO
Xanthos XNT-7O Xanthos,100,Asalto,3119,2620,30935333,4,6,0,Mixed,,,,,,,4,,,,,,,,,,,,,,,,,,,,,,,,,,,,,,,,,,,,,,,,,,,,2,,,11,"20,2",323,4,Estandar,Double,22,,22,50,XL Engine,Compra,NO
Yao Lien YOL-4C Yao Lien,55,Medio,3086,1586,7995261,5,8,7,Inner Sphere,,,,,,,,,,,,,,,,,2,,,,,,,,,,,,,,,,,,,,,,,,,,,,,,,,,,,,,10,"11,2",179,2,Ferro Fibroso,Double,20,,20,20,Fusion Engine,Compra,NO
Yeoman YMN-10-OR Yeoman,60,Pesado,3070,1319,9137200,4,6,4,Inner Sphere,,,,,,,,,,,,,,,,,,,,2,,,,,,,,,,,,,,,,,,,,,,,,,,,,,,,,,,10,"10,5",168,2,Estandar,Double,20,,8,20,Light Fusion Engine,Compra,NO
Yeoman YMN-6Y Yeoman,60,Pesado,3060,1344,5588000,4,6,0,Inner Sphere,,,,,,,,,,,,,,,,,,,,2,2,,,,,,,,,,,,,,,,,,,,,,,,,,,,,,,,,10,"9,5",152,2,Ferro Fibroso,Double,20,,18,50,Fusion Engine,Compra,NO
Yinghuochong YHC-3E Yinghuochong,35,Ligero,3137,1401,7012710,6,9,8,Mixed,,,,,,,,,,,,,,,,1,,,,,,,,,,,,,,,,,,,,,,,,,,,,,,,,,,,,,,10,"7,4",118,2,Ferro Fibroso,Double,20,,15,10,XL Engine,Compra,NO
Yinghuochong YHC-3Y Yinghuochong,35,Ligero,3137,1548,7687710,6,9,8,Inner Sphere,,,,,,,,,,,,,,,,,,,,,,,,,,,,,,,,,,,,,,,,,,,,,,,,,,,,,,10,"7,4",118,2,Ferro Fibroso,Double,20,,0,0,XL Engine,Compra,NO
Ymir BWP-2B Ymir,90,Asalto,2475,1289,8718755,4,6,0,Inner Sphere,,,1,,1,,,,,,,,,,,,,,2,,,,4,,,,,,,,,,,,,,,1,,,,,,,,,,,,,,,,16,"10,5",168,2,Estandar,Single,16,,22,42,Fusion Engine,Compra,NO
Ymir BWP-2E Ymir,90,Asalto,2478,1393,9173200,4,6,0,Inner Sphere,,,,,,,,,,,,,,,2,,,,,1,,,,,1,,,,,,,,,,,,,,,,,,,,,,,,,,,,,16,"11,0",176,2,Estandar,Single,16,,28,42,Fusion Engine,Compra,NO
Ymir BWP-3A Ymir,90,Asalto,2733,1491,9484800,4,6,0,Inner Sphere,,,,1,2,,,,,,,,,,,,,,,1,,,,,1,,,,,,,,,,,,,,,,,,,,,,,,,,,,,16,"12,0",192,2,Estandar,Double,32,,27,43,Fusion Engine,Compra,NO
Ymir BWP-X1 'Bipedal Weapons Platform' Ymir,90,Asalto,2462,1212,7940630,3,5,0,Inner Sphere,2,,,,1,,,,,,,,,,,,,,2,,,,4,,,,,,,,,,,,,,,1,,,,,,,,,,,,,,,,16,"10,4",166,2,Estandar,Single,16,,27,43,Primitive Fusion Engine,Compra,NO
Yu Huang Y-H10G Yu Huang,90,Asalto,3060,2433,23997100,4,6,4,Inner Sphere,,,,,,,6,1,,,,,,,,,,,,,,,,,,,,,,,,,,,,,,,,,,,,,,,,,,,1,,,16,"17,0",272,2,Estandar,Double,32,,43,53,XL Engine,Compra,NO
Yu Huang Y-H11G Yu Huang,90,Asalto,3075,2131,25458200,4,6,4,Inner Sphere,,,,2,,,,,,1,,,,,,,,,,,,,,,,,,,,,,,,,,,,,,,,,,,,,,,,,,,2,16,"17,0",272,2,Estandar,Double,32,,30,36,XL Engine,Compra,NO
Yu Huang Y-H9G Yu Huang,90,Asalto,3060,2074,23588000,4,6,4,Inner Sphere,,,,2,,,,,,1,,,,,,1,,,,1,,,,,,,,,,,,,,,,,,,,,,,,,,,,1,,,,,,13,"17,0",272,2,Estandar,Double,26,,35,56,XL Engine,Compra,NO
Yu Huang Y-H9GB Yu Huang,90,Asalto,3068,2039,22942250,4,6,4,Inner Sphere,,,,3,1,,,,,,,,,,,,,,,1,,,,,,,,,,,,,,,,,,,,,,,,1,,,,,,,,,,15,"17,0",272,2,Estandar,Double,30,,29,53,XL Engine,Compra,NO
Yu Huang Y-H9GC Yu Huang,90,Asalto,3067,2017,26229400,4,6,4,Inner Sphere,,,,2,,,,,,1,,,,,,1,,,,,,,,,,,,,,,,,,,,,,,,,,,,,,,,1,,,,,,14,"17,0",272,2,Estandar,Double,28,,31,46,XL Engine,Compra,NO
Zeus X ZEU-X Zeus X,80,Asalto,3058,2326,83599800,5,8,0,Inner Sphere,,,,,,,,,,,,,,,,,,,,,,,,,,,,,,,1,,,,,,,,,,,,,,,,,1,,,,,,12,"15,4",247,2,Estandar,Double,24,,16,50,XXL Engine,Compra,NO
Zeus X ZEU-X2 Zeus X,80,Asalto,3069,2120,87678800,5,8,0,Inner Sphere,,,,,,,,,,,,,,,,1,,,,,,,,,,,,,,1,,,,,,,,,,,,,,,,,,,,,,,,18,"14,5",232,2,Estandar,Double,36,,21,30,XXL Engine,Compra,NO
Zeus X ZEU-X3 Zeus X,80,Asalto,3089,2178,86583000,5,8,8,Inner Sphere,,,,,,,4,,,,,,,,,1,,,,,,,,,,,,,,,,,,,,,,,,,,,,,,,,,,,,,,17,"14,5",232,2,Estandar,Double,34,,35,30,XXL Engine,Compra,NO
Zeus X ZEU-X4 Zeus X,80,Asalto,3119,2193,84060200,5,8,0,Inner Sphere,,,,,,,,1,,,,,,,,,,,,,,1,,,,,,,,,,,,,,,,,,,,,,,,,,,,,1,,,11,"14,5",232,2,Estandar,Double,22,,19,43,XXL Engine,Compra,NO
Zeus ZEU-10WB Zeus,80,Asalto,3070,2075,15667200,4,6,0,Inner Sphere,,,,,,,4,1,,,,,,,,,,2,,,,,,,,,,,,,,,,,,,,,,,,,,,,,,,,,,,,17,"15,4",247,2,Ferro Fibroso,Double,34,,62,58,Light Fusion Engine,Compra,NO
Zeus ZEU-11S Zeus,80,Asalto,3130,2280,21375000,4,6,0,Mixed,,,,,,,2,1,,,,,,,,,,,,,1,,,,,,,,,,,,,,,,,,,,,,,,,,,,,,1,,,13,"15,1",241,2,Ferro Fibroso,Double,26,,28,48,XL Engine,Compra,NO
Zeus ZEU-5S Zeus,80,Asalto,2788,1474,8254800,4,6,0,Inner Sphere,,,,2,,,,1,,,,,,,,,,,,,1,,,,,,,,,,,,,,,,,,,,,1,,,,,,,,,,,,14,"11,5",184,2,Estandar,Double,28,,24,38,Fusion Engine,Compra,NO
Zeus ZEU-5T Zeus,80,Asalto,2787,1729,8692200,4,6,0,Inner Sphere,,,,2,,,,1,,,,,,,,1,,,,,1,,,,,,,,,,,,,,,,,,,,,,,,,,,,,,,,,17,"14,0",224,2,Ferro Fibroso,Double,34,,38,43,Fusion Engine,Compra,NO
Zeus ZEU-6A Zeus,80,Asalto,2940,1405,7834800,4,6,0,Inner Sphere,,,,2,1,,,,,,,,,,1,,,,,,,,,,3,,,,,,,,,,,,,,,,,,,,,,,,,,,,,17,"11,5",184,2,Estandar,Single,17,,36,64,Fusion Engine,Compra,NO
Zeus ZEU-6S Zeus,80,Asalto,2898,1348,7590300,4,6,0,Inner Sphere,,,,2,1,,,,,,,,,,,,,,,,1,,,,,,,,,,,,,,,,,1,,,,,,,,,,,,,,,,17,"11,5",184,2,Estandar,Single,17,,20,38,Fusion Engine,Compra,NO
Zeus ZEU-6T Zeus,80,Asalto,3026,1436,7728000,4,6,0,Inner Sphere,,,,2,1,,,,,,,,,,1,,,,,,1,,,,,,,,,,,,,,,,,,,,,,,,,,,,,,,,,19,"11,5",184,2,Estandar,Single,19,,29,43,Fusion Engine,Compra,NO
Zeus ZEU-9S-DC Zeus,80,Asalto,3049,1612,9371400,4,6,0,Inner Sphere,,,,,,,,1,,1,,,,,,1,,,,,1,,,,,,,,,,,,,,,,,,,,,,,,,,,,,,,,,16,"12,3",197,2,Ferro Fibroso,Double,32,,36,39,Fusion Engine,Compra,NO
Zeus ZEU-9S Zeus,80,Asalto,3048,1639,8590200,4,6,0,Inner Sphere,,,,,,,,1,,2,,,,,,1,,,,,1,,,,,,,,,,,,,,,,,,,,,,,,,,,,,,,,,17,"12,3",197,2,Ferro Fibroso,Double,34,,40,45,Fusion Engine,Compra,NO
Zeus ZEU-9S2 Zeus,80,Asalto,3051,1769,17981200,4,6,0,Inner Sphere,,,,,,,,1,,,,,,,,,,,,,2,,,,,,,,,,,,,,,,,,,,,,,,,,,,,,1,,,12,"12,3",197,2,Ferro Fibroso,Double,24,,23,53,XL Engine,Compra,NO
Zeus ZEU-9T Zeus,80,Asalto,3062,1835,15238200,4,6,0,Inner Sphere,,,,,,,1,1,,2,,,,,,1,,,,,1,,,,,,,,,,,,,,,,,,,,,,,,,,,,,,,,,17,"15,1",241,2,Ferro Fibroso,Double,34,,45,50,Light Fusion Engine,Compra,NO
Zeus ZEU-X Zeus,80,Asalto,3132,2326,83599800,5,8,0,Inner Sphere,,,,,,,,,,,,,,,,,,,,,,,,,,,,,,,1,,,,,,,,,,,,,,,,,1,,,,,,12,"15,4",247,2,Estandar,Double,24,,16,50,XXL Engine,Compra,NO
Zeus ZEU-X2 Zeus,80,Asalto,3132,2120,87678800,5,8,0,Inner Sphere,,,,,,,,,,,,,,,,1,,,,,,,,,,,,,,1,,,,,,,,,,,,,,,,,,,,,,,,18,"14,5",232,2,Estandar,Double,36,,21,30,XXL Engine,Compra,NO
Zeus ZEU-X3 Zeus,80,Asalto,3132,2178,86583000,5,8,8,Inner Sphere,,,,,,,4,,,,,,,,,1,,,,,,,,,,,,,,,,,,,,,,,,,,,,,,,,,,,,,,17,"14,5",232,2,Estandar,Double,34,,35,30,XXL Engine,Compra,NO
Zeus-X ZEU-9WD (Stacy) Zeus-X,80,Asalto,3070,1921,16557800,4,6,0,Inner Sphere,,,,,,,2,,,,,,,,,,,1,,,,,,,,,,,,,,,,,,,,,,,,,,,,,1,,,,,,,14,"13,8",220,2,Ferro Fibroso,Double,28,,27,35,Light Fusion Engine,Compra,NO
Zeus-X ZEU-9WD Stacy Zeus-X,80,Asalto,3070,1921,16557800,4,6,0,Inner Sphere,,,,,,,2,,,,,,,,,,,1,,,,,,,,,,,,,,,,,,,,,,,,,,,,,1,,,,,,,14,"13,8",220,2,Ferro Fibroso,Double,28,,27,35,Light Fusion Engine,Compra,NO
Zeus-X ZEU-9WD Zeus-X,80,Asalto,3067,1716,14986100,4,6,0,Inner Sphere,,,,,,,,,,2,,,,,,,,1,,,,,,,,,,,,,,,,,,,,,,,,,,,,,,1,,,,,,15,"12,2",195,2,Ferro Fibroso,Double,30,,29,47,Light Fusion Engine,Compra,NO
Albatross ALB-5W (Dantalion) Albatross,95,Asalto,3073,2296,29975887,4,6,0,Inner Sphere,,,,,,1,2,,,2,,,,,,1,,,,,,,,,,,,,,,,,,,,,,,,,,,,,,,,,,,,,,13,"18,3",293,2,Ferro Fibroso,Double,26,,35,35,Light Fusion Engine,Compra,NO
Annihilator ANH-1E Annihilator,100,Asalto,3028,1625,7760666,2,3,0,Inner Sphere,,,,4,,,,,,,,,,,4,,,,,,,,,,,,,,,,,,,,,,,,,,,,,,,,,,,,,,,41,"13,5",216,2,Estandar,Single,41,,52,60,Fusion Engine,Compra,NO
Annihilator ANH-2AX Annihilator,100,Asalto,3074,2553,15113333,2,3,0,Inner Sphere,,,,,,,,,,,,,,,,,,,,,,,,,,,,,,,,,,,,,,,,,,,,,,,,,,,,2,,10,"19,0",304,2,Estandar,Single,10,,2,50,Compact Fusion Engine,Compra,NO
Anubis ABS-3MC Anubis,30,Ligero,3081,1074,6001640,8,12,0,Inner Sphere,,,,,,,2,,,,,,,,,,,,2,,,,,,,,,,,,,,,,,,,,,,,,,,,,,,,,,,,10,"5,5",88,2,Furtivo,Double,20,,14,20,XL Engine,Compra,NO
Aquagladius AQS-3 Aquagladius,50,Medio,3065,834,8415750,6,9,5,Inner Sphere,,,,,,,,,,,,,,,,,,,,,,,,,,,,,,,,,,,,,,,,,,,,,,,,,,,,,,10,"10,1",161,2,Ferro Fibroso,Double,20,,0,0,Light Fusion Engine,Compra,NO
Aquagladius AQS-4 Aquagladius,50,Medio,3066,1486,9013500,6,9,6,Inner Sphere,,,,,,,4,,,,,,,,,,,,,,,,,,,,,,,,,,,,,,,,,,,,,,,,,,,,,,,10,"10,6",169,2,Ferro Fibroso,Double,20,,20,20,Light Fusion Engine,Compra,NO
Arbiter ARB-001 Arbiter,35,Ligero,3063,507,1624607,5,8,0,Inner Sphere,,,,,,,,,,,,,,,,,,,,,,,,,,,,,,,,,,,,,,,,,,,,,,,,,,,,,,1,"5,0",80,2,Estandar,Single,1,,0,0,Fuel-Cell Engine,Compra,NO
ARC-1A Archer ARC-1A,70,Pesado,2458,1269,5592640,3,5,0,Inner Sphere,,,,2,,,,,,,,,,,,,,,,,,2,,,,,,,,,,,,,,,,,,,,,,,,,,,,,,,,10,"10,7",171,2,Estandar,Single,10,,18,50,Primitive Fusion Engine,Compra,NO
Archer ARC-2R (Morgan) Archer,70,Pesado,2474,1477,6300973,4,6,0,Inner Sphere,,,,4,,,,,,,,,,,,,,,,,,2,,,,,,,,,,,,,,,,,,,,,,,,,,,,,,,,10,"13,0",208,2,Estandar,Single,10,,24,60,Fusion Engine,Compra,NO
Atlas AS7-00 (Jurn) Atlas,100,Asalto,3081,2052,24904000,3,5,0,Inner Sphere,,,,,,,,,,,,,,,2,,1,,,,,,,,,,,,,,,,,,,,,,1,,,,,,,,,,,,,,,16,"19,0",304,2,Estandar,Double,32,,33,40,XL Engine,Compra,NO
Atlas AS7-D (Danielle) Atlas,100,Asalto,3028,1976,9500000,3,5,0,Inner Sphere,,,,6,,,,,,,,,,,,,,,,,,1,,,,,,,,,,,,,,,,,,1,,,,,,,,,,,,,,22,"19,0",304,2,Estandar,Single,22,,31,70,Fusion Engine,Compra,NO
Atlas AS7-K2 (Jedra) Atlas,100,Asalto,3133,1971,28583333,4,6,0,Inner Sphere,,,,,,,5,,,,,,,,,,,,,,,,,2,,,,,,,,,,,,,,,,,,,,,,,,,,,2,,,12,"18,4",295,2,Ferro Fibroso,Double,24,,33,71,XL Engine,Compra,NO
Atlas AS7-K2 Jedra Atlas,100,Asalto,3133,1971,28583333,4,6,0,Inner Sphere,,,,,,,5,,,,,,,,,,,,,,,,,2,,,,,,,,,,,,,,,,,,,,,,,,,,,2,,,12,"18,4",295,2,Ferro Fibroso,Double,24,,33,71,XL Engine,Compra,NO
Atlas AS7-WGS (Samsonov) Atlas,100,Asalto,3025,1884,9276000,3,5,0,Inner Sphere,,,,,,,,,,,,,,,2,,,,,,,,,,,,,,,,,,,,,,,,,1,,,,,,,,,,,,,,26,"19,0",304,2,Estandar,Single,26,,27,40,Fusion Engine,Compra,NO
Atlas II AS7-D-H (Kerensky) Atlas II,100,Asalto,2834,2777,12746000,3,5,0,Clan,,,,,,,,2,,2,,,,,,,,,,,,1,,,2,,,,,,,,,,,,,,,,,,,,,,1,,,,,,,19,"19,2",307,2,Ferro Fibroso,Double,38,,48,82,Fusion Engine,Compra,NO
Awesome AWS-11M Awesome,80,Asalto,3079,1801,10520640,3,5,0,Mixed,,,,,,,,,,,,,,,8,,,,,,,,,,,,,,,,,,,,,,,,,,,,,,,,,,,,,,,20,"15,0",240,2,Estandar,Double,40,,80,80,Fusion Engine,Compra,NO
Awesome AWS-11R Awesome,80,Asalto,3133,1878,22477120,3,5,0,Inner Sphere,,,,,,,1,,,,,,,,,,,,,,2,,,,,,,,,,,,,,,,,,,,,,,,,,,,,,1,,,10,"13,0",208,2,Furtivo,Double,20,,16,50,XL Engine,Compra,NO
Awesome AWS-8Q (Buck) Awesome,80,Asalto,3076,1787,21037920,5,8,0,Inner Sphere,,,,,,,,,,,,,,,3,,,,,,,,,,,,,,,,,,,,,,,,,,,,,,,,,,,,,,,16,"15,1",241,2,Ferro Fibroso,Double,32,,30,30,XL Engine,Compra,NO
Axman AXM-6X Axman,65,Pesado,3074,2132,22783759,5,8,0,Mixed,,,,,,,4,,,,,,,,,,,,,,,,,,,,,,,,,,,,,,,,,,,,,,,,,,,,,,,10,"12,0",192,2,Estandar,Double,20,,20,20,XL Engine,Compra,NO
Banshee BNC-11X Banshee,95,Asalto,3076,2030,26475027,4,6,0,Mixed,,,,,,1,,,,,,,,,,,,,,,,,,,,,,,,,,,,,,,,,,,,,,,,,,,,,,,,14,"18,0",288,2,Estandar,Double,28,,2,3,XL Engine,Compra,NO
Banshee BNC-1E Banshee,95,Asalto,2445,1458,9401077,3,5,0,Inner Sphere,,,1,2,,,,,,,,,,,1,,,,,,,,,,,,,,,,,,,,,,,1,,,,,,,,,,,,,,,,16,"15,0",240,2,Estandar,Single,16,,18,28,Primitive Fusion Engine,Compra,NO
Banzai BNZ-X Banzai,90,Asalto,3076,2647,33416155,4,6,0,Mixed,,,,,,1,,,,2,2,,,,,,,,,,,,,,,,,,,,,,,,,,,,,,,,,,,,,,,,,,,15,"17,4",279,2,Estandar,Double,30,,30,33,XL Engine,Compra,NO
Barghest BGS-4X Barghest,70,Pesado,3078,1667,8270833,4,6,0,Inner Sphere,,,,,,,,,,,,,,,2,,,,,,,,,,,,,,,,,,,,,,,,,,,,,,,,,,,,,1,,10,"12,5",200,4,Estandar,Double,20,,21,45,Fusion Engine,Compra,NO
BattleAxe BKX-1X BattleAxe,70,Pesado,2468,1079,5126050,3,5,0,Inner Sphere,,2,,,2,,,,,,,,,,,,,,2,,,,,,1,,,,,,,,,,,,,,,,,,,,,,,,,,,,,18,"9,0",144,2,Estandar,Single,18,,24,42,Primitive Fusion Engine,Compra,NO
Battlemaster BLR-1G (Red Corsair) Battlemaster,85,Asalto,3055,2745,21556693,4,6,0,Clan,,,,,,,,,,6,1,,,,,2,,,,,,,,,,,,,,,,,,,,,,,,,,,,,,,,,,,,,,21,"16,0",256,2,Estandar,Double,42,,64,65,XL Engine,Compra,NO
Battlemaster BLR-3M (Rogers) Battlemaster,85,Asalto,3058,1819,9141693,4,6,0,Inner Sphere,,,,6,,,,,,,,,,,,1,,,,,,,,,,7,,,,,,,,,,,,,,,,,,,,,,,,,,,,13,"16,2",259,2,Ferro Fibroso,Double,26,,47,68,Fusion Engine,Compra,NO
Bellerophon BEL-1X Bellerophon,60,Pesado,2442,957,4849400,4,6,0,Inner Sphere,,,,,2,,,,,,,,,,,,,,,,,,,1,,,,,,,,,,,,,,,,,,,,,,,,,,,,,,14,"7,7",123,2,Estandar,Single,14,,19,24,Primitive Fusion Engine,Compra,NO
Beowulf BEO-X-7A Beowulf,45,Medio,3068,1473,15865465,6,9,7,Inner Sphere,,,,,,,4,,,,,,,,,,,,,,,,,,,,,,,,,,,,,,,,,,,,,,,,,,,,,,,10,"9,5",152,2,Furtivo,Double,20,,20,20,XL Engine,Compra,NO
Beowulf IIC PR Beowulf IIC,45,Medio,3086,1992,10999990,6,9,6,Mixed,,,,,,,,1,,2,,,,,,,,,,,,,,,,,,,,,,,,,,,,,,,,,,,,,,,,,,,,12,"9,6",153,2,Ferro Fibroso,Double,24,,20,20,XL Engine,Compra,NO
Black Knight BLK-X-KNT 'Red Reaper' Black Knight,75,Pesado,3069,1858,17241000,4,6,0,Inner Sphere,,,,,,,,,,,,,,,,,,1,,,,,,,,,,,,,,,,,,,,,,,,,,,,,,,,,,,,15,"13,8",220,2,Ferro Fibroso,Double,30,,15,15,XL Engine,Compra,NO
Blade BLD-XR Blade,35,Ligero,3125,1101,6283100,7,11,0,Inner Sphere,,,,,,,,,,,,,,,2,,,,,,,,,,,,,,,,,,,,,,,,,,,,,,,,,,,,,,,10,"7,4",119,2,Estandar,Double,20,,20,20,XL Engine,Compra,NO
Bombard BMB-010 Bombard,50,Medio,3054,850,4402500,2,3,0,Inner Sphere,,,,,,,,,,,,,,,,,,,,,,,,,,,,,,,,,,,,,,,,2,,,,,,,,,,,,,,10,"10,0",160,2,Estandar,Single,10,,14,40,XL Engine,Compra,NO
Bombard BMB-013 Bombard,50,Medio,3063,1019,5127575,2,3,0,Inner Sphere,,,,,,,2,,,,,,,,,,,,,,,,,,,,,,,,,,,,,,,,,,,,,,,,,,,,,,,10,"10,0",160,2,Estandar,Single,10,,10,10,XL Engine,Compra,NO
Bombard BMB-1X Bombard,50,Medio,3068,1648,25879500,4,6,0,Mixed,,,,,,,,,,,,,,,,,,,,,,,,,,,,,,,,,,,,,,,,,,,,,,,,,,,2,,,10,"10,0",160,2,Estandar,Single,10,,2,30,XXL Engine,Compra,NO
Brigand LDT-5 Brigand,25,Ligero,3076,762,3494583,7,11,7,Inner Sphere,,,,3,,,,,,,,,,,,,,,,,,,,,,,,,,,,,,,,,,,,,,,,,,,,,,,,,,10,"5,5",88,2,Estandar,Double,20,,9,15,XL Engine,Compra,NO
Brigand LDT-XPR1 Brigand,25,Ligero,3076,723,3269500,6,9,6,Inner Sphere,,,,,,,,,,,,,,,,,,,,,,,,1,,,,,,,,,,,,,,,,,,,,,,,,,,,,,,10,"5,5",88,2,Estandar,Double,20,,3,8,XL Engine,Compra,NO
Brigand LDT-XPR2 Brigand,25,Ligero,3076,956,4080000,6,9,6,Inner Sphere,,,,5,,,,,,,,,,,,,,,,,,,,,,,,,,,,,,,,,,,,,,,,,,,,,,,,,,10,"5,5",88,2,Estandar,Double,20,,15,25,XL Engine,Compra,NO
Brigand LDT-XPR3 Brigand,25,Ligero,3076,752,3255000,6,9,6,Inner Sphere,,,,4,,,,,,,,,,,,,,,,,,,,,,,,,,,,,,,,,,,,,,,,,,,,,,,,,,10,"5,5",88,2,Estandar,Double,20,,12,20,XL Engine,Compra,NO
Brigand LDT-XPR4 Brigand,25,Ligero,3076,739,3427500,6,9,6,Inner Sphere,,,,4,,,,,,,,,,,,,,,,,,,,,,,,,,,,,,,,,,,,,,,,,,,,,,,,,,10,"5,5",88,2,Estandar,Double,20,,12,20,XL Engine,Compra,NO
Brigand LDT-XPR5 Brigand,25,Ligero,3076,743,3846666,5,8,8,Inner Sphere,,,,4,,,,,,,,,,,,,,,,,,,,,,,,,,,,,,,,,,,,,,,,,,,,,,,,,,10,"5,5",88,2,Estandar,Double,20,,12,20,XL Engine,Compra,NO
Cataphract CTF-0X Cataphract,70,Pesado,3025,1258,6623053,4,6,0,Inner Sphere,,,,2,,,,,,,,,,,1,,,,,,,,,,,,,,,,,,,,,,,1,,,,,,,,,,,,,,,,14,"11,0",176,2,Estandar,Single,14,,17,25,Fusion Engine,Compra,NO
Cataphract CTF-5MOC (Naomi) Cataphract,70,Pesado,3067,2028,16283928,4,6,4,Inner Sphere,,,,,,1,1,,,1,,,,,,,,1,,,,,,,,,,,,,,,,,,,,,,,,,,,,,,,,,,,1,15,"13,5",216,2,Furtivo,Double,30,,36,39,XL Engine,Compra,NO
CattleMaster RA-4 'HerderMech' CattleMaster,25,Ligero,3024,228,725333,4,6,0,Inner Sphere,,,,,,,,,,,,,,,,,,,,,,,,,,,,,,,,,,,,,,,,,,,,,,,,,,,,,,0,"3,0",48,2,Estandar,Single,0,,0,0,I.C.E. Engine,Compra,NO
Cazador  Cazador,35,Ligero,3140,921,5132580,5,8,0,Clan,,,,,,,,,2,,,,,,,,,,,,,,,,,,,,,,,,,,,,,,,,,,,,,,1,,,,,,,10,"6,0",96,2,Estandar,Single,10,,6,16,Fusion Engine,Compra,NO
Celerity CLR-02-X-D Celerity,15,Ligero,3067,157,10355750,16,24,0,Inner Sphere,,,,,,,,,,,,,,,,,,,,,,,,,,,,,,,,,,,,,,,,,,,,,,,,,,,,,,10,"1,0",16,4,Estandar,Single,10,,0,0,XXL Engine,Compra,NO
Centurion CN9-H Centurion,50,Medio,3077,848,3983000,4,6,0,Inner Sphere,,,,1,,,,,,,,,,,,,,,,,,,,,,,,,,,,,,,,,,,,,,,,,,,1,,,,,,,10,"6,0",96,2,Estandar,Single,10,,5,15,Primitive Fusion Engine,Compra,NO
Centurion CN9-YLW3 'Yen Lo Wang' Centurion,50,Medio,3101,1815,8365999,4,6,0,Mixed,,,,,,,1,,,,,,,,,,,,,,,1,,,,,,,,,,,,,,,,,,,,,,,,,,,,,1,,,10,"9,5",152,2,Ferro Fibroso,Double,20,,12,40,XL Engine,Compra,NO
Chameleon CLN-7VQ 'Q-Mech' Chameleon,50,Medio,3071,2105,11451000,6,9,6,Mixed,,,,,,,,,,,,,3,,,,,1,,,,,,,,,,,,,,,,,,,,,,,,,,,,,,,,,,,,11,"9,0",144,2,Estandar,Double,22,,36,45,XL Engine,Compra,NO
Charger CGR-1X1 Charger,80,Asalto,3076,2009,34121220,5,8,0,Inner Sphere,,,,,,,,1,,,,,,,,,,,,,,,,,,,,,,,,,,,,,,,,,,,,,,,,,,,,,,10,"15,4",247,2,Ferro Fibroso,Double,20,,12,8,XL Engine,Compra,NO
Colossus CL-P3 Colossus,95,Asalto,3053,1986,10006925,3,5,3,Inner Sphere,,,,,,,,,,2,2,,,,,,,,,,,,,,,,,,,,,,,,,,,,,1,,,,,,,,,,,,,,13,"18,0",288,2,Estandar,Double,26,,35,50,Fusion Engine,Compra,NO
Colossus CLS-4S Colossus,95,Asalto,3066,2392,10874925,3,5,3,Inner Sphere,,,,,,,,,,,,,,,,,,,,,,,,,,,,,,,,,,,,,,,,,,,,,,,,1,,,,,,13,"18,0",288,2,Estandar,Double,26,,6,20,Fusion Engine,Compra,NO
Colossus CLS-5S Colossus,95,Asalto,3067,2647,10612425,3,5,3,Inner Sphere,,,,,,,2,,,,,,,,2,,,,,,,,,,,,,,,,,,,,,,,,,,,,,,,,,,,,1,,,13,"18,0",288,2,Estandar,Double,26,,31,45,Fusion Engine,Compra,NO
Commando COM-1A Commando,25,Ligero,2463,475,1548750,5,8,0,Inner Sphere,,,,,1,,,,,,,,,,,,,,,,,,,,,,,,,,,,,,,,,,,,,,,,,,,,,,,,,10,"3,3",53,2,Estandar,Single,10,,8,8,Primitive Fusion Engine,Compra,NO
Commando COM-7S2 (Freyr) Commando,25,Ligero,3070,1105,3652750,6,9,6,Mixed,,,,,,,2,,,,,,,,,,,,,,,,,,,,2,,,,,,,,,,,,,,,,,,,,,,,,,,,10,"3,5",56,2,Estandar,Double,20,,16,26,XL Engine,Compra,NO
Copperhead CPR-HD-002 Copperhead,30,Ligero,3054,763,3805190,6,9,2,Inner Sphere,,,,3,,,,,1,1,,,,,,,,,,,,,,1,,1,,,,,,,,,,,,,,,,,,,,,,,,,,,,12,"5,0",80,2,Ferro Fibroso,Double,24,,20,36,XL Engine,Compra,NO
Copperhead CPR-HD-003 Copperhead,30,Ligero,3065,1117,6447490,6,9,2,Inner Sphere,,,,,,,3,,,,,,,,,,,,,,,,,,,,1,,,,,,,,,,,,,,,,,,,,,,,,1,,,13,"4,5",72,2,Estandar,Double,26,,19,38,XL Engine,Compra,NO
Copperhead CPR-HD-004 Copperhead,30,Ligero,3066,1151,6455290,6,9,0,Inner Sphere,,,,,,,3,,,,,,,,,,,,,,,,,,,,1,,,,,,,,,,,,,,,,,,,,,,,,1,,,13,"5,5",88,2,Estandar,Double,26,,19,38,XL Engine,Compra,NO
Cougar X  Cougar X,35,Ligero,3086,1516,6008475,5,8,7,Mixed,,,,,,,2,,,,,,,,,,,,,2,,,,,,,,,,,,,,,,,,,,,,,,,,,,,,,,,,10,"4,2",67,2,Ferro Fibroso,Double,20,,18,30,XL Engine,Compra,NO
Cougar-XR  Cougar-XR,35,Ligero,3070,1783,6209130,5,8,5,Mixed,,,,,,,,,,1,,,,,,,,,,,2,,,,,,,,,,,,,,,,,,,,,,,,,,,,,,,,,10,"7,0",112,2,Estandar,Double,20,,14,36,XL Engine,Compra,NO
Crossbow CRS-X Crossbow,60,Pesado,2750,969,4590400,4,6,0,Inner Sphere,,,,2,1,,,,,,,,,,,,,,4,,,,,,,,,,,,,,,,,,,,,,,,,,,,,,,,,,,10,"7,7",123,2,Estandar,Single,10,,22,38,Primitive Fusion Engine,Compra,NO
Crosscut ED-XX 'Ichabod' Crosscut,30,Ligero,3075,442,2015098,3,5,0,Inner Sphere,,,,,,1,1,,,,,,,,,,,,,,,,,,,,,,,,,,,,,,,,,,,,,,,,,,,,,,,10,"4,0",64,2,Estandar,Single,10,,7,8,Fusion Engine,Compra,NO
Cudgel CDG-1B Cudgel,80,Asalto,3053,1347,22777720,5,8,0,Inner Sphere,,10,,,,,,,2,,,,,,,,,,,,,,,,1,,,,,,,,,,,,,,,,,,,,,,,,,,,,,14,"14,5",232,2,Estandar,Double,28,,8,38,XL Engine,Compra,NO
Cudgel CDG-2A Cudgel,80,Asalto,3066,1750,22474410,5,8,0,Inner Sphere,,,1,5,,,4,,,,,,,,,,,,,,,,,,,,,,,,,,,,,,,,,,,,,,,,,,,,,,,11,"15,4",247,2,Ferro Fibroso,Double,22,,36,48,XL Engine,Compra,NO
Cudgel CDG-2B Cudgel,80,Asalto,3068,1762,22497360,5,8,0,Inner Sphere,,,,,,,5,,,,,,,,,,,,,,,,,,,,,1,,,,,,,,,,,,,,,,,,,,,,,,,,10,"15,4",247,2,Ferro Fibroso,Double,20,,29,37,XL Engine,Compra,NO
Daedalus DAD-3C Daedalus,45,Medio,3053,1070,8168482,6,9,6,Inner Sphere,,1,1,,,,,,,,1,,,,,,,,,,,,,2,1,,,,,,,,,,,,,,,,,,,,,,,,,,,,,10,"8,0",128,2,Estandar,Double,20,,21,42,XL Engine,Compra,NO
Daedalus DAD-3D Daedalus,45,Medio,3062,1729,9336695,6,9,6,Inner Sphere,,,,,,2,4,,,,,,,,,,,,,,,,,,,,,,,,,,,,,,,,,,,,,,,,,,,,,,,12,"9,6",153,2,Estandar,Double,24,,24,26,XL Engine,Compra,NO
Daedalus DAD-4A Daedalus,45,Medio,3064,1466,13036695,6,9,6,Inner Sphere,,,,,,2,1,,,,,,,,,,,,,,,,,,,,2,1,,,,,,,,,,,,,,,,,,,,,,,,,,12,"8,5",136,2,Estandar,Double,24,,19,39,XL Engine,Compra,NO
Daedalus DAD-4B Daedalus,45,Medio,3067,1431,11980395,6,9,6,Inner Sphere,,,,,,2,1,,,2,,,,,,,,,,,,,,,,,,1,,,,,,,,,,,,,,,,,,,,,,,,,,13,"9,5",152,2,Estandar,Double,26,,21,35,XL Engine,Compra,NO
Daimyo DMO-1K2 (al-Shahab) Daimyo,40,Medio,3066,1332,7502879,5,8,0,Inner Sphere,,,,,,,,,,,,,,,,,,1,,,,,,,,,,,,,,,,,,,,,,,,,,,,,,,,,,,,13,"8,4",134,2,Ferro Fibroso,Double,26,,15,15,Light Fusion Engine,Compra,NO
Dervish DV-1S Dervish,55,Medio,2520,864,4194633,4,6,3,Inner Sphere,,,,,,,,,,,,,,,,,,,,2,,,2,,,,,,,,,,,,,,,,,,,,,,,,,,,,,,,10,"6,7",107,2,Estandar,Single,10,,12,28,Primitive Fusion Engine,Compra,NO
Dervish DV-8D2 'Lightbringer' Dervish,55,Medio,3071,1717,13153855,5,8,8,Inner Sphere,,,,,,,4,,,,,,,,,,2,,,,,,,,,,,,,,,,,,,,,,,,,,,,,,,,,,,,,11,"8,9",143,2,Ferro Fibroso,Double,22,,40,40,XL Engine,Compra,NO
Devastator DVS-X10 MUSE EARTH Devastator,100,Asalto,3075,3250,131448666,4,6,0,Inner Sphere,,,,,,,,,,,,,,,,,,2,,,,,,,,,,,,,,,,,,,,,,,,,,,,,,,,,,,,16,"19,2",307,2,Estandar,Double,32,,30,30,XXL Engine,Compra,NO
Dig Lord RCL-4M MiningMech MOD Dig Lord,65,Pesado,3133,706,2777531,3,5,0,Inner Sphere,,,,,,,,,,,,,,,,,,,,,,,,1,,,,,,,,,,,,,,,1,,,,,,,,,,,,,,,3,"8,0",128,2,Estandar,Single,3,,6,18,Fuel-Cell Engine,Compra,NO
Dig Lord RCL-Z1 Armed MiningMech Dig Lord,65,Pesado,3081,681,2850558,3,5,0,Inner Sphere,,,,,,,,,,,,,,,,,,,,,,,,,,,,,,,,,,,,,,,,,,,,,,,,,,,,,,7,"8,0",128,2,Estandar,Single,7,,0,0,Fuel-Cell Engine,Compra,NO
Dola DOL-1A Dola,30,Ligero,3079,911,6911840,8,12,8,Inner Sphere,,,,,,,2,,,,,,,,,,,,,,,,,,,,,,,,,,,,,,,,,,,,,,,,,,,,,,,10,"6,3",101,2,Ferro Fibroso,Double,20,,10,10,XL Engine,Compra,NO
Dragon DRG-2Y (Yoriyoshi) Dragon,60,Pesado,3025,1257,4874600,5,8,0,Inner Sphere,1,,1,1,1,,,,,,,,,,,,,,,,,,,1,,,,,,,,,,,,,,,,,,,,,,,,,,,,,,16,"12,5",200,2,Estandar,Single,16,,18,26,Fusion Engine,Compra,NO
Dragon Fire DGR-6FC2 (Gregory) Dragon Fire,75,Pesado,3067,2230,16236125,4,6,0,Inner Sphere,,,,,,,2,,,,,,,,1,,,,,,,,,,,,,,,,,,,,,,,,,,,,,,,,,,,,,1,1,11,"14,4",231,2,Estandar,Double,22,,31,55,Light Fusion Engine,Compra,NO
Dragoon AEM-05C Dragoon,70,Pesado,3141,1893,17055683,4,6,3,Mixed,,,,,,,,,,,,,,,,,,,,,,,,,,,,,,,,,,,,,,,,,,,,,,,1,,,,,,1,11,"12,7",203,2,Ferro Fibroso,Double,22,,12,20,XL Engine,Compra,NO
Eisenfaust EFT-2 Eisenfaust,45,Medio,2471,715,2487820,2,3,0,Inner Sphere,,,,2,1,,,,,,,,,,,,,,,,,,,,,,,,,,,,,,,,,,1,,,,,,,,,,,,,,,10,"6,7",107,2,Estandar,Single,10,,17,28,Primitive Fusion Engine,Compra,NO
Emperor EMP-1A Emperor,90,Asalto,2442,1453,8588900,3,5,0,Inner Sphere,,,,3,,,,,,,,,,,,,,,,,,,,,,,,,,,,,,,,,,2,,,,,,,,,,,,,,,,10,"17,1",273,2,Estandar,Single,10,,11,25,Primitive Fusion Engine,Compra,NO
Emperor EMP-6ME 'Mercury Elite' Emperor,90,Asalto,3075,2004,16259500,3,5,0,Inner Sphere,,,,,,,,,,2,,,,,,,2,,,,,,,,,,,,,,,,,,,,,,,,,,,,,,,,,,,,,11,"16,5",264,2,Estandar,Double,22,,28,32,Light Fusion Engine,Compra,NO
Enforcer III ENF-7D Enforcer III,50,Medio,3104,1495,10023250,5,8,5,Inner Sphere,,,,,,,,,1,,,,,,,1,,,,,,,,,,,,,,,,,,,,,,,,,,,,,,,1,,,,,,,10,"10,1",161,2,Ferro Fibroso,Double,20,,19,23,XL Engine,Compra,NO
Enforcer III ENF-7X MUSE COMPACT Enforcer III,50,Medio,3074,1670,10920500,5,8,8,Mixed,,,,,,,,,,,,,,,,,,,,,,,,,,,,,,,,,,,,,,,,,,,,,,,,,,,,,,12,"10,2",163,2,Ferro Fibroso,Double,24,,0,0,XL Engine,Compra,NO
Exterminator Caine EXT-4DX Exterminator Caine,65,Pesado,2754,1794,20903759,5,8,5,Inner Sphere,,,,,,,,,,6,,,,,,,,,,,,,,,,,,,,,,,,,,,,,,,,,,,,,,,,,,,,10,"13,2",211,2,Estandar,Double,20,,24,36,XL Engine,Compra,NO
Exterminator EXT-6CS Exterminator,65,Pesado,3079,1592,19127010,6,9,0,Inner Sphere,,,,,,,,,,2,,,,,2,,,,,,,,,,,,,,,,,,,,,,,,,,,,,,,,,,,,,,,10,"13,0",208,2,Estandar,Double,20,,28,32,XL Engine,Compra,NO
Fafnir FNR-4A (Peter) Fafnir,100,Asalto,3068,2458,13486000,3,5,0,Inner Sphere,,,,,,,,2,,3,,,,,,,,,,,,,,,,,,,,,,,,,,,,,,,,,,,,,,,,,,1,,13,"19,2",307,2,Estandar,Double,26,,37,59,Fusion Engine,Compra,NO
Fireball ALM-XF Fireball,20,Ligero,3077,612,16909240,16,24,0,Inner Sphere,,,,,,2,,,,,,,,,,,,,,,,,,,,,,,,,,,,,,,,,,,,,,,,,,,,,,,,10,"3,9",62,2,Ferro Fibroso,Double,20,,4,6,XXL Engine,Compra,NO
Firebee FRB-1E (WAM-B) Firebee,35,Ligero,2483,514,2503335,5,8,0,Inner Sphere,,,,,,,,,,,,,,,,,,,1,,,,3,,,,,,,,,,,,,,,,,,,,,,,,,,,,,,,10,"4,3",69,2,Estandar,Single,10,,8,17,Primitive Fusion Engine,Compra,NO
Firestarter FS9-81X Firestarter,35,Ligero,3074,1065,16221475,6,9,6,Inner Sphere,3,,,,,,,,,,,,,,,,,,,,,,,,,,,,,,,,,,,,,,,,,,,,,,,,,,,,1,10,"5,5",88,2,Estandar,Double,20,,19,16,XXL Engine,Compra,NO
Flashfire FLS-P2 Flashfire,30,Ligero,3054,718,3807400,6,9,0,Inner Sphere,4,,,,,,,,,2,,,,,,,,,,,,,,,2,,,,,,,,,,,,,,,,,,,,,,,,,,,,,10,"5,0",80,2,Estandar,Double,20,,28,44,XL Engine,Compra,NO
Flashfire FLS-P4 Flashfire,30,Ligero,3055,712,3984200,6,9,6,Inner Sphere,4,,,,,,,,,2,,,,,,,,,,,,,,,1,,,,,,,,,,,,,,,,,,,,,,,,,,,,,10,"5,0",80,2,Estandar,Double,20,,24,32,XL Engine,Compra,NO
Flashfire FLS-P5 Flashfire,30,Ligero,3067,654,3790232,6,9,4,Inner Sphere,,,,,,4,,,,,,,,,,,,,,,,,,,1,,,,,,,,,,,,,,,,,,,,,,,,,,,,,10,"5,5",88,2,Estandar,Double,20,,12,24,XL Engine,Compra,NO
Flea FLE-14 Flea,15,Ligero,2519,270,1336875,9,14,4,Inner Sphere,,,,1,,,,,,,,,,,,,,,,,,,,,,,,,,,,,,,,,,,,,,,,,,,,,,,,,,10,"1,0",16,2,Estandar,Single,10,,3,5,Fusion Engine,Compra,NO
Galahad GLH-3D (Laodices) Galahad,60,Pesado,3070,1549,11916000,4,6,0,Inner Sphere,,,,,,,,,,,,,,,1,1,,,,,,,,,,,,,,,,,,,,,,,,,,,,,,,,,,,1,,,10,"12,6",201,2,Ferro Fibroso,Double,20,,26,35,Light Fusion Engine,Compra,NO
Gladiator GLD-1R Gladiator,55,Medio,2468,1027,3941598,4,6,0,Inner Sphere,,,,2,1,,,,,,,,,,,,,,,,,,,,,,,,,,,,,,,,,,,,,,,,,,,,,,,,,14,"11,0",176,2,Estandar,Single,14,,14,18,Primitive Fusion Engine,Compra,NO
Grand Titan T-IT-N14R 'Vengeance' Grand Titan,100,Asalto,3075,2237,17731000,3,5,2,Mixed,,,,,,,2,,,,,,,,,,,,,,,,,,,,,,,,,,,,,,,,,,,,,,,,,,,,,,,10,"17,2",276,2,Estandar,Double,20,,10,10,Fusion Engine,Compra,NO
Grasshopper (Reynolds) Grasshopper,70,Pesado,3059,2344,7187373,4,6,4,Mixed,,,,,,,4,3,,,,,,,,,,,,,,,,,,,,,,,,,,,,,,,,,,,,,,,,,,,,,,18,"13,0",208,2,Estandar,Double,36,,56,44,Fusion Engine,Compra,NO
Grasshopper GHR-7X Grasshopper,70,Pesado,3075,1587,14418040,4,6,6,Inner Sphere,,,,,,,,,,1,,,,,,,,,,,,,,,,,,,,,,,,,,,,,,,,,,,,,,,,,,,,13,"13,6",217,2,Estandar,Double,26,,4,6,Light Fusion Engine,Compra,NO
Great Turtle GTR-1 Great Turtle,100,Asalto,3067,3152,13533000,3,5,3,Inner Sphere,,,,,,,,,,,,,,,,,,,,,,,,,,,,,,,,,,,,,,,,,,,,,,,,,,,,,,14,"20,2",323,4,Estandar,Double,28,,0,0,Fusion Engine,Compra,NO
Great Turtle GTR-2 Great Turtle,100,Asalto,3068,2355,23574000,3,5,3,Inner Sphere,,,,,,,1,,,,,,,,,1,,,,,,,,,,,,,,,,,,,,,,,,,,,,,,,,,,,,,,17,"20,2",323,4,Estandar,Double,34,,20,15,Compact Fusion Engine,Compra,NO
Griffin GRF-1A Griffin,60,Pesado,2465,1024,4656080,4,6,3,Inner Sphere,,,,,,,,,,,,,,,1,,,,1,,,,,,,,,,,,,,,,,,,,,,,,,,,,,,,,,,,11,"9,7",155,2,Estandar,Single,11,,12,15,Primitive Fusion Engine,Compra,NO
Griffin GRF-1E2 'Sparky 2.0' Griffin,55,Medio,3074,1862,8819190,5,8,5,Inner Sphere,,,,2,,,3,,,,,,,,,1,,,,,,,,,,,,,,,,,,,,,,,,,,,,,,,,,,,,,,14,"11,2",179,2,Ferro Fibroso,Double,28,,36,35,Light Fusion Engine,Compra,NO
Grim Reaper (Einar) Grim Reaper,55,Medio,3073,2121,11768656,5,8,0,Mixed,,,,,,,1,1,,,,,,,,,,,,,,1,,,,,,,,,,,,,,,,,,,,,,,,,,,,,,,,10,"11,6",185,2,Ferro Fibroso,Double,20,,23,33,XL Engine,Compra,NO
Grim Reaper GRM-R-PR62A Grim Reaper,55,Medio,3072,1542,12074961,5,8,7,Inner Sphere,,,,,,,1,,,,,,,,,,1,,,,,,,,,,,,,,,,,,,,,,,,,,,,,,,,,,,,,10,"11,6",185,2,Ferro Fibroso,Double,20,,15,15,XL Engine,Compra,NO
Ha Otoko-HR  Ha Otoko-HR,65,Pesado,3077,1553,9980860,4,6,0,Mixed,,,,,,,,,,,,,,,,,,,,,,2,,,,,,,,,,,,,,,,,,,,,,,,,,,,,,,,12,"13,0",208,2,Estandar,Double,24,,12,40,Light Fusion Engine,Compra,NO
Hachiwara HCA-3T Hachiwara,70,Pesado,3064,1646,22888136,5,8,0,Inner Sphere,,,,,,,2,,,,,,,,,,,,,,,,,,,,,,,,,,,,,,,,,,,,1,,,,,,,,,,,11,"12,5",200,2,Estandar,Double,22,,14,20,XL Engine,Compra,NO
Hachiwara HCA-4T Hachiwara,70,Pesado,3065,1728,23610764,5,8,0,Inner Sphere,,,,,,,2,,,,,,,,,,,,,,,,,,,,,,,,,,,,,,,,,,,,1,,,,,,,,,,,11,"12,5",200,2,Estandar,Double,22,,14,20,XL Engine,Compra,NO
Hachiwara HCA-4U Hachiwara,70,Pesado,3066,1786,23694136,5,8,0,Inner Sphere,,,,,,,2,,,,,,,,,,,,,,,,,,,,,,,,,,,,,,,,,,,,,1,,,,,,,,,,11,"12,5",200,2,Estandar,Double,22,,18,30,XL Engine,Compra,NO
Hachiwara HCA-6P Hachiwara,70,Pesado,3069,2385,17917164,5,8,0,Inner Sphere,,,,5,,,,,,,,,,,,1,,,,,,,,,,,,,,,,,,,,,,,,,,,,,,,,,,,,,,10,"13,0",208,2,Estandar,Double,20,,30,35,XL Engine,Compra,NO
Hatamoto-Kaeru HTM-35X Hatamoto-Kaeru,80,Asalto,3075,1906,22429440,4,6,4,Inner Sphere,,,,5,,,,,,,,,,,,,2,,,,,,,,,,,,,,,,,,,,,,,,,,,,,,,,,,,,,10,"15,4",247,2,Ferro Fibroso,Double,20,,35,45,XL Engine,Compra,NO
Hatamoto-Ku HTM-27W2 Hatamoto-Ku,80,Asalto,3115,1699,9669720,4,6,0,Inner Sphere,,,,,,,,,,,,,,,,2,,,,,,,,,,,,,,,,,,,,,,,,,,,,,,,,,,,,,,16,"15,4",247,2,Estandar,Double,32,,30,20,Fusion Engine,Compra,NO
Hatchetman HCT-7R Hatchetman,45,Medio,3114,1521,8734220,5,8,5,Inner Sphere,,,,6,,,,,,,,,,,,,,,,,,,,,,,,,,,,,,,,,,,,,,,,,,,,,,,,,,12,"9,5",152,2,Ferro Fibroso,Double,24,,18,30,Light Fusion Engine,Compra,NO
HawkWolf HWK-3F HawkWolf,80,Asalto,3076,1349,6617400,3,5,0,Inner Sphere,,,,,,,,,,,,,,,,,,,,,2,,,,,,,,,,,,,,,,,,,,,,,,,,,,,,,,,13,"12,0",192,2,Estandar,Single,13,,10,30,Primitive Fusion Engine,Compra,NO
Helepolis HEP-1H Helepolis,75,Pesado,2460,1063,4600812,2,3,0,Inner Sphere,,,,1,1,,,,,,,,,,,,,,,,,,,,1,,,,,,,,,,,,,,,,,,,,,,,,,,,,,11,"13,7",219,2,Estandar,Single,11,,15,25,Primitive Fusion Engine,Compra,NO
Hellspawn HSN-7D2 (Halperin) Hellspawn,45,Medio,3072,1431,10745225,6,9,6,Inner Sphere,,,,,,2,4,,,,,,,,,,,,,,,,,,,,,,,,,,,,,,,,,,,,,,,,,,,,,,,12,"9,5",152,2,Estandar,Double,24,,24,26,XL Engine,Compra,NO
Hermes II HER-7S Hermes II,40,Medio,3077,1525,27707213,8,12,8,Mixed,1,,,,,,,,,,1,,,,1,,,,,,,,,,,,,,,,,,,,,,,,,,,,,,,,,,,,,,,10,"7,5",120,2,Estandar,Double,20,,23,21,XXL Engine,Compra,NO
Highlander 641-X-2 Highlander,90,Asalto,3070,2185,22228880,3,5,3,Inner Sphere,,,,,,,2,,,,,,,,,,,,,,,,,,,,,,,,,,,,,,,,,,,,,,,,,,,,1,,,10,"15,9",254,2,Ferro Fibroso,Double,20,,11,25,XL Engine,Compra,NO
Highlander HGN-732 (Jorgensson) Highlander,90,Asalto,2834,2682,9590080,3,5,3,Mixed,,,,,,,,2,,,,,,,,,,,,,,1,,,,,,,,,,,,,,,,,,,,,,,,,,,,,1,,,13,"17,3",277,2,Ferro Fibroso,Double,26,,31,51,Fusion Engine,Compra,NO
Hoplite HOP-4X Hoplite,55,Medio,3075,1880,8878625,5,8,0,Mixed,,,,,,,,,,,,,,,,,,,,,1,,,,,,,,,,,,,,,,,,,,,,,,,,,,,1,,,,10,"11,6",185,2,Ferro Fibroso,Double,20,,6,20,Light Fusion Engine,Compra,NO
Hornet HNT-181 Hornet,20,Ligero,3130,398,1946500,5,8,5,Inner Sphere,,,,,,1,,,,,,,,,,,,,,,,,,,,,,,,,,,,,,,,,,,,,,,,,,,,,,,,10,"3,9",62,2,Ferro Fibroso,Single,10,,2,3,XL Engine,Compra,NO
Hornet HNT-182 Hornet,20,Ligero,3130,505,1999000,5,8,5,Inner Sphere,,,,2,,,,,,,,,,,,,,,,,,,,,,,,,,,,,,,,,,,,,,,,,,,,,,,,,,10,"3,9",62,2,Ferro Fibroso,Single,10,,6,10,XL Engine,Compra,NO
Hunchback HBK-7S Hunchback,50,Medio,3134,1628,15732000,6,9,0,Inner Sphere,,,,,,,4,,,,,,,,,,,,,,,,,,2,,,,,,,,,,,,,,,,,,,,,,,,,,,,,14,"10,0",160,2,Estandar,Double,28,,28,44,XL Engine,Compra,NO
Hunchback HBK-7X-4 Hunchback,50,Medio,3065,1208,9175375,4,6,0,Inner Sphere,,,,,,1,2,,,,,,,,,,,,,,,,,,,,,,,,,,,,,,,,,,,,1,,,,,,,,,,,10,"10,1",161,2,Ferro Fibroso,Double,20,,16,23,XL Engine,Compra,NO
Huron Warrior HUR-WO-R4X Huron Warrior,50,Medio,3076,1728,12490000,5,8,0,Inner Sphere,,,,,,,,,,,,,,,,,,,,,,,,,,,,,,,,,,,,,,,,,,,,,,,,,,,,,,10,"10,0",160,2,Estandar,Double,20,,0,0,XL Engine,Compra,NO
Icarus ICR-1X Icarus,40,Medio,2470,700,2328130,4,6,0,Inner Sphere,,2,1,,1,,,,,,,,,,,,,,,,,,2,,,,,,,,,,,,,,,,,,,,,,,,,,,,,,,10,"7,0",112,2,Estandar,Single,10,,13,23,Primitive Fusion Engine,Compra,NO
Inquisitor II ITW-200 Inquisitor II,50,Medio,3100,1186,3716625,4,6,0,Inner Sphere,,,,,,,,,,,,,,,,,,,,,,,,1,,,,,,,,,,,,,,,,,,,,,,,,,,,,,,10,"7,0",112,2,Estandar,Single,10,,3,8,Fusion Engine,Compra,NO
Jackal JA-KL-1579 Jackal,30,Ligero,3077,1269,5797140,7,11,0,Inner Sphere,,,,,,,,,,,,,,,,1,,,,,,,,,,,,,,,,,,,,,,,,,,,,,,,,,,,,,,10,"6,5",104,2,Estandar,Double,20,,15,10,XL Engine,Compra,NO
Jenner JR10-X Jenner,35,Ligero,3072,1269,10748925,7,11,7,Inner Sphere,,,,6,,,,,,,,,,,,,,,,,,,,,,,,,,,,,,,,,,,,,,,,,,,,,,,,,,10,"7,4",118,2,Ferro Fibroso,Double,20,,18,30,XL Engine,Compra,NO
Jinggau JN-G8BX (Rush) Jinggau,65,Pesado,3070,1337,15629649,5,8,4,Inner Sphere,,,,,,,,,,,,,,,,,,,,,,,,,,,,,,,,,,,,,,,,,,,,,,,,,,,,,,13,"12,2",195,2,Ferro Fibroso,Double,26,,0,0,XL Engine,Compra,NO
Juggernaut JG-R9T1 Juggernaut,90,Asalto,3053,1719,8455480,3,5,0,Inner Sphere,,16,,,,,,,4,3,3,,,,,,,,,,,,,,,,,,,,,,,,,,,,,,,,,,,,,,,,,,,12,"16,5",264,2,Estandar,Double,24,,50,89,Fusion Engine,Compra,NO
Juggernaut JG-R9T2 Juggernaut,90,Asalto,3057,1916,9371800,3,5,0,Inner Sphere,,12,,,,,,,,,,,,,,,,,,,,,,,,,,,,,,,,,,,,,,,,,,,,,,,,,,,,16,"16,5",264,2,Estandar,Double,32,,0,24,Fusion Engine,Compra,NO
Juggernaut JG-R9T3 Juggernaut,90,Asalto,3065,1959,9545700,3,5,0,Inner Sphere,,,,,,,,,,,,,,,,,,,,,,,,,,,,,,,,,,,,,,,,,,,,,,,,,,,6,,,16,"16,5",264,2,Estandar,Double,32,,6,90,Fusion Engine,Compra,NO
Juggernaut JG-R9TX1 'Leapin&apos; Lil' Juggernaut,90,Asalto,3074,1946,15676900,3,5,0,Inner Sphere,,,,,,,1,,,,,,,,,,1,,,,,,,,,,,,,,,,,,,,,,,,,,,,,,,,,,,,,16,"16,9",271,2,Ferro Fibroso,Double,32,,15,15,Light Fusion Engine,Compra,NO
Kiso K-3N-KRHQ CommandMech Kiso,100,Asalto,2823,940,5024666,2,3,0,Inner Sphere,,3,,,,,,,,,,,,,,,,,,,,,,,,,,,,,,,,,,,,,,,,,,,,,,,,,,,,10,"15,5",248,4,Estandar,Single,10,,0,6,Fusion Engine,Compra,NO
Kodiak (Cale) Kodiak,100,Asalto,3068,2535,14266000,3,5,0,Mixed,,,,2,,,5,,,,,,,,,,,1,,,,,,,,,,2,,,,,,,,,,,1,,,,,,,,,,,,,,,15,"19,2",307,2,Estandar,Double,30,,57,84,Fusion Engine,Compra,NO
Koto KT-P2 Koto,25,Ligero,3052,631,3428104,8,12,0,Inner Sphere,,2,1,,,,,,,,1,,,,,,,,,,,,,,,,,,,,,,,,,,,,,,,,,,,,,,,,,,,10,"5,0",80,2,Ferro Fibroso,Double,20,,11,16,XL Engine,Compra,NO
Koto KTO-2A Koto,25,Ligero,3057,977,3677604,8,12,0,Inner Sphere,,,,,,1,2,,,,,,,,,,,,,,,,,,,,,,,,,,,,,,,,,,,,,,,,,,,,,,,10,"5,0",80,2,Ferro Fibroso,Double,20,,12,13,XL Engine,Compra,NO
Koto KTO-3A Koto,25,Ligero,3062,806,3452604,8,12,0,Inner Sphere,,,1,2,,,,,,,1,,,,,,,,,,,,,,,,,,,,,,,,,,,,,,,,,,,,,,,,,,,10,"5,0",80,2,Ferro Fibroso,Double,20,,17,22,XL Engine,Compra,NO
Koto KTO-4A Koto,25,Ligero,3068,1073,3708854,8,12,0,Inner Sphere,,,,,,1,2,,,,,,,,,1,,,,,,,,,,,,,,,,,,,,,,,,,,,,,,,,,,,,,,10,"5,0",80,2,Ferro Fibroso,Double,20,,27,23,XL Engine,Compra,NO
Kraken-XR  Kraken-XR,100,Asalto,3073,3055,25878000,3,5,0,Clan,,,,,,,,1,,,,,,,,,,,,2,,,,,,,,,,,,,,,,,,,,,,,,,,,,,4,,,,,16,"19,0",304,2,Estandar,Single,16,,24,36,XL Engine,Compra,NO
Kyudo KY2-D-01 Kyudo,45,Medio,2443,748,3445620,4,6,0,Inner Sphere,,,,,1,,,,,,,,,,,,,,,1,,,,,,,,,,,,,,,,,,,,,,,,,,,,,,,,,,12,"6,3",101,2,Estandar,Single,12,,12,18,Primitive Fusion Engine,Compra,NO
Lament LMT-2R (Manes) Lament,65,Pesado,3141,2297,17182824,5,8,0,Mixed,,,,,,,,,,,,,2,,,2,,,,,,,,,,,,,,,,,,,,,,,,,,,,,,,,,,,,,,19,"13,2",211,2,Ferro Fibroso,Double,38,,44,40,XL Engine,Compra,NO
Legionnaire LGN-2X1 MUSE FIRE Legionnaire,50,Medio,3077,2032,11638000,7,11,0,Mixed,,,,,,,2,,,,,,,,,,,,,,,,,,,,,,,,,,,,,,,,,,,,,,,,,,,1,,,,10,"9,5",152,2,Estandar,Double,20,,11,15,XL Engine,Compra,NO
Liberator LIB-4T Liberator,40,Medio,3018,880,3203360,6,9,0,Inner Sphere,,,,,1,,,,,,,,,,,,,,2,,,,1,,,,,,,,,,,,,,,,,,,,,,,,,,,,,,,10,"6,5",104,2,Estandar,Single,10,,14,22,Fusion Engine,Compra,NO
Locust LCT-3D Locust,20,Ligero,3049,436,1653999,8,12,0,Inner Sphere,,,,,,,,,,,,,,,,,,,2,,,,,,,,,,,,,,,,,,,,,,,,,,,,,,,,,,,10,"2,8",44,2,Ferro Fibroso,Single,10,,4,10,Fusion Engine,Compra,NO
Longbow LGB-0C Longbow,85,Asalto,2480,1295,7840695,3,5,0,Inner Sphere,,,1,2,,,,,,,,,,,,,,,,,,2,,,,,,,,,,,,,,,,,,,,,,,,,,,,,,,,15,"9,0",144,2,Estandar,Single,15,,19,53,Primitive Fusion Engine,Compra,NO
Longshot LNG-1B Longshot,35,Ligero,3054,899,5720505,7,11,0,Inner Sphere,,,2,2,,,,,,,,,,,,,,,,,,,,,2,,,,,,,,,,,,,,,,,,,,,,,,,,,,,10,"6,0",96,2,Estandar,Double,20,,16,40,XL Engine,Compra,NO
Longshot LNG-2 Longshot,35,Ligero,3058,1215,6199830,7,11,0,Inner Sphere,,,,,,,,,,,,,,,,,,,,,,,,,2,,,,,,,,,,,,,,,,,,,,,,,,,,,,,10,"6,0",96,2,Estandar,Double,20,,8,24,XL Engine,Compra,NO
Longshot LNG-3 Longshot,35,Ligero,3062,955,18257505,7,11,0,Inner Sphere,,,,,,2,,,,,,,,,,,,,,,,,,,2,,,,,,,,,,,,,,,,,,,,,,,,,,,,,10,"6,0",96,2,Estandar,Double,20,,12,30,XXL Engine,Compra,NO
Longshot LNG-3C Longshot,35,Ligero,3064,971,18407505,7,11,0,Inner Sphere,,,,,,2,,,,,,,,,,,,,,,,,,2,,,,,,,,,,,,,,,,,,,,,,,,,,,,,,10,"6,0",96,2,Estandar,Double,20,,10,22,XXL Engine,Compra,NO
Longshot LNG-4 Longshot,35,Ligero,3068,1086,18277830,7,11,0,Inner Sphere,,,,,,,,,,,,,,,,,,,,,,,,,,,,2,,,,,,,,,,,,,,,,,,,,,,,,,,10,"6,0",96,2,Estandar,Double,20,,8,24,XXL Engine,Compra,NO
Mackie MSK-5S Mackie,100,Asalto,2439,1436,10042500,3,5,0,Inner Sphere,,,,,1,,,,,,,,,,1,,,,,,,,,,,,,,,,,,,,,,,1,,,,,,,,,,,,,,,,17,"13,4",214,2,Estandar,Single,17,,19,23,Primitive Fusion Engine,Compra,NO
Mad Cat III (Eve) Mad Cat III,55,Medio,3134,2393,12422350,6,9,0,Clan,,,,,,,2,,,,,,,,,1,,,,2,,,,,,,,,,,,,,,,,,,,,,,,,,,,,,,,,,14,"10,2",163,2,Ferro Fibroso,Double,28,,33,40,XL Engine,Compra,NO
Mad Cat III Eve Mad Cat III,55,Medio,3134,2393,12422350,6,9,0,Clan,,,,,,,2,,,,,,,,,1,,,,2,,,,,,,,,,,,,,,,,,,,,,,,,,,,,,,,,,14,"10,2",163,2,Ferro Fibroso,Double,28,,33,40,XL Engine,Compra,NO
Mad Cat III-X  Mad Cat III-X,55,Medio,3076,2232,13733925,6,9,0,Clan,,,,,,2,2,,,,,,,,,,,,,,,2,,,,,,,,,,,,,,,,,,,,,,,,,,,,,,,,10,"8,8",140,2,Ferro Fibroso,Double,20,,26,56,XL Engine,Compra,NO
Mantis MTS-L Mantis,30,Ligero,3064,1194,9449700,9,14,0,Inner Sphere,,,,,,,,,,4,,,,,,,,,,,,,,,,,,,,,,,,,,,,,,,,,,,,,,,,,,,,10,"6,1",98,2,Ferro Fibroso,Double,20,,16,24,XL Engine,Compra,NO
Mantis MTS-S Mantis,30,Ligero,3061,1128,5826210,9,14,0,Inner Sphere,,,,,,2,3,,,,,,,,,,,,,,,,,,,,,,,,,,,,,,,,,,,,,,,,,,,,,,,10,"5,6",89,2,Ferro Fibroso,Double,20,,19,21,XL Engine,Compra,NO
Mantis MTS-T Mantis,30,Ligero,3063,1312,6144710,9,14,0,Inner Sphere,,,,,,2,3,,,,,,,,,,,,,,,,,,,,,,,,,,,,,,,,,,,,,,,,,,,,,,,10,"6,1",98,2,Ferro Fibroso,Double,20,,19,21,XL Engine,Compra,NO
Mantis MTS-T2 Mantis,30,Ligero,3063,1380,6242210,9,14,0,Inner Sphere,,,,,,2,3,,,,,,,,,,,,,,,,,,,,,,,,,,,,,,,,,,,,,,,,,,,,,,,10,"6,5",104,2,Estandar,Double,20,,19,21,XL Engine,Compra,NO
Mantis MTS-T3 Mantis,30,Ligero,3063,1380,6242210,9,14,0,Inner Sphere,,,,,,2,3,,,,,,,,,,,,,,,,,,,,,,,,,,,,,,,,,,,,,,,,,,,,,,,10,"6,5",104,2,Estandar,Double,20,,19,21,XL Engine,Compra,NO
Mantis SA-MN Mantis,30,Ligero,3052,704,5581810,9,14,0,Inner Sphere,,,2,1,,,,,,,,,,,,,,,,,,,,,,,,,,,,,,,,,,,,,,,,,,,,,,,,,,12,"5,6",89,2,Ferro Fibroso,Double,24,,5,11,XL Engine,Compra,NO
Marauder II MAD-6S Marauder II,100,Asalto,3133,2546,18728500,3,5,3,Inner Sphere,,,,,,1,,,,2,,,,,,2,,,,,,,,,,,,,,,,,,,,,,,,,,,,,,,,,,,1,,,17,"19,0",304,2,Estandar,Double,34,,41,50,Light Fusion Engine,Compra,NO
Marauder MAD-SD (Douglass) Marauder,75,Pesado,3025,1459,6365500,4,6,0,Inner Sphere,,,,2,2,,,,,,,,,,,,,,,,,,,2,,,,,,,,,,,,,,,,,,,,,,,,,,,,,,21,"14,4",231,2,Estandar,Single,21,,28,42,Fusion Engine,Compra,NO
Mauler MAL-4X 'Todesbote' Mauler,90,Asalto,3070,1904,18889600,3,5,0,Inner Sphere,,,,,,,,,,,,,,,,,,,,,,,,,,,,,,,,,,,,,,,2,,,,,,,,,,,,,,,10,"13,5",216,2,Estandar,Double,20,,6,20,XL Engine,Compra,NO
Merlin MLN-SX Merlin,60,Pesado,3075,1181,11227200,4,6,4,Inner Sphere,,,,,,,,,,,,,,,,,,,,,,,,,,,,,,,,,,,,,,,,,,,,,,,,,,,,,,14,"11,0",176,2,Estandar,Double,28,,0,0,Light Fusion Engine,Compra,NO
Mongoose C Mongoose,25,Ligero,2835,1386,3856979,8,12,0,Clan,,,,,,1,2,1,,,,,,,,,,,,,,,,,,,,,,,,,,,,,,,,,,,,,,,,,,,,,,12,"5,4",86,2,Ferro Fibroso,Double,24,,24,21,XL Engine,Compra,NO
Mongoose Gunslinger MON-66GX Mongoose Gunslinger,25,Ligero,2766,887,5917416,8,12,0,Inner Sphere,,,,4,,,,,,,,,,,,,,,,,,,,,1,,,,,,,,,,,,,,,,,,,,,,,,,,,,,10,"5,6",89,2,Estandar,Double,20,,16,32,XL Engine,Compra,NO
Morpheus MR-P1 Morpheus,65,Pesado,3051,1340,16319510,6,9,6,Inner Sphere,,,,1,,,,,,2,,,,,,,,,,,,,,,,,,,,,,,,,,,,,,,,,,,,,,,,,,,,10,"13,0",208,2,Estandar,Double,20,,11,17,XL Engine,Compra,NO
Morpheus MRP-3S Morpheus,65,Pesado,3062,1437,16202762,6,9,6,Inner Sphere,,,,,,,3,,,,,,,,,,,,,,,,,,,,,,,,,,,,,,,,,,,,,,,,,,,,1,,,10,"13,0",208,2,Ferro Fibroso,Double,20,,16,30,XL Engine,Compra,NO
Morpheus MRP-3T Morpheus,65,Pesado,3064,1925,16718460,6,9,6,Inner Sphere,,,,,,,5,,,,,,,,,,,,,,,,,,,,,,,,,,,,,,,,,,,,,,,,,,,,,,,13,"13,0",208,2,Estandar,Double,26,,25,25,XL Engine,Compra,NO
Morpheus MRP-3W Morpheus,65,Pesado,3066,1299,16056737,6,9,6,Inner Sphere,,,,,,,2,,,,,,,,,,,,,,,,,,,,,,,,,,,,,,,,,,,,,,,,,,,,1,,,10,"12,4",198,2,Ferro Fibroso,Double,20,,11,25,XL Engine,Compra,NO
Nightstar NSR-9J (Brubaker) Nightstar,95,Asalto,3058,2838,20211727,3,5,0,Mixed,,,,,,1,,,,,3,,,,,,,,,,,,,,,,,,,,,,,,,,,,,,,,,,,,,,,,2,,,14,"18,3",293,2,Estandar,Double,28,,34,60,XL Engine,Compra,NO
No-Dachi NDA-3X No-Dachi,70,Pesado,3075,2609,24110711,5,8,0,Mixed,,,,,,1,1,,,,,,,,,1,,,,,2,,,,,,,,,,,,,,,,,,,,,,,,,,,,,,,,,15,"13,6",217,2,Ferro Fibroso,Double,30,,32,48,XL Engine,Compra,NO
Onslaught SA-OS Onslaught,75,Pesado,3052,1562,18599937,5,8,5,Inner Sphere,,6,,,1,,,,,,,,,,,,,,,,,,,,2,,,,,,,,,,,,,,,,,1,,,,,,,,,,,,10,"12,0",192,2,Estandar,Double,20,,17,49,XL Engine,Compra,NO
Onslaught SA-OS2 Onslaught,75,Pesado,3062,1693,20017187,5,8,5,Inner Sphere,,6,,,,,,,,,,,,,,,,,,,,,,,2,,,,,,,,,,,,,,,,,,,,,,,,,,,,,10,"12,0",192,2,Estandar,Double,20,,8,36,XL Engine,Compra,NO
Onslaught SA-OS3 Onslaught,75,Pesado,3062,1659,18892937,5,8,5,Inner Sphere,,6,,,,,,,,,,,,,,,,,,,,,,,2,,,,,,,,,,,,,,,,,,1,,,,,,,,,,,10,"12,3",197,2,Ferro Fibroso,Double,20,,12,46,XL Engine,Compra,NO
Orion IIC (Burton) Orion IIC,75,Pesado,3105,2746,17567500,4,6,4,Clan,,,,,,,,2,,,,,,,,,,,,,1,,,,,,,,,,,,1,,,,,,,,,,,,,,,,,,,,,15,"14,4",231,2,Ferro Fibroso,Double,30,,31,37,XL Engine,Compra,NO
Orion ON1-C Orion,75,Pesado,2453,973,6580125,4,6,0,Inner Sphere,,,,2,,,,,,,,,,,,,,,,,,,,,,,,,,,,,,,,,,1,,,,,,,,,,,,,,,,10,"9,7",155,2,Estandar,Single,10,,7,15,Primitive Fusion Engine,Compra,NO
Orion ON1-H Orion,75,Pesado,2456,1307,5730250,3,5,0,Inner Sphere,,,,2,,,,,,,,,,,,,,,2,,,,,1,,,,,,,,,,,,,,,1,,,,,,,,,,,,,,,10,"14,1",225,2,Estandar,Single,10,,16,38,Primitive Fusion Engine,Compra,NO
Orion ON3-MX Orion,75,Pesado,3075,1849,15707500,4,6,0,Inner Sphere,,,,,,,2,,,,,,,,,,,,,1,,,,,,,,,,,,,,,,,,,,,,,,,,,,,,,,1,,10,"14,4",231,2,Estandar,Double,20,,15,45,XL Engine,Compra,NO
Ostroc OSR-2C (Michi) Ostroc,60,Pesado,3028,1321,5019960,4,6,4,Inner Sphere,,,,2,2,,,,,,,,,,,,,,,,,,,,1,,,,,,,,,,,,,,,,,,,,,,,,,,,,,15,"11,5",184,2,Estandar,Single,15,,26,38,Fusion Engine,Compra,NO
Ostscout IIC  Ostscout IIC,35,Ligero,3063,520,30125610,11,17,11,Mixed,,,,,,,,,,,,,,,,,,,,,,,,,,,,,,,,,,,,,,,,,,,,,,,,,,,,,,10,"2,4",38,2,Ferro Fibroso,Double,20,,0,0,XXL Engine,Compra,NO
Pack Hunter II (Isis) Pack Hunter II,30,Ligero,3133,1276,5147840,7,11,7,Clan,,,,,,,,,,2,,,,,,,,,,,,,,,1,,,,,,,,,,,,,,,,,,,,,,,,,,,,,10,"6,0",96,2,Ferro Fibroso,Double,20,,12,24,XL Engine,Compra,NO
Paladin PAL-1 Paladin,60,Pesado,3053,1361,5697800,5,8,0,Inner Sphere,,7,,,,,,,,,1,,,,,,,,,,,,,,1,2,,,,,,,,,,,,,,,,,,,,,,,,,,,,10,"12,3",197,2,Ferro Fibroso,Double,20,,18,43,Fusion Engine,Compra,NO
Paladin PAL-2 Paladin,60,Pesado,3068,1617,52400600,6,9,6,Inner Sphere,,,,,,,,,,,,,,,,,,,,,,,,,,,1,1,,,,,,,,,,,,,,,,,,,,,1,,,,,11,"12,6",201,2,Ferro Fibroso,Double,22,,8,22,XXL Engine,Compra,NO
Paladin PAL-3 Paladin,60,Pesado,3068,1370,51458600,6,9,0,Inner Sphere,,4,,,,,,,,,,,,,,,,,,,,,,,,,,,,,,,,,,,,,,,,,,1,,,,,,,,,,10,"11,8",188,2,Ferro Fibroso,Double,20,,8,28,XXL Engine,Compra,NO
Pandarus LFA-1X Pandarus,75,Pesado,3078,1486,7848750,4,6,0,Inner Sphere,,,,,,,1,,,,,,,,,,,,,3,,,,,,,,,,,,,,,,,,,,,,,,,,,,,,,,,,10,"13,0",208,2,Estandar,Double,20,,17,35,Fusion Engine,Compra,NO
Pathfinder PFF-2 Pathfinder,25,Ligero,3075,452,1842500,6,9,0,Inner Sphere,,,,,,,1,,,,,,,,,,,,,,,,,,,,,,,,,,,,,,,,,,,,,,,,,,,,,,,10,"4,0",64,2,Estandar,Single,10,,5,5,Primitive Fusion Engine,Compra,NO
Patron MilitiaMech PTN-2 Patron MilitiaMech,15,Ligero,3076,143,783458,2,3,0,Inner Sphere,,4,,,,,,,,,,,,,,,,,,,,,,,,,,,,,,,,,,,,,,,,,,,,,,,,,,,,1,"1,5",24,2,Estandar,Single,1,,0,8,Fuel-Cell Engine,Compra,NO
Peacemaker PM6 Peacemaker,35,Ligero,3070,426,1820657,4,6,0,Inner Sphere,,1,,,,,,,,,,,,,,,,,,,,,1,,,,,,,,,,,,,,,,,,,,,,,,,,,,,,,10,"6,0",96,2,Estandar,Single,10,,2,6,Fusion Engine,Compra,NO
Pendragon PDG-1X MUSE RED Pendragon,95,Asalto,3072,2230,22988725,3,5,0,Mixed,,,,,,,3,,,,,,,,,1,,,,,,2,,,,,,,,,,,,,,,,,,,,,,,,,,,,,,,,13,"17,4",278,2,Ferro Fibroso,Double,26,,42,65,XL Engine,Compra,NO
Penthesilea PEN-3H Penthesilea,75,Pesado,3129,1666,10769687,3,5,3,Inner Sphere,,3,,3,,,,,,,,,,,,,,,,,,,,,,,,,,,,,,,,,,,,,,,,,,,,,,,,,,10,"14,4",231,2,Ferro Fibroso,Double,20,,9,21,Compact Fusion Engine,Compra,NO
Pillager PLG-4X 'Anvil' Pillager,100,Asalto,3077,1927,19208000,3,5,0,Inner Sphere,,,,,,,,,,,,,,,,,,,,,,,,,,,,,,,,,,,,,,,,,,,,,,,,,,,,,,14,"17,0",272,2,Estandar,Double,28,,0,0,Light Fusion Engine,Compra,NO
Pompier GM-FL FireMech Pompier,15,Ligero,3076,88,1397371,4,6,0,Inner Sphere,1,2,,,,,,,,,,,,,,,,,,,,,,,,,,,,,,,,,,,,,,,,,,,,,,,,,,,,10,"0,8",12,2,Estandar,Single,10,,3,6,Fusion Engine,Compra,NO
Porcupine PRC-1N Porcupine,20,Ligero,3063,870,4770390,9,14,0,Inner Sphere,,,,4,,,,,,,,,,,,,,,,,,,,,,,,,,,,,,,,,,,,,,,,,,,,,,,,,,10,"3,9",62,2,Ferro Fibroso,Single,10,,12,20,XL Engine,Compra,NO
Porcupine PRC-2N Porcupine,20,Ligero,3067,901,6870140,8,12,0,Inner Sphere,,,,4,,1,2,,,,,,,,,,,,,,,,,,,,,,,,,,,,,,,,,,,,,,,,,,,,,,,10,"4,3",69,2,Estandar,Double,20,,24,33,XXL Engine,Compra,NO
Prefect PRF-1C Prefect,75,Pesado,3133,1857,21906937,5,8,0,Inner Sphere,,,,,,,2,,,,,,,,,1,1,,,,,,,,,,,,,,,,,,,,,,,,,,,,,,,,,,,,,16,"13,4",215,2,Ferro Fibroso,Double,32,,35,30,Light Fusion Engine,Compra,NO
Prometheus  Prometheus,75,Pesado,3053,2401,19911500,5,8,0,Mixed,,6,,,,,,,,1,1,,,,,1,,,,,2,,,,2,,,,,,,,,,,,,,,,,,,,,,,,,,,,,13,"12,9",206,2,Ferro Fibroso,Double,26,,47,91,XL Engine,Compra,NO
Prowler PWR-1X Prowler,55,Medio,3068,2019,56867381,7,11,7,Mixed,,,,,,,,,2,2,1,,,,,,,,,,,,,,,,,,,,,,,,,,,,,,,,,,,,,,,,,,,12,"11,6",185,2,Ferro Fibroso,Double,24,,22,27,XXL Engine,Compra,NO
Prowler PWR-1X1 Prowler,55,Medio,3068,1922,49874431,7,11,0,Mixed,,,,,,,,2,,,,,,,,,,,,,,,,2,,,,,,,,,,,,,,,,,,,,,,,,,,,,,,17,"11,6",185,2,Ferro Fibroso,Double,34,,30,32,XXL Engine,Compra,NO
Quickdraw QKD-8X Quickdraw,60,Pesado,3073,1612,9903360,5,8,0,Inner Sphere,,,,2,,,,,,,,,,,1,,,,,,,,,,,,,,,,,,,,,,,,,,,,,,,,,,,,,,,12,"12,0",192,2,Furtivo,Single,12,,16,20,Fusion Engine,Compra,NO
Rampage RMP-4G (Benboudaoud) Rampage,85,Asalto,2766,1751,20729938,4,6,0,Inner Sphere,1,,,2,,,,,,,1,,,,,,,,,,,1,,1,,,,,,,,,,,,,,,,,,,,,,,1,,,,,,,13,"16,4",263,2,Estandar,Double,26,,30,59,XL Engine,Compra,NO
Raven X RVN-3X Raven X,35,Ligero,3078,1021,7723625,6,9,0,Inner Sphere,,,,,,,,,,,,,,,,,,,,,,,,,,,,,,1,,,,,,,,,,,,,,,,,,,,,,,,10,"5,6",89,2,Ferro Fibroso,Double,20,,6,20,XL Engine,Compra,NO
Rhino  Rhino,50,Medio,3140,2056,10488112,6,9,0,Mixed,,,,,,,5,,,,,,,,,,,,,,,,,,,,,,,,,,,,,,,,,,,,,,,,,,,,,,,12,"10,8",172,4,Ferro Fibroso,Double,24,,25,25,XL Engine,Compra,NO
Rifleman II RFL-3N-2 (Kataga) Rifleman II,80,Asalto,2766,1991,18430000,4,6,4,Inner Sphere,,,,2,,,,,,,2,,,,,,,,,,,,,,,,,,,,,,,,,,,,,,,,,,,,,,,,1,,,14,"15,0",240,2,Estandar,Double,28,,27,43,XL Engine,Compra,NO
Rifleman III RF2-A Rifleman III,90,Asalto,2776,1819,15908800,2,3,0,Inner Sphere,,,,,,,,,,,,,,,,,,,,,,,,,,,,,,,,,,,,,,,,,,,,,,,,,,,4,,,10,"10,5",168,2,Estandar,Single,10,,4,60,XL Engine,Compra,NO
Rifleman RFL-1N Rifleman,50,Medio,2504,931,3609750,4,6,0,Inner Sphere,,,,2,2,,,,,,,,,,,,,,,,,,,,,,,,,,,,,,,,,,,,,,,,,,,,,,,,,12,"7,7",123,2,Estandar,Single,12,,22,26,Primitive Fusion Engine,Compra,NO
Rifleman RFL-2N Rifleman,50,Medio,2556,1093,3643000,4,6,0,Inner Sphere,,,,4,,,,,,,,,,,2,,,,,,,,,,,,,,,,,,,,,,,,,,,,,,,,,,,,,,,16,"7,5",120,2,Estandar,Single,16,,32,40,Fusion Engine,Compra,NO
Rifleman RFL-X3 MUSE WIND Rifleman,60,Pesado,3076,2012,11344000,4,6,4,Mixed,,,,,,,,,,2,,,,,,,,,,,,,,,,,,,,,,,,,,,,,,,,,,,,,,,,,,,,10,"12,6",201,2,Ferro Fibroso,Double,20,,8,12,XL Engine,Compra,NO
Roadrunner RD-1R Roadrunner,15,Ligero,2920,888,2689850,14,21,0,Clan,,,,,,,2,,,,,,,,,,,,,,,,,,,,,,,,,,,,,,,,,,,,,,,,,,,,,,,10,"1,8",28,2,Ferro Fibroso,Double,20,,10,10,XL Engine,Compra,NO
Ronin SA-RN Ronin,50,Medio,3051,1084,8874800,5,8,0,Inner Sphere,,,,,,,,,,,1,,,,,,,,,,,,,4,,,,,,,,,,,,,,,,,,,,,,,,,,,,,,10,"9,5",152,2,Estandar,Double,20,,22,41,XL Engine,Compra,NO
Ronin SA-RN7 Ronin,50,Medio,3063,1180,8269175,5,8,0,Inner Sphere,,,,,,1,,,,,1,,,,,,,,,2,,,,,,,,,,,,,,,,,,,,,,,,,,,,,,,,,,10,"10,6",169,2,Ferro Fibroso,Double,20,,20,32,XL Engine,Compra,NO
Rook-X NH-1B Rook-X,55,Medio,3077,1187,3927131,3,5,0,Inner Sphere,,,,2,,2,2,,,,,,,,,1,,,,,,,,,,,,,,,,,,,,,,,,,,,,,,,,,,,,,,16,"10,0",160,2,Estandar,Single,16,,35,36,Primitive Fusion Engine,Compra,NO
Sarissa MN1-D Sarissa,50,Medio,3080,850,3588875,4,6,0,Inner Sphere,,1,1,1,,,,,,,,,,,,,,,,,,,,,,,,,,,,,,,,,,,,,,,,,,,,,,,,,,14,"6,7",107,2,Estandar,Single,14,,4,10,Primitive Fusion Engine,Compra,NO
Sasquatch SQS-TH-001 Sasquatch,85,Asalto,3054,1940,20187725,4,6,4,Inner Sphere,,2,1,,,,,,,4,,,,,,,,,,,,,,,1,,,,,,,,,,,,,,,,,,,,,,,,,,1,,,14,"15,5",248,2,Estandar,Double,28,,22,58,XL Engine,Compra,NO
Sasquatch SQS-TH-002 Sasquatch,85,Asalto,3065,1993,184702159,5,8,0,Inner Sphere,,,1,,,,,,,,,,,,,,,,,,,,,,,,,,,,,,,,,,,,,,,,,,,,,,,,1,,,10,"16,4",263,2,Estandar,Double,20,,2,18,XXL Engine,Compra,NO
Sasquatch SQS-TH-003 Sasquatch,85,Asalto,3068,1667,188711346,5,8,8,Inner Sphere,,,1,,,,,,,,1,,,,,,,,,,,,,,,,,,,,,,,,,,,,,,,,,,,,,,,,,,,13,"15,5",248,2,Estandar,Double,26,,11,12,XXL Engine,Compra,NO
Shadow Hawk SHD-1R Shadow Hawk,50,Medio,2457,851,3609000,4,6,3,Inner Sphere,,,,1,,,,,,,,,,,,,,,,,,,,,,,,,,,,,,,,,,1,,,,,,,,,,,,,,,,10,"9,4",150,2,Estandar,Single,10,,4,10,Primitive Fusion Engine,Compra,NO
Shootist ST-6KKK Shootist,70,Pesado,3025,1342,5882903,4,6,0,Inner Sphere,,,,2,1,,,,,,,,,,,,,,,,,,,,,,,,,,,,,,,,,,,1,,,,,,,,,,,,,,16,"12,0",192,2,Estandar,Single,16,,21,38,Fusion Engine,Compra,NO
Silver Fox SVR-5X Silver Fox,35,Ligero,3065,1432,26081380,9,14,0,Inner Sphere,,,,,,1,2,,,,,,,,,,,,,,,,,,,,,,,,,,,,,,,,,,,,,,,,,,,,5,,,10,"7,0",112,2,Estandar,Double,20,,17,88,XXL Engine,Compra,NO
Silver Fox SVR-5Y Silver Fox,35,Ligero,3067,1316,5075380,7,11,0,Inner Sphere,,,,,,1,2,,,,,,,,,,,,,,,,,,,,,,,,,,,,,,,,,,,,,,,,,,,,5,,,10,"7,0",112,2,Estandar,Double,20,,17,88,Light Fusion Engine,Compra,NO
'Slagmaiden' SLG-X 'Slagmaiden',55,Medio,3076,1602,16963570,6,9,0,Mixed,2,,,,,,,,,,,,,1,,,,,,,,,,,,2,,,,,,,,,,,,,,,,,,,,,,,,,,,,14,"10,5",168,2,Estandar,Double,28,,28,28,XL Engine,Compra,NO
Snow Fox (Omni) Snow Fox,20,Ligero,3140,1464,4190000,8,12,0,Clan,4,,,,,,3,1,,1,,,,,,,,,3,,,,,,,,,,,,,,,,,,,,,,,,,,,,,,,,,,,10,"4,6",73,4,Ferro Fibroso,Double,20,,49,52,XL Engine,Compra,NO
Spatha SP1-X Spatha,60,Pesado,3067,2222,52656560,6,9,0,Inner Sphere,,,,,,,,,,,,,,,,1,,,,,,,,,,,,1,,,,,,,,,,,,,,,,,,,,,,,,,,13,"11,0",176,2,Estandar,Double,26,,19,22,XXL Engine,Compra,NO
Spatha SP2-X 'Warlord' Spatha,60,Pesado,3069,1973,55074880,6,9,0,Inner Sphere,,,,,,,,1,,,,,,,,,,,,,,,,,,,,,,,,,,,,,,,,,,,,,,,,,,,,,,13,"11,5",184,2,Estandar,Double,26,,12,8,XXL Engine,Compra,NO
Spindrift SDT-1 Aquatic SecurityMech Spindrift,30,Ligero,3069,441,1803760,4,6,4,Inner Sphere,,,,,,1,,,,,,,,,,,,,,,,,,,,,,,,,,,,,,,,,,,,,,,,,,,,,,,,10,"4,0",64,2,Estandar,Single,10,,2,3,Fusion Engine,Compra,NO
Stalker STK-3F (Jagawen) Stalker,85,Asalto,3028,1570,7255125,3,5,0,Inner Sphere,,,,4,2,,,,,,,,,,,,,,,,,,,,4,,,,,,,,,,,,,,,,,,,,,,,,,,,,,26,"13,5",216,2,Estandar,Single,26,,44,84,Fusion Engine,Compra,NO
Stealth STH-5X Stealth,45,Medio,3076,2155,11966040,7,11,7,Mixed,2,,,,,,3,,,,,,,,,,,,,,,,,,,,,1,,,,,,,,,,,,,,,,,,,,,,,,,,10,"8,9",143,2,Ferro Fibroso,Double,20,,25,31,XL Engine,Compra,NO
Stiletto STO-6X Stiletto,35,Ligero,3078,1199,7328160,7,11,0,Inner Sphere,,,,,,,4,,,,,,,,,,,,,,,,,,,,,,,,,,,,,,,,,,,,,,,,,,,,,,,10,"7,2",116,2,Ferro Fibroso,Double,20,,20,20,Fusion Engine,Compra,NO
Super Griffin GRF-2N-X Super Griffin,60,Pesado,0,1269,6563760,4,6,6,Inner Sphere,,,1,1,,,,,,,,,,,1,,,,,1,,,,,,,,,,,,,,,,,,,,,,,,,,,,,,,,,,10,"10,0",160,2,Estandar,Single,10,,18,28,Fusion Engine,Compra,NO
Super Wasp WSP-2A-X Super Wasp,25,Ligero,3020,635,3835750,6,9,6,Inner Sphere,,,,2,,,,,,,,,,,,,,,,,,,1,,,,,,,,,,,,,,,,,,,,,,,,,,,,,,,10,"4,0",64,2,Estandar,Single,10,,8,14,Fusion Engine,Compra,NO
Surtur SUR-T1 Surtur,55,Medio,3140,1203,16141265,6,9,0,Inner Sphere,7,,,,,,,,,,,,,,,,,,,,,,,,2,,,,,,,,,,,,,,,,,,,,,,,,,,,,,12,"11,6",185,2,Estandar,Double,24,,29,38,XL Engine,Compra,NO
Swordsman SWD-1 Swordsman,40,Medio,2463,692,2280193,3,5,0,Inner Sphere,,,,2,,,,,,,,,,,,,,,1,,,,,,,,,,,,,,,,,,,1,,,,,,,,,,,,,,,,10,"6,7",107,2,Estandar,Single,10,,9,20,Primitive Fusion Engine,Compra,NO
Swordsman SWD-2 Swordsman,40,Medio,2482,803,2693943,4,6,0,Inner Sphere,,,1,2,,,,,,,,,,,,,,,1,,,,,1,,,,,,,,,,,,,,1,,,,,,,,,,,,,,,,10,"7,5",120,2,Estandar,Single,10,,13,31,Fusion Engine,Compra,NO
Tessen TSN-X-4 Tessen,50,Medio,3074,1263,12017500,6,9,0,Inner Sphere,,,,,,,,,,1,,,,,,1,,,,,,,,,,,,,,,,,,,,,,,,,,,,,,,,,,,,,,11,"9,5",152,2,Ferro Fibroso,Double,22,,19,16,XL Engine,Compra,NO
Thresher (Edward) Thresher,60,Pesado,3058,2104,13145800,5,8,5,Mixed,,,,,,,3,,,,,,,,,,,,,,,,,,,,,,,1,,,,,,,,,,,,,1,,,,,,,,,,,12,"9,5",152,2,Estandar,Double,24,,25,45,XL Engine,Compra,NO
Thug Jose THG-11ECX Thug Jose,80,Asalto,2772,1720,21489600,4,6,4,Inner Sphere,,,,,,,,2,,,,,,,,,,,,,,,,,5,,,,,,,,,,,,,,,,,,,,,,,,,,,,,14,"14,5",232,2,Estandar,Double,28,,44,76,XL Engine,Compra,NO
Thunderbolt TDR-1C Thunderbolt,65,Pesado,2491,1237,4830810,3,5,0,Inner Sphere,,2,,3,1,,,,,,,,,,,,,,,,1,,1,,,,,,,,,,,,,,,,,,,,,,,,,,,,,,,10,"12,7",203,2,Estandar,Single,10,,24,46,Primitive Fusion Engine,Compra,NO
Thunderbolt TDR-5S-T (Tallman) Thunderbolt,65,Pesado,3025,1447,5303210,4,6,0,Inner Sphere,,,,8,1,,,,,,,,,,,,,,,,,,,,,,,,,,,,,,,,,,,,,,,,,,,,,,,,,23,"13,0",208,2,Estandar,Single,23,,32,48,Fusion Engine,Compra,NO
Ti Ts&apos;ang TSG-9DDC DDC Ti Ts&apos;ang,60,Pesado,3083,2013,21113280,6,9,6,Inner Sphere,,,,,,,5,,,,,,,,,,,,,,,,,,,,,,,,,,,,,,,,,,,,,,,,,,,,,,,10,"11,5",184,2,Estandar,Double,20,,25,25,XL Engine,Compra,NO
Tian-Zong TNZ-N3 (Jasminda) Tian-Zong,75,Pesado,3111,1826,18023750,4,6,0,Inner Sphere,,,,,,,2,,,,,,,,,1,,,,,,,,,,,,,,,,,,,,,,,,,,,,,,,,,,,2,,,13,"13,5",216,2,Furtivo,Double,26,,27,50,XL Engine,Compra,NO
Tolva  Tolva,40,Medio,3140,1449,3121066,5,8,5,Clan,,,,,,,3,,,,,,,,,,,,,,,,,,,,,,,,,,,,,,,,,,,,,,,,,,,,,,,18,"9,5",152,4,Estandar,Single,18,,15,15,Fusion Engine,Compra,NO
Trebuchet TBT-XK7 Trebuchet,50,Medio,3081,1549,9851000,5,8,5,Inner Sphere,1,,,,,,1,,,1,,,,,,,,,,,,,,,,,,2,,,,,,,,,,,,,,,,,,,,,,,,,,10,"10,5",168,2,Estandar,Double,20,,20,37,XL Engine,Compra,NO
Trooper TP-1R Trooper,20,Ligero,2475,236,1295700,6,9,0,Inner Sphere,1,1,2,,,,,,,,,,,,,,,,,,,,,,,,,,,,,,,,,,,,,,,,,,,,,,,,,,,10,"2,0",32,2,Estandar,Single,10,,5,10,Primitive Fusion Engine,Compra,NO
Tsunami TS-P1 Tsunami,40,Medio,3052,933,3695560,6,9,6,Inner Sphere,,2,,2,,,,,,,,,,,,,,,,,,,,,,1,,,,,,,,,,,,,,,,,,,,,,,,,,,,10,"8,5",136,2,Estandar,Double,20,,8,18,Fusion Engine,Compra,NO
Tsunami TS-P1D Tsunami,40,Medio,3063,1298,4671360,6,9,4,Inner Sphere,,,,,,,3,,,,,,,,,,,,,,,,,,,,1,,,,,,,,,,,,,,,,,,,,,,,,2,,,10,"7,8",125,2,Ferro Fibroso,Double,20,,20,53,Fusion Engine,Compra,NO
Ursus-PR  Ursus-PR,50,Medio,3074,1194,5967100,4,6,0,Mixed,1,,,,,,,,,,,,2,,,,,,,,,,,,,,,,,,,,,,,,,,,,,,,,,,,,,,3,,,10,"10,2",163,2,Ferro Fibroso,Double,20,,20,67,Fusion Engine,Compra,NO
Valiant VAL-NT-JX 'Hot Knife' Valiant,30,Ligero,3076,989,6848140,7,11,0,Inner Sphere,,,,,,,3,,,,,,,,,,,,,,,,,,,,,,,,,,,,,,,,,,,,,,,,,,,,,,,10,"6,5",104,2,Estandar,Double,20,,15,15,Light Fusion Engine,Compra,NO
Valiant VLT-3E Valiant,30,Ligero,3098,1019,5067200,7,11,0,Inner Sphere,,,,,,,3,,,,,,,,,,,,,,,,,,,,,,,,,,,,,,,,,,,,,,,,,,,,,,,10,"6,6",105,2,Ferro Fibroso,Double,20,,15,15,XL Engine,Compra,NO
Vanquisher VQR-7V (Pavuil) Vanquisher,100,Asalto,3072,2073,14667000,3,5,0,Inner Sphere,,,,,,,2,,,,,,,,,,,,,,,,,,,,,,,,,,,,,,,,,,,,,,,,,,,,1,,,15,"19,0",304,2,Estandar,Double,30,,11,25,Fusion Engine,Compra,NO
Victor VTR-9B (Li) Victor,80,Asalto,3028,1625,8229120,4,6,4,Inner Sphere,,,,10,,,,,,,,,,,,,,,,,1,,,,,,,,,,,,,,,,,,,,,,,,,,,,,,,,,19,"11,5",184,2,Estandar,Single,19,,35,65,Fusion Engine,Compra,NO
Vindicator VND-3LD Dao Vindicator,45,Medio,3078,1639,8329640,4,6,4,Mixed,,,,,,,,,,,,,,,,1,,,,,,,,,,,,,,,,,,,,,,,,,,,,,,,,,,,,,,10,"9,6",153,2,Ferro Fibroso,Double,20,,15,10,Compact Fusion Engine,Compra,NO
Volkh VKH-1 Volkh,45,Medio,3063,1635,26757315,5,8,0,Inner Sphere,,,,,,,4,,,,,,,,,,,,,,,,,1,,,,,,,,,,,,,,,,,,,,,,,,,,,,,,10,"8,8",140,2,Estandar,Double,20,,23,28,XXL Engine,Compra,NO
Volkh VKH-7 Volkh,45,Medio,3066,1578,26599815,5,8,0,Inner Sphere,,,,,,,1,1,,,,,,,,,,,,,,,,,,,,,,,,,,,,,,,,,,,,,,,,,,,,,,10,"8,8",140,2,Estandar,Double,20,,17,13,XXL Engine,Compra,NO
Warhammer WHM-6K (Yorinaga) Warhammer,70,Pesado,2830,1305,6040183,4,6,0,Inner Sphere,,,2,2,,,,,,,,,,,2,,,,,,,,,,1,,,,,,,,,,,,,,,,,,,,,,,,,,,,,20,"10,0",160,2,Estandar,Single,20,,32,48,Fusion Engine,Compra,NO
Warlord BLR-2XC Warlord,75,Pesado,3075,1844,20070750,4,6,0,Inner Sphere,,,,,,,6,,,,,,,,,2,,,,,,,,,,,,,,,,,,,,,,,,,,,,,,,,,,,,,,17,"14,0",224,2,Estandar,Double,34,,60,50,XL Engine,Compra,NO
Wasp WSP-1 Wasp,20,Ligero,2464,314,1388520,5,8,5,Inner Sphere,,,,1,,,,,,,,,,,,,,,,,,,,,,,,,,,,,,,,,,,,,,,,,,,,,,,,,,10,"2,3",37,2,Estandar,Single,10,,3,5,Primitive Fusion Engine,Compra,NO
Werewolf WER-LF-004 Werewolf,40,Medio,3056,802,5203426,5,8,4,Inner Sphere,,2,,,,,,,2,1,,,,,,,,,,,,,,,1,,,,,,,,,,,,,,,,,,,,,,,,,,,,,16,"8,5",136,2,Estandar,Double,32,,12,28,XL Engine,Compra,NO
Werewolf WER-LF-005 Werewolf,40,Medio,3060,1082,7345826,5,8,2,Inner Sphere,,,,,,,,,,,,,,,,,,,,,,,,,,,,1,,,,,,,,,,,,,,,,,,,,,,,2,,,13,"8,0",128,2,Estandar,Double,26,,6,42,XL Engine,Compra,NO
Whitworth WTH-5S Whitworth,40,Medio,3074,1230,7843133,4,6,4,Inner Sphere,,,,,,,,,,,,,,,,,,,,,,,,,,,,2,,,,,,,,,,,,,,,,,,,,,,,,,,10,"8,0",128,2,Estandar,Double,20,,8,24,XL Engine,Compra,NO
Wight WGT-4NC 'Dezgra' Wight,35,Ligero,3074,1578,9933210,8,12,7,Mixed,,,,,,,,,,1,1,,,,,,,,,,,,,,,,,,,,,,,,,,,,,,,,,,,,,,,,,,,10,"7,2",115,2,Ferro Fibroso,Double,20,,14,15,XL Engine,Compra,NO
Wildfire P1-WF Wildfire,65,Pesado,3053,1292,16197280,6,9,0,Inner Sphere,,2,,,,,,,1,1,1,,,,,,,,,,,,,,,2,,,,,,,,,,,,,,,,,,,,,,,,,,,,13,"12,3",197,2,Ferro Fibroso,Double,26,,20,30,XL Engine,Compra,NO
Wolf Trap (Tora) WFT-2X 'Bear Trap' Wolf Trap (Tora),45,Medio,3075,1211,7993607,6,9,0,Inner Sphere,,,,,,,,,,,,,,,,,,,,,,,,,,,,,,,,,,,,,,,,,,,,,,,,,,,,,,10,"8,9",143,2,Ferro Fibroso,Double,20,,0,0,XL Engine,Compra,NO
Wolf Trap WFT-2X 'Bear Trap' Wolf Trap,45,Medio,3075,1211,7993607,6,9,0,Inner Sphere,,,,,,,,,,,,,,,,,,,,,,,,,,,,,,,,,,,,,,,,,,,,,,,,,,,,,,10,"8,9",143,2,Ferro Fibroso,Double,20,,0,0,XL Engine,Compra,NO
Wolfhound WLF-2X Wolfhound,35,Ligero,3072,1842,8528692,6,9,0,Inner Sphere,,,,,,1,2,,,,,,,,,,,1,,,,,,,,,,,,,,,,,,,,,,,,,,,,,,,,,,,,10,"7,4",119,2,Estandar,Double,20,,27,28,XL Engine,Compra,NO
Wolverine WVR-3R Wolverine,55,Medio,2490,867,4295498,4,6,4,Inner Sphere,,,,1,,,,,,,,,,,,,,,,,,,,,1,,,,,,,,,,,,,1,,,,,,,,,,,,,,,,10,"7,7",123,2,Estandar,Single,10,,8,22,Primitive Fusion Engine,Compra,NO
Wraith TR2-X 'Alexander' Wraith,55,Medio,3076,1816,13806573,7,11,7,Mixed,,,,,,,2,,,,,,,,,,1,,,,,,,,,,,,,,,,,,,,,,,,,,,,,,,,,,,,,10,"10,2",163,2,Ferro Fibroso,Double,20,,20,20,XL Engine,Compra,NO
Wyvern City WVN-5UX Wyvern City,45,Medio,2685,1273,6975140,4,6,4,Inner Sphere,,,,,,,,1,,,,,,,,,,,,,,,,,2,,,,,,,,,,,,,,,,,,,,,,,,,,,,,10,"9,5",152,2,Estandar,Double,20,,20,32,Fusion Engine,Compra,NO
Yu Huang (Carson) Yu Huang,90,Asalto,3134,2464,23505100,4,6,0,Inner Sphere,,,,,,,4,,,,,,,,2,,,,,,,,,,,,,,,,,,,,,,,,,,,,,,,,,,,,2,,,10,"16,5",264,2,Estandar,Double,20,,42,70,XL Engine,Compra,NO
Yu Huang Carson Yu Huang,90,Asalto,3134,2464,23505100,4,6,0,Inner Sphere,,,,,,,4,,,,,,,,2,,,,,,,,,,,,,,,,,,,,,,,,,,,,,,,,,,,,2,,,10,"16,5",264,2,Estandar,Double,20,,42,70,XL Engine,Compra,NO
Zeus (Leonidas) Zeus,80,Asalto,3056,1878,18161200,4,6,0,Inner Sphere,,,,,,,,1,,2,,,,,,,,,,,,1,,,,,,,,,,,,,,,,,,,,,,,,,,,,,1,,,12,"13,9",223,2,Ferro Fibroso,Double,24,,27,55,XL Engine,Compra,NO
Zeus ZEU-6Y Zeus,80,Asalto,2922,1323,7491300,4,6,0,Inner Sphere,,,,,,,,,,,,,,,,,,,,1,,,,,,,,,,,,,,,,,,1,,,,,,,,,,,,,,,,17,"11,5",184,2,Estandar,Single,17,,5,15,Fusion Engine,Compra,NO
